sku_id,warehouse_id,final_action,transfer_recommended,transfer_role,transfer_in_quantity,transfer_out_quantity,expiry_transfer_out_quantity,source_warehouses,destination_warehouses,reorder_quantity,risk_status,risk_reason,e1_threshold_alert,e1_reason,expiry_risk,expiry_reason,potential_expiry_excess,near_expiry_quantity,current_stock,expired_stock,usable_stock_before,usable_stock_after,min_threshold,safety_stock,capacity,lead_time_days,average_daily_demand,lead_time_demand,required_stock,projected_inventory,days_of_stock,shortage_before,remaining_shortage,reason,seasonal_signal,seasonal_reason,seasonal_covariate_gap,transfers
M001,W001,NO_ACTION,False,SOURCE,0,78,0,[],['W002'],0,LOW,Projected usable inventory (209.38) stays above safety stock (100) through the lead time,False,Usable stock (450) is above the minimum threshold (200),LOW,Forecast demand is expected to consume all usable stock expiring within 60 days,0.0,0,450,0,450,372,200,100,2000,5,38.78630136986301,240.62164306640625,340.62164306640625,209.37835693359375,11.602034329307058,0.0,0.0,Usable stock (450) covers required stock (340.62); also sends 78 surplus units to W002,ELEVATED,Historical seasonal demand pattern: in 2025-10-01..2025-10-30 (same period last year) season_flag was active on 100% of days and demand was 1.24x the item's average; season days average 1.51x non-season demand,False,"[{'sku_id': 'M001', 'source_warehouse': 'W001', 'destination_warehouse': 'W002', 'batch_id': 'B00001', 'transfer_quantity': 78, 'transfer_type': 'SHORTAGE_EXCESS', 'expiry_date': '2027-01-02', 'days_to_expiry': 94, 'destination_consumption_before_expiry': 6335.66, 'source_usable_before': 450, 'source_usable_after': 372, 'destination_usable_before': 370, 'destination_usable_after': 448, 'reason': 'Shortage at W002 (77.79 units); W001 holds 109.38 units above its required stock (340.62)'}]"
M001,W002,TRANSFER,True,DESTINATION,328,0,0,"['W001', 'W004']",[],0,HIGH,Projected usable inventory (-247.79) falls to zero or below during the lead time: forecast demand exceeds usable stock,True,Usable stock (120) is at or below the minimum threshold (200),LOW,Forecast demand is expected to consume all usable stock expiring within 60 days,0.0,0,120,0,120,448,200,80,1500,5,45.61917808219178,367.7905082702637,447.7905082702637,-247.79050827026367,2.6304726442856285,327.79,0.0,"Receive 328 units from W001, W004; covers the full shortage of 327.79 units",ELEVATED,Historical seasonal demand pattern: in 2025-10-01..2025-10-30 (same period last year) season_flag was active on 100% of days and demand was 1.23x the item's average; season days average 1.60x non-season demand,False,"[{'sku_id': 'M001', 'source_warehouse': 'W004', 'destination_warehouse': 'W002', 'batch_id': 'B00006', 'transfer_quantity': 250, 'transfer_type': 'SHORTAGE_EXCESS', 'expiry_date': '2026-10-14', 'days_to_expiry': 14, 'destination_consumption_before_expiry': 862.05, 'source_usable_before': 850, 'source_usable_after': 600, 'destination_usable_before': 120, 'destination_usable_after': 370, 'reason': 'Shortage at W002 (327.79 units); W004 holds 524.71 units above its required stock (325.29)'}, {'sku_id': 'M001', 'source_warehouse': 'W001', 'destination_warehouse': 'W002', 'batch_id': 'B00001', 'transfer_quantity': 78, 'transfer_type': 'SHORTAGE_EXCESS', 'expiry_date': '2027-01-02', 'days_to_expiry': 94, 'destination_consumption_before_expiry': 6335.66, 'source_usable_before': 450, 'source_usable_after': 372, 'destination_usable_before': 370, 'destination_usable_after': 448, 'reason': 'Shortage at W002 (77.79 units); W001 holds 109.38 units above its required stock (340.62)'}]"
M001,W003,NO_ACTION,False,,0,0,0,[],[],0,LOW,Projected usable inventory (142.55) stays above safety stock (100) through the lead time,False,Usable stock (380) is above the minimum threshold (200),LOW,Forecast demand is expected to consume all usable stock expiring within 60 days,0.0,0,380,0,380,380,200,100,1800,6,31.473972602739725,237.44573593139648,337.4457359313965,142.55426406860352,12.073467966573817,0.0,0.0,Usable stock (380) covers required stock (337.45),ELEVATED,Historical seasonal demand pattern: in 2025-10-01..2025-10-30 (same period last year) season_flag was active on 100% of days and demand was 1.23x the item's average; season days average 1.52x non-season demand,False,[]
M001,W004,NO_ACTION,False,SOURCE,0,250,0,[],['W002'],0,LOW,Projected usable inventory (624.71) stays above safety stock (100) through the lead time,False,Usable stock (850) is above the minimum threshold (250),LOW,Forecast demand is expected to consume all usable stock expiring within 60 days,0.0,250,850,0,850,600,250,100,2500,5,36.536986301369865,225.2892608642578,325.2892608642578,624.7107391357422,23.264097180563887,0.0,0.0,Usable stock (850) covers required stock (325.29); also sends 250 surplus units to W002,ELEVATED,Historical seasonal demand pattern: in 2025-10-01..2025-10-30 (same period last year) season_flag was active on 100% of days and demand was 1.36x the item's average; season days average 1.57x non-season demand,False,"[{'sku_id': 'M001', 'source_warehouse': 'W004', 'destination_warehouse': 'W002', 'batch_id': 'B00006', 'transfer_quantity': 250, 'transfer_type': 'SHORTAGE_EXCESS', 'expiry_date': '2026-10-14', 'days_to_expiry': 14, 'destination_consumption_before_expiry': 862.05, 'source_usable_before': 850, 'source_usable_after': 600, 'destination_usable_before': 120, 'destination_usable_after': 370, 'reason': 'Shortage at W002 (327.79 units); W004 holds 524.71 units above its required stock (325.29)'}]"
M001,W005,NO_ACTION,False,,0,0,0,[],[],0,LOW,Projected usable inventory (283.32) stays above safety stock (100) through the lead time,False,Usable stock (520) is above the minimum threshold (200),LOW,Forecast demand is expected to consume all usable stock expiring within 60 days,0.0,0,520,0,520,520,200,100,2000,5,38.47123287671233,236.67618942260742,336.6761894226074,283.3238105773926,13.51659307790913,0.0,0.0,Usable stock (520) covers required stock (336.68),ELEVATED,Historical seasonal demand pattern: in 2025-10-01..2025-10-30 (same period last year) season_flag was active on 100% of days and demand was 1.31x the item's average; season days average 1.51x non-season demand,False,[]
M001,W006,NO_ACTION,False,,0,0,0,[],[],0,LOW,Projected usable inventory (215.60) stays above safety stock (90) through the lead time,False,Usable stock (410) is above the minimum threshold (200),LOW,Forecast demand is expected to consume all usable stock expiring within 60 days,0.0,0,410,0,410,410,200,90,1800,4,36.42191780821918,194.39554977416992,284.3955497741699,215.60445022583008,11.256958026177223,0.0,0.0,Usable stock (410) covers required stock (284.40),ELEVATED,Historical seasonal demand pattern: in 2025-10-01..2025-10-30 (same period last year) season_flag was active on 100% of days and demand was 1.14x the item's average; season days average 1.50x non-season demand,False,[]
M002,W001,NO_ACTION,False,,0,0,0,[],[],0,LOW,"Projected usable inventory (2,643.27) stays above safety stock (140) through the lead time",False,Usable stock (3135) is above the minimum threshold (340),LOW,Forecast demand is expected to consume all usable stock expiring within 60 days,0.0,0,3135,0,3135,3135,340,140,3300,5,80.87397260273973,491.7328643798828,631.7328643798828,2643.267135620117,38.76401639621938,0.0,0.0,"Usable stock (3,135) covers required stock (631.73)",ELEVATED,Historical seasonal demand pattern: in 2025-10-01..2025-10-30 (same period last year) season_flag was active on 100% of days and demand was 1.31x the item's average; season days average 1.53x non-season demand,False,[]
M002,W002,TRANSFER,True,DESTINATION,170,0,0,['W005'],[],0,MEDIUM,Projected usable inventory (10.35) is at or below safety stock (180) by the end of the lead time,False,Usable stock (418) is above the minimum threshold (340),LOW,Forecast demand is expected to consume all usable stock expiring within 60 days,0.0,0,418,0,418,588,340,180,3200,5,65.41917808219178,407.65281677246094,587.6528167724609,10.347183227539062,6.389563615043136,169.65,0.0,Receive 170 units from W005; covers the full shortage of 169.65 units,ELEVATED,Historical seasonal demand pattern: in 2025-10-01..2025-10-30 (same period last year) season_flag was active on 100% of days and demand was 1.18x the item's average; season days average 1.50x non-season demand,False,"[{'sku_id': 'M002', 'source_warehouse': 'W005', 'destination_warehouse': 'W002', 'batch_id': 'B00025', 'transfer_quantity': 170, 'transfer_type': 'SHORTAGE_EXCESS', 'expiry_date': '2026-12-14', 'days_to_expiry': 75, 'destination_consumption_before_expiry': 6067.54, 'source_usable_before': 2578, 'source_usable_after': 2408, 'destination_usable_before': 418, 'destination_usable_after': 588, 'reason': 'Shortage at W002 (169.65 units); W005 holds 1,976.17 units above its required stock (601.83)'}]"
M002,W003,TRANSFER,True,DESTINATION,196,0,0,['W005'],[],0,HIGH,Projected usable inventory (-35.15) falls to zero or below during the lead time: forecast demand exceeds usable stock,False,Usable stock (383) is above the minimum threshold (270),LOW,Forecast demand is expected to consume all usable stock expiring within 60 days,0.0,0,383,0,383,579,270,160,2500,5,66.74520547945205,418.1487045288086,578.1487045288086,-35.148704528808594,5.738239881783105,195.15,0.0,Receive 196 units from W005; covers the full shortage of 195.15 units,ELEVATED,Historical seasonal demand pattern: in 2025-10-01..2025-10-30 (same period last year) season_flag was active on 100% of days and demand was 1.21x the item's average; season days average 1.50x non-season demand,False,"[{'sku_id': 'M002', 'source_warehouse': 'W005', 'destination_warehouse': 'W003', 'batch_id': 'B00025', 'transfer_quantity': 196, 'transfer_type': 'SHORTAGE_EXCESS', 'expiry_date': '2026-12-14', 'days_to_expiry': 75, 'destination_consumption_before_expiry': 6096.14, 'source_usable_before': 2774, 'source_usable_after': 2578, 'destination_usable_before': 383, 'destination_usable_after': 579, 'reason': 'Shortage at W003 (195.15 units); W005 holds 2,172.17 units above its required stock (601.83)'}]"
M002,W004,NO_ACTION,False,,0,0,0,[],[],0,LOW,"Projected usable inventory (2,732.57) stays above safety stock (220) through the lead time",False,Usable stock (3230) is above the minimum threshold (330),LOW,Forecast demand is expected to consume all usable stock expiring within 60 days,0.0,0,3230,0,3230,3230,330,220,3400,5,85.27945205479452,497.4329299926758,717.4329299926758,2732.567070007324,37.87547788093938,0.0,0.0,"Usable stock (3,230) covers required stock (717.43)",ELEVATED,Historical seasonal demand pattern: in 2025-10-01..2025-10-30 (same period last year) season_flag was active on 100% of days and demand was 1.24x the item's average; season days average 1.65x non-season demand,False,[]
M002,W005,NO_ACTION,False,SOURCE,0,366,0,[],"['W002', 'W003']",0,LOW,"Projected usable inventory (2,302.17) stays above safety stock (130) through the lead time",False,Usable stock (2774) is above the minimum threshold (330),LOW,Forecast demand is expected to consume all usable stock expiring within 60 days,0.0,0,2774,0,2774,2408,330,130,3200,6,63.26575342465753,471.8328094482422,601.8328094482422,2302.167190551758,43.84678676597956,0.0,0.0,"Usable stock (2,774) covers required stock (601.83); also sends 366 surplus units to W002, W003",ELEVATED,Historical seasonal demand pattern: in 2025-10-01..2025-10-30 (same period last year) season_flag was active on 100% of days and demand was 1.29x the item's average; season days average 1.52x non-season demand,False,"[{'sku_id': 'M002', 'source_warehouse': 'W005', 'destination_warehouse': 'W003', 'batch_id': 'B00025', 'transfer_quantity': 196, 'transfer_type': 'SHORTAGE_EXCESS', 'expiry_date': '2026-12-14', 'days_to_expiry': 75, 'destination_consumption_before_expiry': 6096.14, 'source_usable_before': 2774, 'source_usable_after': 2578, 'destination_usable_before': 383, 'destination_usable_after': 579, 'reason': 'Shortage at W003 (195.15 units); W005 holds 2,172.17 units above its required stock (601.83)'}, {'sku_id': 'M002', 'source_warehouse': 'W005', 'destination_warehouse': 'W002', 'batch_id': 'B00025', 'transfer_quantity': 170, 'transfer_type': 'SHORTAGE_EXCESS', 'expiry_date': '2026-12-14', 'days_to_expiry': 75, 'destination_consumption_before_expiry': 6067.54, 'source_usable_before': 2578, 'source_usable_after': 2408, 'destination_usable_before': 418, 'destination_usable_after': 588, 'reason': 'Shortage at W002 (169.65 units); W005 holds 1,976.17 units above its required stock (601.83)'}]"
M002,W006,NO_ACTION,False,,0,0,0,[],[],0,LOW,Projected usable inventory (916.03) stays above safety stock (130) through the lead time,False,Usable stock (1176) is above the minimum threshold (310),LOW,Forecast demand is expected to consume all usable stock expiring within 60 days,0.0,0,1176,0,1176,1176,310,130,2800,3,70.2,259.9658660888672,389.9658660888672,916.0341339111328,16.752136752136753,0.0,0.0,"Usable stock (1,176) covers required stock (389.97)",ELEVATED,Historical seasonal demand pattern: in 2025-10-01..2025-10-30 (same period last year) season_flag was active on 100% of days and demand was 1.42x the item's average; season days average 1.58x non-season demand,False,[]
M003,W001,TRANSFER,True,DESTINATION,129,0,0,"['W003', 'W004']",[],0,HIGH,Projected usable inventory (-48.30) falls to zero or below during the lead time: forecast demand exceeds usable stock,True,Usable stock (107) is at or below the minimum threshold (180),LOW,Forecast demand is expected to consume all usable stock expiring within 60 days,0.0,0,107,0,107,236,180,80,2200,5,38.364383561643834,155.3021697998047,235.3021697998047,-48.30216979980469,2.789045204599015,128.3,0.0,"Receive 129 units from W003, W004; covers the full shortage of 128.30 units",NORMAL,Historical seasonal demand pattern: in 2025-10-01..2025-10-30 (same period last year) season_flag was active on 0% of days and demand was 0.80x the item's average; season days average 1.78x non-season demand,False,"[{'sku_id': 'M003', 'source_warehouse': 'W004', 'destination_warehouse': 'W001', 'batch_id': 'B00038', 'transfer_quantity': 89, 'transfer_type': 'SHORTAGE_EXCESS', 'expiry_date': '2026-11-07', 'days_to_expiry': 38, 'destination_consumption_before_expiry': 1152.6, 'source_usable_before': 435, 'source_usable_after': 346, 'destination_usable_before': 107, 'destination_usable_after': 196, 'reason': 'Shortage at W001 (128.30 units); W004 holds 229.98 units above its required stock (205.02)'}, {'sku_id': 'M003', 'source_warehouse': 'W003', 'destination_warehouse': 'W001', 'batch_id': 'B00035', 'transfer_quantity': 40, 'transfer_type': 'SHORTAGE_EXCESS', 'expiry_date': '2026-11-16', 'days_to_expiry': 47, 'destination_consumption_before_expiry': 1352.3, 'source_usable_before': 1330, 'source_usable_after': 1290, 'destination_usable_before': 196, 'destination_usable_after': 236, 'reason': 'Shortage at W001 (39.30 units); W003 holds 1,032.28 units above its required stock (297.72)'}]"
M003,W002,NO_ACTION,False,,0,0,0,[],[],0,LOW,Projected usable inventory (272.63) stays above safety stock (60) through the lead time,False,Usable stock (402) is above the minimum threshold (140),LOW,Forecast demand is expected to consume all usable stock expiring within 60 days,0.0,0,402,0,402,402,140,60,1600,5,29.646575342465752,129.36974334716797,189.36974334716797,272.63025665283203,13.55974494039368,0.0,0.0,Usable stock (402) covers required stock (189.37),NORMAL,Historical seasonal demand pattern: in 2025-10-01..2025-10-30 (same period last year) season_flag was active on 0% of days and demand was 0.82x the item's average; season days average 1.67x non-season demand,False,[]
M003,W003,NO_ACTION,False,SOURCE,0,76,0,[],"['W001', 'W006']",0,LOW,"Projected usable inventory (1,132.28) stays above safety stock (100) through the lead time",False,Usable stock (1330) is above the minimum threshold (160),LOW,Forecast demand is expected to consume all usable stock expiring within 60 days,0.0,0,1330,0,1330,1254,160,100,1400,7,33.73424657534247,197.7232608795166,297.7232608795166,1132.2767391204834,39.425810119386014,0.0,0.0,"Usable stock (1,330) covers required stock (297.72); also sends 76 surplus units to W001, W006",NORMAL,Historical seasonal demand pattern: in 2025-10-01..2025-10-30 (same period last year) season_flag was active on 0% of days and demand was 0.94x the item's average; season days average 1.65x non-season demand,False,"[{'sku_id': 'M003', 'source_warehouse': 'W003', 'destination_warehouse': 'W001', 'batch_id': 'B00035', 'transfer_quantity': 40, 'transfer_type': 'SHORTAGE_EXCESS', 'expiry_date': '2026-11-16', 'days_to_expiry': 47, 'destination_consumption_before_expiry': 1352.3, 'source_usable_before': 1330, 'source_usable_after': 1290, 'destination_usable_before': 196, 'destination_usable_after': 236, 'reason': 'Shortage at W001 (39.30 units); W003 holds 1,032.28 units above its required stock (297.72)'}, {'sku_id': 'M003', 'source_warehouse': 'W003', 'destination_warehouse': 'W006', 'batch_id': 'B00035', 'transfer_quantity': 36, 'transfer_type': 'SHORTAGE_EXCESS', 'expiry_date': '2026-11-16', 'days_to_expiry': 47, 'destination_consumption_before_expiry': 1285.69, 'source_usable_before': 1290, 'source_usable_after': 1254, 'destination_usable_before': 130, 'destination_usable_after': 166, 'reason': 'Shortage at W006 (35.08 units); W003 holds 992.28 units above its required stock (297.72)'}]"
M003,W004,NO_ACTION,False,SOURCE,0,89,0,[],['W001'],0,LOW,Projected usable inventory (319.98) stays above safety stock (90) through the lead time,False,Usable stock (435) is above the minimum threshold (160),LOW,Forecast demand is expected to consume all usable stock expiring within 60 days,0.0,0,435,0,435,346,160,90,1800,4,35.06027397260274,115.01664924621582,205.01664924621582,319.9833507537842,12.407204813628196,0.0,0.0,Usable stock (435) covers required stock (205.02); also sends 89 surplus units to W001,NORMAL,Historical seasonal demand pattern: in 2025-10-01..2025-10-30 (same period last year) season_flag was active on 0% of days and demand was 0.83x the item's average; season days average 1.70x non-season demand,False,"[{'sku_id': 'M003', 'source_warehouse': 'W004', 'destination_warehouse': 'W001', 'batch_id': 'B00038', 'transfer_quantity': 89, 'transfer_type': 'SHORTAGE_EXCESS', 'expiry_date': '2026-11-07', 'days_to_expiry': 38, 'destination_consumption_before_expiry': 1152.6, 'source_usable_before': 435, 'source_usable_after': 346, 'destination_usable_before': 107, 'destination_usable_after': 196, 'reason': 'Shortage at W001 (128.30 units); W004 holds 229.98 units above its required stock (205.02)'}]"
M003,W005,NO_ACTION,False,,0,0,0,[],[],0,LOW,Projected usable inventory (816.88) stays above safety stock (50) through the lead time,False,Usable stock (950) is above the minimum threshold (130),LOW,Forecast demand is expected to consume all usable stock expiring within 60 days,0.0,0,950,0,950,950,130,50,1000,6,26.523287671232875,133.1161594390869,183.1161594390869,816.8838405609131,35.81758082842682,0.0,0.0,Usable stock (950) covers required stock (183.12),NORMAL,Historical seasonal demand pattern: in 2025-10-01..2025-10-30 (same period last year) season_flag was active on 0% of days and demand was 0.84x the item's average; season days average 1.60x non-season demand,False,[]
M003,W006,TRANSFER,True,DESTINATION,36,0,0,['W003'],[],0,MEDIUM,Projected usable inventory (44.92) is at or below safety stock (80) by the end of the lead time,True,Usable stock (130) is at or below the minimum threshold (170),LOW,Forecast demand is expected to consume all usable stock expiring within 60 days,0.0,0,130,0,130,166,170,80,1800,3,34.35068493150685,85.08048629760742,165.08048629760742,44.91951370239258,3.784495134790238,35.08,0.0,Receive 36 units from W003; covers the full shortage of 35.08 units,NORMAL,Historical seasonal demand pattern: in 2025-10-01..2025-10-30 (same period last year) season_flag was active on 0% of days and demand was 0.84x the item's average; season days average 1.70x non-season demand,False,"[{'sku_id': 'M003', 'source_warehouse': 'W003', 'destination_warehouse': 'W006', 'batch_id': 'B00035', 'transfer_quantity': 36, 'transfer_type': 'SHORTAGE_EXCESS', 'expiry_date': '2026-11-16', 'days_to_expiry': 47, 'destination_consumption_before_expiry': 1285.69, 'source_usable_before': 1290, 'source_usable_after': 1254, 'destination_usable_before': 130, 'destination_usable_after': 166, 'reason': 'Shortage at W006 (35.08 units); W003 holds 992.28 units above its required stock (297.72)'}]"
M004,W001,NO_ACTION,False,SOURCE,0,54,0,[],['W005'],0,LOW,Projected usable inventory (204.61) stays above safety stock (150) through the lead time,False,Usable stock (521) is above the minimum threshold (310),LOW,Forecast demand is expected to consume all usable stock expiring within 60 days,0.0,0,521,0,521,467,310,150,2400,6,61.21369863013699,316.3946113586426,466.3946113586426,204.60538864135742,8.511166808396366,0.0,0.0,Usable stock (521) covers required stock (466.39); also sends 54 surplus units to W005,NORMAL,Historical seasonal demand pattern: in 2025-10-01..2025-10-30 (same period last year) season_flag was active on 0% of days and demand was 0.80x the item's average; season days average 1.58x non-season demand,False,"[{'sku_id': 'M004', 'source_warehouse': 'W001', 'destination_warehouse': 'W005', 'batch_id': 'B00044', 'transfer_quantity': 54, 'transfer_type': 'SHORTAGE_EXCESS', 'expiry_date': '2028-07-24', 'days_to_expiry': 663, 'destination_consumption_before_expiry': 26425.22, 'source_usable_before': 521, 'source_usable_after': 467, 'destination_usable_before': 139, 'destination_usable_after': 193, 'reason': 'Shortage at W005 (298.37 units); W001 holds 54.61 units above its required stock (466.39)'}]"
M004,W002,NO_ACTION,False,SOURCE,0,97,0,[],['W005'],0,LOW,Projected usable inventory (227.06) stays above safety stock (130) through the lead time,False,Usable stock (410) is above the minimum threshold (300),LOW,Forecast demand is expected to consume all usable stock expiring within 60 days,0.0,0,410,0,410,313,300,130,2900,4,56.23013698630137,182.936279296875,312.936279296875,227.063720703125,7.291463652309492,0.0,0.0,Usable stock (410) covers required stock (312.94); also sends 97 surplus units to W005,NORMAL,Historical seasonal demand pattern: in 2025-10-01..2025-10-30 (same period last year) season_flag was active on 0% of days and demand was 0.83x the item's average; season days average 1.75x non-season demand,False,"[{'sku_id': 'M004', 'source_warehouse': 'W002', 'destination_warehouse': 'W005', 'batch_id': 'B00046', 'transfer_quantity': 97, 'transfer_type': 'SHORTAGE_EXCESS', 'expiry_date': '2027-11-18', 'days_to_expiry': 414, 'destination_consumption_before_expiry': 16533.23, 'source_usable_before': 410, 'source_usable_after': 313, 'destination_usable_before': 42, 'destination_usable_after': 139, 'reason': 'Shortage at W005 (395.37 units); W002 holds 97.06 units above its required stock (312.94)'}]"
M004,W003,REORDER,False,,0,0,0,[],[],366,HIGH,Projected usable inventory (-185.53) falls to zero or below during the lead time: forecast demand exceeds usable stock,True,Usable stock (74) is at or below the minimum threshold (330),LOW,Forecast demand is expected to consume all usable stock expiring within 60 days; 49 units already expired (excluded from usable stock),0.0,0,123,49,74,74,330,180,2800,5,62.06849315068493,259.5274887084961,439.5274887084961,-185.5274887084961,1.192231295519753,365.53,365.53,"After 0 units of transfers, usable stock (74) is still 365.53 below required stock (439.53); reorder 366 units",NORMAL,Historical seasonal demand pattern: in 2025-10-01..2025-10-30 (same period last year) season_flag was active on 0% of days and demand was 0.95x the item's average; season days average 1.58x non-season demand,False,[]
M004,W004,REORDER,False,,0,0,0,[],[],159,HIGH,Projected usable inventory (-8.20) falls to zero or below during the lead time: forecast demand exceeds usable stock,True,Usable stock (253) is at or below the minimum threshold (360),LOW,Forecast demand is expected to consume all usable stock expiring within 60 days,0.0,0,253,0,253,253,360,150,3200,5,67.54794520547945,261.1990623474121,411.1990623474121,-8.19906234741211,3.7454877306834313,158.2,158.2,"After 0 units of transfers, usable stock (253) is still 158.20 below required stock (411.20); reorder 159 units",NORMAL,Historical seasonal demand pattern: in 2025-10-01..2025-10-30 (same period last year) season_flag was active on 0% of days and demand was 0.76x the item's average; season days average 1.86x non-season demand,False,[]
M004,W005,REORDER,True,DESTINATION,151,0,0,"['W001', 'W002']",[],245,HIGH,Projected usable inventory (-285.37) falls to zero or below during the lead time: forecast demand exceeds usable stock,True,Usable stock (42) is at or below the minimum threshold (240),LOW,Forecast demand is expected to consume all usable stock expiring within 60 days,0.0,0,42,0,42,193,240,110,2200,8,48.846575342465755,327.37059783935547,437.37059783935547,-285.37059783935547,0.8598351001177856,395.37,244.37,"Transfer 151 units from W001, W002, then reorder. After 151 units of transfers, usable stock (193) is still 244.37 below required stock (437.37); reorder 245 units",NORMAL,Historical seasonal demand pattern: in 2025-10-01..2025-10-30 (same period last year) season_flag was active on 0% of days and demand was 0.80x the item's average; season days average 1.88x non-season demand,False,"[{'sku_id': 'M004', 'source_warehouse': 'W002', 'destination_warehouse': 'W005', 'batch_id': 'B00046', 'transfer_quantity': 97, 'transfer_type': 'SHORTAGE_EXCESS', 'expiry_date': '2027-11-18', 'days_to_expiry': 414, 'destination_consumption_before_expiry': 16533.23, 'source_usable_before': 410, 'source_usable_after': 313, 'destination_usable_before': 42, 'destination_usable_after': 139, 'reason': 'Shortage at W005 (395.37 units); W002 holds 97.06 units above its required stock (312.94)'}, {'sku_id': 'M004', 'source_warehouse': 'W001', 'destination_warehouse': 'W005', 'batch_id': 'B00044', 'transfer_quantity': 54, 'transfer_type': 'SHORTAGE_EXCESS', 'expiry_date': '2028-07-24', 'days_to_expiry': 663, 'destination_consumption_before_expiry': 26425.22, 'source_usable_before': 521, 'source_usable_after': 467, 'destination_usable_before': 139, 'destination_usable_after': 193, 'reason': 'Shortage at W005 (298.37 units); W001 holds 54.61 units above its required stock (466.39)'}]"
M004,W006,REORDER,False,,0,0,0,[],[],21,MEDIUM,Projected usable inventory (129.09) is at or below safety stock (150) by the end of the lead time,False,Usable stock (384) is above the minimum threshold (300),LOW,Forecast demand is expected to consume all usable stock expiring within 60 days,0.0,0,384,0,384,384,300,150,3100,5,58.536986301369865,254.90851211547852,404.9085121154785,129.09148788452148,6.559955068800899,20.91,20.91,"After 0 units of transfers, usable stock (384) is still 20.91 below required stock (404.91); reorder 21 units",NORMAL,Historical seasonal demand pattern: in 2025-10-01..2025-10-30 (same period last year) season_flag was active on 0% of days and demand was 0.92x the item's average; season days average 1.53x non-season demand,False,[]
M005,W001,NO_ACTION,False,,0,0,0,[],[],0,LOW,Projected usable inventory (148.56) stays above safety stock (80) through the lead time,False,Usable stock (315) is above the minimum threshold (150),LOW,Forecast demand is expected to consume all usable stock expiring within 60 days; 73 units already expired (excluded from usable stock),0.0,0,388,73,315,315,150,80,1300,6,34.37808219178082,166.4371566772461,246.4371566772461,148.5628433227539,9.162814791201786,0.0,0.0,Usable stock (315) covers required stock (246.44),NORMAL,Historical seasonal demand pattern: in 2025-10-01..2025-10-30 (same period last year) season_flag was active on 0% of days and demand was 0.80x the item's average; season days average 1.85x non-season demand,False,[]
M005,W002,TRANSFER,True,DESTINATION,127,0,0,['W003'],[],0,HIGH,Projected usable inventory (-66.47) falls to zero or below during the lead time: forecast demand exceeds usable stock,True,Usable stock (54) is at or below the minimum threshold (170),LOW,Forecast demand is expected to consume all usable stock expiring within 60 days,0.0,0,54,0,54,181,170,60,1200,5,29.698630136986303,120.47197341918945,180.47197341918945,-66.47197341918945,1.8182656826568264,126.47,0.0,Receive 127 units from W003; covers the full shortage of 126.47 units,NORMAL,Historical seasonal demand pattern: in 2025-10-01..2025-10-30 (same period last year) season_flag was active on 0% of days and demand was 0.81x the item's average; season days average 1.68x non-season demand,False,"[{'sku_id': 'M005', 'source_warehouse': 'W003', 'destination_warehouse': 'W002', 'batch_id': 'B00061', 'transfer_quantity': 127, 'transfer_type': 'SHORTAGE_EXCESS', 'expiry_date': '2026-12-08', 'days_to_expiry': 69, 'destination_consumption_before_expiry': 1628.2, 'source_usable_before': 465, 'source_usable_after': 338, 'destination_usable_before': 54, 'destination_usable_after': 181, 'reason': 'Shortage at W002 (126.47 units); W003 holds 192.40 units above its required stock (272.60)'}]"
M005,W003,NO_ACTION,False,SOURCE,0,170,0,[],"['W002', 'W006']",0,LOW,Projected usable inventory (272.40) stays above safety stock (80) through the lead time,False,Usable stock (465) is above the minimum threshold (180),LOW,Forecast demand is expected to consume all usable stock expiring within 60 days,0.0,0,465,0,465,295,180,80,1400,7,33.25205479452055,192.60467147827148,272.6046714782715,272.3953285217285,13.984098212078768,0.0,0.0,"Usable stock (465) covers required stock (272.60); also sends 170 surplus units to W002, W006",NORMAL,Historical seasonal demand pattern: in 2025-10-01..2025-10-30 (same period last year) season_flag was active on 0% of days and demand was 0.78x the item's average; season days average 1.77x non-season demand,False,"[{'sku_id': 'M005', 'source_warehouse': 'W003', 'destination_warehouse': 'W002', 'batch_id': 'B00061', 'transfer_quantity': 127, 'transfer_type': 'SHORTAGE_EXCESS', 'expiry_date': '2026-12-08', 'days_to_expiry': 69, 'destination_consumption_before_expiry': 1628.2, 'source_usable_before': 465, 'source_usable_after': 338, 'destination_usable_before': 54, 'destination_usable_after': 181, 'reason': 'Shortage at W002 (126.47 units); W003 holds 192.40 units above its required stock (272.60)'}, {'sku_id': 'M005', 'source_warehouse': 'W003', 'destination_warehouse': 'W006', 'batch_id': 'B00061', 'transfer_quantity': 43, 'transfer_type': 'SHORTAGE_EXCESS', 'expiry_date': '2026-12-08', 'days_to_expiry': 69, 'destination_consumption_before_expiry': 1836.41, 'source_usable_before': 338, 'source_usable_after': 295, 'destination_usable_before': 179, 'destination_usable_after': 222, 'reason': 'Shortage at W006 (42.43 units); W003 holds 65.40 units above its required stock (272.60)'}]"
M005,W004,NO_ACTION,False,,0,0,0,[],[],0,LOW,Projected usable inventory (428.27) stays above safety stock (90) through the lead time,False,Usable stock (551) is above the minimum threshold (180),LOW,Forecast demand is expected to consume all usable stock expiring within 60 days,0.0,0,551,0,551,551,180,90,2000,4,36.25753424657534,122.72779655456543,212.72779655456543,428.27220344543457,15.196841468943632,0.0,0.0,Usable stock (551) covers required stock (212.73),NORMAL,Historical seasonal demand pattern: in 2025-10-01..2025-10-30 (same period last year) season_flag was active on 0% of days and demand was 0.85x the item's average; season days average 1.74x non-season demand,False,[]
M005,W005,NO_ACTION,False,,0,0,0,[],[],0,LOW,Projected usable inventory (188.81) stays above safety stock (60) through the lead time,False,Usable stock (329) is above the minimum threshold (150),LOW,Forecast demand is expected to consume all usable stock expiring within 60 days,0.0,0,329,0,329,329,150,60,1400,6,28.156164383561645,140.18854331970215,200.18854331970215,188.81145668029785,11.68483020336674,0.0,0.0,Usable stock (329) covers required stock (200.19),NORMAL,Historical seasonal demand pattern: in 2025-10-01..2025-10-30 (same period last year) season_flag was active on 0% of days and demand was 0.90x the item's average; season days average 1.75x non-season demand,False,[]
M005,W006,TRANSFER,True,DESTINATION,43,0,0,['W003'],[],0,MEDIUM,Projected usable inventory (47.57) is at or below safety stock (90) by the end of the lead time,False,Usable stock (179) is above the minimum threshold (160),LOW,Forecast demand is expected to consume all usable stock expiring within 60 days,0.0,0,179,0,179,222,160,90,1400,5,32.59178082191781,131.42606735229492,221.42606735229492,47.57393264770508,5.4921822461331535,42.43,0.0,Receive 43 units from W003; covers the full shortage of 42.43 units,NORMAL,Historical seasonal demand pattern: in 2025-10-01..2025-10-30 (same period last year) season_flag was active on 0% of days and demand was 0.91x the item's average; season days average 1.67x non-season demand,False,"[{'sku_id': 'M005', 'source_warehouse': 'W003', 'destination_warehouse': 'W006', 'batch_id': 'B00061', 'transfer_quantity': 43, 'transfer_type': 'SHORTAGE_EXCESS', 'expiry_date': '2026-12-08', 'days_to_expiry': 69, 'destination_consumption_before_expiry': 1836.41, 'source_usable_before': 338, 'source_usable_after': 295, 'destination_usable_before': 179, 'destination_usable_after': 222, 'reason': 'Shortage at W006 (42.43 units); W003 holds 65.40 units above its required stock (272.60)'}]"
M006,W001,NO_ACTION,False,,0,0,0,[],[],0,LOW,"Projected usable inventory (1,757.34) stays above safety stock (90) through the lead time",False,Usable stock (1995) is above the minimum threshold (270),LOW,Forecast demand is expected to consume all usable stock expiring within 60 days,0.0,0,1995,0,1995,1995,270,90,2100,6,47.397260273972606,237.65679931640625,327.65679931640625,1757.3432006835938,42.09104046242774,0.0,0.0,"Usable stock (1,995) covers required stock (327.66)",NORMAL,Historical seasonal demand pattern: in 2025-10-01..2025-10-30 (same period last year) season_flag was active on 0% of days and demand was 0.80x the item's average; season days average 1.62x non-season demand,False,[]
M006,W002,TRANSFER,True,DESTINATION,91,0,0,['W005'],[],0,HIGH,Projected usable inventory (-20.06) falls to zero or below during the lead time: forecast demand exceeds usable stock,True,Usable stock (123) is at or below the minimum threshold (220),LOW,Forecast demand is expected to consume all usable stock expiring within 60 days,0.0,0,123,0,123,214,220,70,2000,4,41.87123287671233,143.06156158447266,213.06156158447266,-20.061561584472656,2.937577700713211,90.06,0.0,Receive 91 units from W005; covers the full shortage of 90.06 units,NORMAL,Historical seasonal demand pattern: in 2025-10-01..2025-10-30 (same period last year) season_flag was active on 0% of days and demand was 0.82x the item's average; season days average 1.65x non-season demand,False,"[{'sku_id': 'M006', 'source_warehouse': 'W005', 'destination_warehouse': 'W002', 'batch_id': 'B00081', 'transfer_quantity': 35, 'transfer_type': 'SHORTAGE_EXCESS', 'expiry_date': '2026-12-16', 'days_to_expiry': 77, 'destination_consumption_before_expiry': 2658.66, 'source_usable_before': 363, 'source_usable_after': 328, 'destination_usable_before': 123, 'destination_usable_after': 158, 'reason': 'Shortage at W002 (90.06 units); W005 holds 112.05 units above its required stock (250.95)'}, {'sku_id': 'M006', 'source_warehouse': 'W005', 'destination_warehouse': 'W002', 'batch_id': 'B00082', 'transfer_quantity': 56, 'transfer_type': 'SHORTAGE_EXCESS', 'expiry_date': '2027-02-27', 'days_to_expiry': 150, 'destination_consumption_before_expiry': 5213.02, 'source_usable_before': 328, 'source_usable_after': 272, 'destination_usable_before': 158, 'destination_usable_after': 214, 'reason': 'Shortage at W002 (55.06 units); W005 holds 77.05 units above its required stock (250.95)'}]"
M006,W003,TRANSFER,True,DESTINATION,243,0,0,"['W004', 'W005']",[],0,HIGH,Projected usable inventory (-162.73) falls to zero or below during the lead time: forecast demand exceeds usable stock,True,Usable stock (88) is at or below the minimum threshold (180),LOW,Forecast demand is expected to consume all usable stock expiring within 60 days,0.0,0,88,0,88,331,180,80,1800,7,42.51780821917808,250.72891998291016,330.72891998291016,-162.72891998291016,2.069720987177009,242.73,0.0,"Receive 243 units from W004, W005; covers the full shortage of 242.73 units",NORMAL,Historical seasonal demand pattern: in 2025-10-01..2025-10-30 (same period last year) season_flag was active on 0% of days and demand was 0.81x the item's average; season days average 1.64x non-season demand,False,"[{'sku_id': 'M006', 'source_warehouse': 'W004', 'destination_warehouse': 'W003', 'batch_id': 'B00078', 'transfer_quantity': 125, 'transfer_type': 'SHORTAGE_EXCESS', 'expiry_date': '2026-11-14', 'days_to_expiry': 45, 'destination_consumption_before_expiry': 1537.46, 'source_usable_before': 1808, 'source_usable_after': 1683, 'destination_usable_before': 88, 'destination_usable_after': 213, 'reason': 'Shortage at W003 (242.73 units); W004 holds 1,545.83 units above its required stock (262.17)'}, {'sku_id': 'M006', 'source_warehouse': 'W005', 'destination_warehouse': 'W003', 'batch_id': 'B00081', 'transfer_quantity': 118, 'transfer_type': 'SHORTAGE_EXCESS', 'expiry_date': '2026-12-16', 'days_to_expiry': 77, 'destination_consumption_before_expiry': 2558.67, 'source_usable_before': 481, 'source_usable_after': 363, 'destination_usable_before': 213, 'destination_usable_after': 331, 'reason': 'Shortage at W003 (117.73 units); W005 holds 230.05 units above its required stock (250.95)'}]"
M006,W004,NO_ACTION,False,SOURCE,0,125,0,[],['W003'],0,LOW,"Projected usable inventory (1,645.83) stays above safety stock (100) through the lead time",False,Usable stock (1808) is above the minimum threshold (250),LOW,Forecast demand is expected to consume all usable stock expiring within 60 days,0.0,0,1808,0,1808,1683,250,100,2400,4,49.43561643835616,162.16788864135742,262.1678886413574,1645.8321113586426,36.57282199068943,0.0,0.0,"Usable stock (1,808) covers required stock (262.17); also sends 125 surplus units to W003",NORMAL,Historical seasonal demand pattern: in 2025-10-01..2025-10-30 (same period last year) season_flag was active on 0% of days and demand was 0.76x the item's average; season days average 1.75x non-season demand,False,"[{'sku_id': 'M006', 'source_warehouse': 'W004', 'destination_warehouse': 'W003', 'batch_id': 'B00078', 'transfer_quantity': 125, 'transfer_type': 'SHORTAGE_EXCESS', 'expiry_date': '2026-11-14', 'days_to_expiry': 45, 'destination_consumption_before_expiry': 1537.46, 'source_usable_before': 1808, 'source_usable_after': 1683, 'destination_usable_before': 88, 'destination_usable_after': 213, 'reason': 'Shortage at W003 (242.73 units); W004 holds 1,545.83 units above its required stock (262.17)'}]"
M006,W005,NO_ACTION,False,SOURCE,0,209,0,[],"['W002', 'W003']",0,LOW,Projected usable inventory (300.05) stays above safety stock (70) through the lead time,False,Usable stock (481) is above the minimum threshold (180),LOW,Forecast demand is expected to consume all usable stock expiring within 60 days,0.0,0,481,0,481,272,180,70,1900,6,34.28493150684932,180.9547576904297,250.9547576904297,300.0452423095703,14.02948697458846,0.0,0.0,"Usable stock (481) covers required stock (250.95); also sends 209 surplus units to W002, W003",NORMAL,Historical seasonal demand pattern: in 2025-10-01..2025-10-30 (same period last year) season_flag was active on 0% of days and demand was 0.84x the item's average; season days average 1.55x non-season demand,False,"[{'sku_id': 'M006', 'source_warehouse': 'W005', 'destination_warehouse': 'W003', 'batch_id': 'B00081', 'transfer_quantity': 118, 'transfer_type': 'SHORTAGE_EXCESS', 'expiry_date': '2026-12-16', 'days_to_expiry': 77, 'destination_consumption_before_expiry': 2558.67, 'source_usable_before': 481, 'source_usable_after': 363, 'destination_usable_before': 213, 'destination_usable_after': 331, 'reason': 'Shortage at W003 (117.73 units); W005 holds 230.05 units above its required stock (250.95)'}, {'sku_id': 'M006', 'source_warehouse': 'W005', 'destination_warehouse': 'W002', 'batch_id': 'B00081', 'transfer_quantity': 35, 'transfer_type': 'SHORTAGE_EXCESS', 'expiry_date': '2026-12-16', 'days_to_expiry': 77, 'destination_consumption_before_expiry': 2658.66, 'source_usable_before': 363, 'source_usable_after': 328, 'destination_usable_before': 123, 'destination_usable_after': 158, 'reason': 'Shortage at W002 (90.06 units); W005 holds 112.05 units above its required stock (250.95)'}, {'sku_id': 'M006', 'source_warehouse': 'W005', 'destination_warehouse': 'W002', 'batch_id': 'B00082', 'transfer_quantity': 56, 'transfer_type': 'SHORTAGE_EXCESS', 'expiry_date': '2027-02-27', 'days_to_expiry': 150, 'destination_consumption_before_expiry': 5213.02, 'source_usable_before': 328, 'source_usable_after': 272, 'destination_usable_before': 158, 'destination_usable_after': 214, 'reason': 'Shortage at W002 (55.06 units); W005 holds 77.05 units above its required stock (250.95)'}]"
M006,W006,NO_ACTION,False,,0,0,0,[],[],0,LOW,"Projected usable inventory (1,837.79) stays above safety stock (90) through the lead time",False,Usable stock (1995) is above the minimum threshold (220),LOW,Forecast demand is expected to consume all usable stock expiring within 60 days,0.0,0,1995,0,1995,1995,220,90,2100,4,44.40547945205479,157.20966339111328,247.20966339111328,1837.7903366088867,44.92688795656466,0.0,0.0,"Usable stock (1,995) covers required stock (247.21)",NORMAL,Historical seasonal demand pattern: in 2025-10-01..2025-10-30 (same period last year) season_flag was active on 0% of days and demand was 0.79x the item's average; season days average 1.62x non-season demand,False,[]
M007,W001,NO_ACTION,False,,0,0,0,[],[],0,LOW,Projected usable inventory (215.53) stays above safety stock (130) through the lead time,False,Usable stock (492) is above the minimum threshold (310),LOW,Forecast demand is expected to consume all usable stock expiring within 60 days,0.0,0,492,0,492,492,310,130,3200,5,66.2,276.4657325744629,406.4657325744629,215.5342674255371,7.43202416918429,0.0,0.0,Usable stock (492) covers required stock (406.47),NORMAL,Historical seasonal demand pattern: in 2025-10-01..2025-10-30 (same period last year) season_flag was active on 0% of days and demand was 0.79x the item's average; season days average 1.63x non-season demand,False,[]
M007,W002,NO_ACTION,False,SOURCE,0,132,0,[],['W005'],0,LOW,Projected usable inventory (516.16) stays above safety stock (100) through the lead time,False,Usable stock (709) is above the minimum threshold (280),LOW,Forecast demand is expected to consume all usable stock expiring within 60 days,0.0,0,709,0,709,577,280,100,2600,5,48.342465753424655,192.84463119506836,292.84463119506836,516.1553688049316,14.666194389345424,0.0,0.0,Usable stock (709) covers required stock (292.84); also sends 132 surplus units to W005,NORMAL,Historical seasonal demand pattern: in 2025-10-01..2025-10-30 (same period last year) season_flag was active on 0% of days and demand was 0.83x the item's average; season days average 1.64x non-season demand,False,"[{'sku_id': 'M007', 'source_warehouse': 'W002', 'destination_warehouse': 'W005', 'batch_id': 'B00087', 'transfer_quantity': 132, 'transfer_type': 'SHORTAGE_EXCESS', 'expiry_date': '2026-10-31', 'days_to_expiry': 31, 'destination_consumption_before_expiry': 1162.34, 'source_usable_before': 709, 'source_usable_after': 577, 'destination_usable_before': 258, 'destination_usable_after': 390, 'reason': 'Shortage at W005 (131.17 units); W002 holds 416.16 units above its required stock (292.84)'}]"
M007,W003,NO_ACTION,False,,0,0,0,[],[],0,LOW,Projected usable inventory (806.96) stays above safety stock (180) through the lead time,False,Usable stock (1109) is above the minimum threshold (270),LOW,Forecast demand is expected to consume all usable stock expiring within 60 days,0.0,0,1109,0,1109,1109,270,180,3400,6,61.602739726027394,302.03658294677734,482.03658294677734,806.9634170532227,18.00244607516122,0.0,0.0,"Usable stock (1,109) covers required stock (482.04)",NORMAL,Historical seasonal demand pattern: in 2025-10-01..2025-10-30 (same period last year) season_flag was active on 0% of days and demand was 0.84x the item's average; season days average 1.71x non-season demand,False,[]
M007,W004,NO_ACTION,False,,0,0,0,[],[],0,LOW,Projected usable inventory (564.45) stays above safety stock (140) through the lead time,False,Usable stock (795) is above the minimum threshold (330),LOW,Forecast demand is expected to consume all usable stock expiring within 60 days,0.0,0,795,0,795,795,330,140,3300,4,66.21095890410959,230.5470085144043,370.5470085144043,564.4529914855957,12.007075764472214,0.0,0.0,Usable stock (795) covers required stock (370.55),NORMAL,Historical seasonal demand pattern: in 2025-10-01..2025-10-30 (same period last year) season_flag was active on 0% of days and demand was 0.85x the item's average; season days average 1.71x non-season demand,False,[]
M007,W005,TRANSFER,True,DESTINATION,132,0,0,['W002'],[],0,HIGH,Projected usable inventory (-21.17) falls to zero or below during the lead time: forecast demand exceeds usable stock,False,Usable stock (258) is above the minimum threshold (210),LOW,Forecast demand is expected to consume all usable stock expiring within 60 days,0.0,0,258,0,258,390,210,110,2200,7,47.49315068493151,279.16577529907227,389.16577529907227,-21.165775299072266,5.432362272858379,131.17,0.0,Receive 132 units from W002; covers the full shortage of 131.17 units,NORMAL,Historical seasonal demand pattern: in 2025-10-01..2025-10-30 (same period last year) season_flag was active on 0% of days and demand was 0.82x the item's average; season days average 1.73x non-season demand,False,"[{'sku_id': 'M007', 'source_warehouse': 'W002', 'destination_warehouse': 'W005', 'batch_id': 'B00087', 'transfer_quantity': 132, 'transfer_type': 'SHORTAGE_EXCESS', 'expiry_date': '2026-10-31', 'days_to_expiry': 31, 'destination_consumption_before_expiry': 1162.34, 'source_usable_before': 709, 'source_usable_after': 577, 'destination_usable_before': 258, 'destination_usable_after': 390, 'reason': 'Shortage at W005 (131.17 units); W002 holds 416.16 units above its required stock (292.84)'}]"
M007,W006,NO_ACTION,False,,0,0,0,[],[],0,LOW,Projected usable inventory (394.97) stays above safety stock (100) through the lead time,False,Usable stock (584) is above the minimum threshold (220),LOW,Forecast demand is expected to consume all usable stock expiring within 60 days,0.0,0,584,0,584,584,220,100,2100,5,48.88219178082192,189.03450393676758,289.0345039367676,394.9654960632324,11.947091133281022,0.0,0.0,Usable stock (584) covers required stock (289.03),NORMAL,Historical seasonal demand pattern: in 2025-10-01..2025-10-30 (same period last year) season_flag was active on 0% of days and demand was 0.81x the item's average; season days average 1.61x non-season demand,False,[]
M008,W001,TRANSFER,True,DESTINATION,155,0,0,['W005'],[],0,HIGH,Projected usable inventory (-34.05) falls to zero or below during the lead time: forecast demand exceeds usable stock,True,Usable stock (193) is at or below the minimum threshold (270),LOW,Forecast demand is expected to consume all usable stock expiring within 60 days,0.0,0,193,0,193,348,270,120,2600,5,56.11232876712329,227.05149459838867,347.0514945983887,-34.05149459838867,3.439529319857429,154.05,0.0,Receive 155 units from W005; covers the full shortage of 154.05 units,NORMAL,Historical seasonal demand pattern: in 2025-10-01..2025-10-30 (same period last year) season_flag was active on 0% of days and demand was 0.78x the item's average; season days average 1.70x non-season demand,False,"[{'sku_id': 'M008', 'source_warehouse': 'W005', 'destination_warehouse': 'W001', 'batch_id': 'B00108', 'transfer_quantity': 155, 'transfer_type': 'SHORTAGE_EXCESS', 'expiry_date': '2026-11-06', 'days_to_expiry': 37, 'destination_consumption_before_expiry': 1649.58, 'source_usable_before': 1995, 'source_usable_after': 1840, 'destination_usable_before': 193, 'destination_usable_after': 348, 'reason': 'Shortage at W001 (154.05 units); W005 holds 1,635.63 units above its required stock (359.37)'}]"
M008,W002,NO_ACTION,False,,0,0,0,[],[],0,LOW,Projected usable inventory (349.63) stays above safety stock (120) through the lead time,False,Usable stock (498) is above the minimum threshold (210),LOW,Forecast demand is expected to consume all usable stock expiring within 60 days; 120 units already expired (excluded from usable stock),0.0,0,618,120,498,498,210,120,2300,4,45.679452054794524,148.36837005615234,268.36837005615234,349.63162994384766,10.902057218257061,0.0,0.0,Usable stock (498) covers required stock (268.37),NORMAL,Historical seasonal demand pattern: in 2025-10-01..2025-10-30 (same period last year) season_flag was active on 0% of days and demand was 0.82x the item's average; season days average 1.70x non-season demand,False,[]
M008,W003,NO_ACTION,False,,0,0,0,[],[],0,LOW,Projected usable inventory (418.55) stays above safety stock (150) through the lead time,False,Usable stock (644) is above the minimum threshold (280),LOW,Forecast demand is expected to consume all usable stock expiring within 60 days,0.0,0,644,0,644,644,280,150,2400,5,55.52328767123288,225.4518699645996,375.4518699645996,418.5481300354004,11.598736800552649,0.0,0.0,Usable stock (644) covers required stock (375.45),NORMAL,Historical seasonal demand pattern: in 2025-10-01..2025-10-30 (same period last year) season_flag was active on 0% of days and demand was 0.84x the item's average; season days average 1.72x non-season demand,False,[]
M008,W004,NO_ACTION,False,,0,0,0,[],[],0,LOW,Projected usable inventory (535.67) stays above safety stock (110) through the lead time,False,Usable stock (789) is above the minimum threshold (270),LOW,Forecast demand is expected to consume all usable stock expiring within 60 days,0.0,0,789,0,789,789,270,110,2000,6,52.326027397260276,253.32691192626953,363.32691192626953,535.6730880737305,15.07853814335829,0.0,0.0,Usable stock (789) covers required stock (363.33),NORMAL,Historical seasonal demand pattern: in 2025-10-01..2025-10-30 (same period last year) season_flag was active on 0% of days and demand was 0.85x the item's average; season days average 1.72x non-season demand,False,[]
M008,W005,NO_ACTION,False,SOURCE,0,155,0,[],['W001'],0,LOW,"Projected usable inventory (1,725.63) stays above safety stock (90) through the lead time",False,Usable stock (1995) is above the minimum threshold (240),LOW,Forecast demand is expected to consume all usable stock expiring within 60 days,0.0,0,1995,0,1995,1840,240,90,2100,7,44.63835616438356,269.36916732788086,359.36916732788086,1725.6308326721191,44.69250598416498,0.0,0.0,"Usable stock (1,995) covers required stock (359.37); also sends 155 surplus units to W001",NORMAL,Historical seasonal demand pattern: in 2025-10-01..2025-10-30 (same period last year) season_flag was active on 0% of days and demand was 0.81x the item's average; season days average 1.66x non-season demand,False,"[{'sku_id': 'M008', 'source_warehouse': 'W005', 'destination_warehouse': 'W001', 'batch_id': 'B00108', 'transfer_quantity': 155, 'transfer_type': 'SHORTAGE_EXCESS', 'expiry_date': '2026-11-06', 'days_to_expiry': 37, 'destination_consumption_before_expiry': 1649.58, 'source_usable_before': 1995, 'source_usable_after': 1840, 'destination_usable_before': 193, 'destination_usable_after': 348, 'reason': 'Shortage at W001 (154.05 units); W005 holds 1,635.63 units above its required stock (359.37)'}]"
M008,W006,NO_ACTION,False,,0,0,0,[],[],0,LOW,Projected usable inventory (555.42) stays above safety stock (110) through the lead time,False,Usable stock (703) is above the minimum threshold (240),LOW,Forecast demand is expected to consume all usable stock expiring within 60 days,0.0,0,703,0,703,703,240,110,1700,4,41.75068493150685,147.58038711547852,257.5803871154785,555.4196128845215,16.83804711595249,0.0,0.0,Usable stock (703) covers required stock (257.58),NORMAL,Historical seasonal demand pattern: in 2025-10-01..2025-10-30 (same period last year) season_flag was active on 0% of days and demand was 0.83x the item's average; season days average 1.61x non-season demand,False,[]
M009,W001,NO_ACTION,False,SOURCE,0,216,0,[],['W005'],0,LOW,Projected usable inventory (346.07) stays above safety stock (130) through the lead time,False,Usable stock (811) is above the minimum threshold (290),LOW,Forecast demand is expected to consume all usable stock expiring within 60 days,0.0,0,811,0,811,595,290,130,2400,6,57.54520547945206,464.9316101074219,594.9316101074219,346.0683898925781,14.093267948962101,0.0,0.0,Usable stock (811) covers required stock (594.93); also sends 216 surplus units to W005,SEASONAL,Historical seasonal demand pattern: in 2025-10-01..2025-10-30 (same period last year) season_flag was active on 27% of days and demand was 1.02x the item's average; season days average 1.58x non-season demand,False,"[{'sku_id': 'M009', 'source_warehouse': 'W001', 'destination_warehouse': 'W005', 'batch_id': 'B00113', 'transfer_quantity': 216, 'transfer_type': 'SHORTAGE_EXCESS', 'expiry_date': '2027-01-10', 'days_to_expiry': 102, 'destination_consumption_before_expiry': 6119.29, 'source_usable_before': 811, 'source_usable_after': 595, 'destination_usable_before': 242, 'destination_usable_after': 458, 'reason': 'Shortage at W005 (227.73 units); W001 holds 216.07 units above its required stock (594.93)'}]"
M009,W002,TRANSFER,True,DESTINATION,202,0,0,['W004'],[],0,HIGH,Projected usable inventory (-121.42) falls to zero or below during the lead time: forecast demand exceeds usable stock,True,Usable stock (162) is at or below the minimum threshold (230),LOW,Forecast demand is expected to consume all usable stock expiring within 60 days,0.0,119,162,0,162,364,230,80,2200,5,43.92054794520548,283.4226303100586,363.4226303100586,-121.4226303100586,3.6884785727652676,201.42,0.0,Receive 202 units from W004; covers the full shortage of 201.42 units,SEASONAL,Historical seasonal demand pattern: in 2025-10-01..2025-10-30 (same period last year) season_flag was active on 27% of days and demand was 0.96x the item's average; season days average 1.51x non-season demand,False,"[{'sku_id': 'M009', 'source_warehouse': 'W004', 'destination_warehouse': 'W002', 'batch_id': 'B00119', 'transfer_quantity': 202, 'transfer_type': 'SHORTAGE_EXCESS', 'expiry_date': '2027-02-15', 'days_to_expiry': 138, 'destination_consumption_before_expiry': 7721.74, 'source_usable_before': 1301, 'source_usable_after': 1099, 'destination_usable_before': 162, 'destination_usable_after': 364, 'reason': 'Shortage at W002 (201.42 units); W004 holds 688.09 units above its required stock (612.91)'}]"
M009,W003,NO_ACTION,False,,0,0,0,[],[],0,LOW,Projected usable inventory (866.05) stays above safety stock (110) through the lead time,False,Usable stock (1278) is above the minimum threshold (240),LOW,Forecast demand is expected to consume all usable stock expiring within 60 days,0.0,0,1278,0,1278,1278,240,110,2600,6,51.778082191780825,411.94963455200195,521.949634552002,866.050365447998,24.682258320546058,0.0,0.0,"Usable stock (1,278) covers required stock (521.95)",SEASONAL,Historical seasonal demand pattern: in 2025-10-01..2025-10-30 (same period last year) season_flag was active on 27% of days and demand was 1.01x the item's average; season days average 1.55x non-season demand,False,[]
M009,W004,NO_ACTION,False,SOURCE,0,214,0,[],"['W002', 'W005']",0,LOW,Projected usable inventory (840.09) stays above safety stock (140) through the lead time,False,Usable stock (1313) is above the minimum threshold (360),LOW,Forecast demand is expected to consume all usable stock expiring within 60 days,0.0,0,1313,0,1313,1099,360,140,3000,6,61.73972602739726,472.91241455078125,612.9124145507812,840.0875854492188,21.266696250277345,0.0,0.0,"Usable stock (1,313) covers required stock (612.91); also sends 214 surplus units to W002, W005",SEASONAL,Historical seasonal demand pattern: in 2025-10-01..2025-10-30 (same period last year) season_flag was active on 27% of days and demand was 0.96x the item's average; season days average 1.46x non-season demand,False,"[{'sku_id': 'M009', 'source_warehouse': 'W004', 'destination_warehouse': 'W005', 'batch_id': 'B00119', 'transfer_quantity': 12, 'transfer_type': 'SHORTAGE_EXCESS', 'expiry_date': '2027-02-15', 'days_to_expiry': 138, 'destination_consumption_before_expiry': 8106.88, 'source_usable_before': 1313, 'source_usable_after': 1301, 'destination_usable_before': 458, 'destination_usable_after': 470, 'reason': 'Shortage at W005 (11.73 units); W004 holds 700.09 units above its required stock (612.91)'}, {'sku_id': 'M009', 'source_warehouse': 'W004', 'destination_warehouse': 'W002', 'batch_id': 'B00119', 'transfer_quantity': 202, 'transfer_type': 'SHORTAGE_EXCESS', 'expiry_date': '2027-02-15', 'days_to_expiry': 138, 'destination_consumption_before_expiry': 7721.74, 'source_usable_before': 1301, 'source_usable_after': 1099, 'destination_usable_before': 162, 'destination_usable_after': 364, 'reason': 'Shortage at W002 (201.42 units); W004 holds 688.09 units above its required stock (612.91)'}]"
M009,W005,TRANSFER,True,DESTINATION,228,0,0,"['W001', 'W004']",[],0,HIGH,Projected usable inventory (-117.73) falls to zero or below during the lead time: forecast demand exceeds usable stock,False,Usable stock (242) is above the minimum threshold (220),LOW,Forecast demand is expected to consume all usable stock expiring within 60 days,0.0,0,242,0,242,470,220,110,2300,6,46.45479452054794,359.7312660217285,469.7312660217285,-117.73126602172852,5.209365416371786,227.73,0.0,"Receive 228 units from W001, W004; covers the full shortage of 227.73 units",SEASONAL,Historical seasonal demand pattern: in 2025-10-01..2025-10-30 (same period last year) season_flag was active on 27% of days and demand was 0.91x the item's average; season days average 1.54x non-season demand,False,"[{'sku_id': 'M009', 'source_warehouse': 'W001', 'destination_warehouse': 'W005', 'batch_id': 'B00113', 'transfer_quantity': 216, 'transfer_type': 'SHORTAGE_EXCESS', 'expiry_date': '2027-01-10', 'days_to_expiry': 102, 'destination_consumption_before_expiry': 6119.29, 'source_usable_before': 811, 'source_usable_after': 595, 'destination_usable_before': 242, 'destination_usable_after': 458, 'reason': 'Shortage at W005 (227.73 units); W001 holds 216.07 units above its required stock (594.93)'}, {'sku_id': 'M009', 'source_warehouse': 'W004', 'destination_warehouse': 'W005', 'batch_id': 'B00119', 'transfer_quantity': 12, 'transfer_type': 'SHORTAGE_EXCESS', 'expiry_date': '2027-02-15', 'days_to_expiry': 138, 'destination_consumption_before_expiry': 8106.88, 'source_usable_before': 1313, 'source_usable_after': 1301, 'destination_usable_before': 458, 'destination_usable_after': 470, 'reason': 'Shortage at W005 (11.73 units); W004 holds 700.09 units above its required stock (612.91)'}]"
M009,W006,NO_ACTION,False,,0,0,0,[],[],0,LOW,Projected usable inventory (522.51) stays above safety stock (110) through the lead time,False,Usable stock (851) is above the minimum threshold (250),LOW,Forecast demand is expected to consume all usable stock expiring within 60 days,0.0,0,851,0,851,851,250,110,2800,5,50.81369863013698,328.4897689819336,438.4897689819336,522.5102310180664,16.74745241818084,0.0,0.0,Usable stock (851) covers required stock (438.49),SEASONAL,Historical seasonal demand pattern: in 2025-10-01..2025-10-30 (same period last year) season_flag was active on 27% of days and demand was 1.03x the item's average; season days average 1.52x non-season demand,False,[]
M010,W001,NO_ACTION,False,,0,0,0,[],[],0,LOW,"Projected usable inventory (1,556.78) stays above safety stock (150) through the lead time",False,Usable stock (1985) is above the minimum threshold (320),LOW,Forecast demand is expected to consume all usable stock expiring within 60 days,0.0,0,1985,0,1985,1985,320,150,2700,5,66.71506849315068,428.21932220458984,578.2193222045898,1556.7806777954102,29.753398217732332,0.0,0.0,"Usable stock (1,985) covers required stock (578.22)",SEASONAL,Historical seasonal demand pattern: in 2025-10-01..2025-10-30 (same period last year) season_flag was active on 27% of days and demand was 0.92x the item's average; season days average 1.55x non-season demand,False,[]
M010,W002,NO_ACTION,False,,0,0,0,[],[],0,LOW,"Projected usable inventory (2,555.34) stays above safety stock (180) through the lead time",False,Usable stock (2945) is above the minimum threshold (350),LOW,Forecast demand is expected to consume all usable stock expiring within 60 days,0.0,0,2945,0,2945,2945,350,180,3100,5,62.47123287671233,389.65575408935547,569.6557540893555,2555.3442459106445,47.14169809665819,0.0,0.0,"Usable stock (2,945) covers required stock (569.66)",SEASONAL,Historical seasonal demand pattern: in 2025-10-01..2025-10-30 (same period last year) season_flag was active on 27% of days and demand was 0.97x the item's average; season days average 1.52x non-season demand,False,[]
M010,W003,NO_ACTION,False,,0,0,0,[],[],0,LOW,"Projected usable inventory (2,679.66) stays above safety stock (140) through the lead time",False,Usable stock (3135) is above the minimum threshold (340),LOW,Forecast demand is expected to consume all usable stock expiring within 60 days,0.0,0,3135,0,3135,3135,340,140,3300,6,59.416438356164385,455.33528900146484,595.3352890014648,2679.664710998535,52.763176096278876,0.0,0.0,"Usable stock (3,135) covers required stock (595.34)",SEASONAL,Historical seasonal demand pattern: in 2025-10-01..2025-10-30 (same period last year) season_flag was active on 27% of days and demand was 0.97x the item's average; season days average 1.53x non-season demand,False,[]
M010,W004,NO_ACTION,False,,0,0,0,[],[],0,LOW,Projected usable inventory (470.28) stays above safety stock (150) through the lead time,False,Usable stock (859) is above the minimum threshold (370),LOW,Forecast demand is expected to consume all usable stock expiring within 60 days,0.0,0,859,0,859,859,370,150,3000,4,73.3013698630137,388.72145080566406,538.7214508056641,470.27854919433594,11.718744159970099,0.0,0.0,Usable stock (859) covers required stock (538.72),SEASONAL,Historical seasonal demand pattern: in 2025-10-01..2025-10-30 (same period last year) season_flag was active on 27% of days and demand was 1.00x the item's average; season days average 1.49x non-season demand,False,[]
M010,W005,NO_ACTION,False,,0,0,0,[],[],0,LOW,"Projected usable inventory (1,603.48) stays above safety stock (120) through the lead time",False,Usable stock (1995) is above the minimum threshold (270),LOW,Forecast demand is expected to consume all usable stock expiring within 60 days,0.0,0,1995,0,1995,1995,270,120,2100,6,50.87945205479452,391.5191841125488,511.5191841125488,1603.4808158874512,39.21032793064455,0.0,0.0,"Usable stock (1,995) covers required stock (511.52)",SEASONAL,Historical seasonal demand pattern: in 2025-10-01..2025-10-30 (same period last year) season_flag was active on 27% of days and demand was 0.97x the item's average; season days average 1.65x non-season demand,False,[]
M010,W006,NO_ACTION,False,,0,0,0,[],[],0,LOW,Projected usable inventory (476.12) stays above safety stock (140) through the lead time,False,Usable stock (780) is above the minimum threshold (320),LOW,Forecast demand is expected to consume all usable stock expiring within 60 days,0.0,0,780,0,780,780,320,140,3100,4,55.84931506849315,303.8841018676758,443.8841018676758,476.1158981323242,13.966151582045622,0.0,0.0,Usable stock (780) covers required stock (443.88),SEASONAL,Historical seasonal demand pattern: in 2025-10-01..2025-10-30 (same period last year) season_flag was active on 27% of days and demand was 0.96x the item's average; season days average 1.62x non-season demand,False,[]
M011,W001,NO_ACTION,False,,0,0,0,[],[],0,LOW,Projected usable inventory (473.31) stays above safety stock (170) through the lead time,False,Usable stock (876) is above the minimum threshold (290),LOW,Forecast demand is expected to consume all usable stock expiring within 60 days,0.0,0,876,0,876,876,290,170,2600,5,65.51780821917808,402.69176483154297,572.691764831543,473.30823516845703,13.37041063811993,0.0,0.0,Usable stock (876) covers required stock (572.69),SEASONAL,Historical seasonal demand pattern: in 2025-10-01..2025-10-30 (same period last year) season_flag was active on 27% of days and demand was 0.98x the item's average; season days average 1.54x non-season demand,False,[]
M011,W002,NO_ACTION,False,,0,0,0,[],[],0,LOW,"Projected usable inventory (1,500.89) stays above safety stock (160) through the lead time",False,Usable stock (1807) is above the minimum threshold (300),LOW,Forecast demand is expected to consume all usable stock expiring within 60 days,0.0,0,1807,0,1807,1807,300,160,3300,4,60.07123287671233,306.1094665527344,466.1094665527344,1500.8905334472656,30.08095411839825,0.0,0.0,"Usable stock (1,807) covers required stock (466.11)",SEASONAL,Historical seasonal demand pattern: in 2025-10-01..2025-10-30 (same period last year) season_flag was active on 27% of days and demand was 0.91x the item's average; season days average 1.56x non-season demand,False,[]
M011,W003,TRANSFER,True,DESTINATION,39,0,0,['W006'],[],0,MEDIUM,Projected usable inventory (101.92) is at or below safety stock (140) by the end of the lead time,False,Usable stock (547) is above the minimum threshold (260),LOW,Forecast demand is expected to consume all usable stock expiring within 60 days,0.0,0,547,0,547,586,260,140,2200,6,57.54520547945206,445.07894134521484,585.0789413452148,101.92105865478516,9.505570367549037,38.08,0.0,Receive 39 units from W006; covers the full shortage of 38.08 units,SEASONAL,Historical seasonal demand pattern: in 2025-10-01..2025-10-30 (same period last year) season_flag was active on 27% of days and demand was 0.94x the item's average; season days average 1.52x non-season demand,False,"[{'sku_id': 'M011', 'source_warehouse': 'W006', 'destination_warehouse': 'W003', 'batch_id': 'B00150', 'transfer_quantity': 39, 'transfer_type': 'SHORTAGE_EXCESS', 'expiry_date': '2027-02-02', 'days_to_expiry': 125, 'destination_consumption_before_expiry': 9299.76, 'source_usable_before': 3208, 'source_usable_after': 3169, 'destination_usable_before': 547, 'destination_usable_after': 586, 'reason': 'Shortage at W003 (38.08 units); W006 holds 2,732.90 units above its required stock (475.10)'}]"
M011,W004,TRANSFER,True,DESTINATION,117,0,0,['W006'],[],0,MEDIUM,Projected usable inventory (13.27) is at or below safety stock (130) by the end of the lead time,False,Usable stock (519) is above the minimum threshold (340),LOW,Forecast demand is expected to consume all usable stock expiring within 60 days,0.0,0,519,0,519,636,340,130,4000,6,68.25205479452055,505.7334213256836,635.7334213256836,13.266578674316406,7.604166666666667,116.73,0.0,Receive 117 units from W006; covers the full shortage of 116.73 units,SEASONAL,Historical seasonal demand pattern: in 2025-10-01..2025-10-30 (same period last year) season_flag was active on 27% of days and demand was 0.98x the item's average; season days average 1.39x non-season demand,False,"[{'sku_id': 'M011', 'source_warehouse': 'W006', 'destination_warehouse': 'W004', 'batch_id': 'B00150', 'transfer_quantity': 117, 'transfer_type': 'SHORTAGE_EXCESS', 'expiry_date': '2027-02-02', 'days_to_expiry': 125, 'destination_consumption_before_expiry': 10488.28, 'source_usable_before': 3325, 'source_usable_after': 3208, 'destination_usable_before': 519, 'destination_usable_after': 636, 'reason': 'Shortage at W004 (116.73 units); W006 holds 2,849.90 units above its required stock (475.10)'}]"
M011,W005,NO_ACTION,False,,0,0,0,[],[],0,LOW,"Projected usable inventory (1,848.58) stays above safety stock (130) through the lead time",False,Usable stock (2375) is above the minimum threshold (260),LOW,Forecast demand is expected to consume all usable stock expiring within 60 days,0.0,0,2375,0,2375,2375,260,130,2500,8,49.298630136986304,526.4244155883789,656.4244155883789,1848.575584411621,48.175780815827494,0.0,0.0,"Usable stock (2,375) covers required stock (656.42)",SEASONAL,Historical seasonal demand pattern: in 2025-10-01..2025-10-30 (same period last year) season_flag was active on 27% of days and demand was 0.94x the item's average; season days average 1.56x non-season demand,False,[]
M011,W006,NO_ACTION,False,SOURCE,0,156,0,[],"['W003', 'W004']",0,LOW,"Projected usable inventory (2,999.90) stays above safety stock (150) through the lead time",False,Usable stock (3325) is above the minimum threshold (320),LOW,Forecast demand is expected to consume all usable stock expiring within 60 days,0.0,0,3325,0,3325,3169,320,150,3500,4,63.45753424657534,325.10252380371094,475.10252380371094,2999.897476196289,52.3972454882998,0.0,0.0,"Usable stock (3,325) covers required stock (475.10); also sends 156 surplus units to W003, W004",SEASONAL,Historical seasonal demand pattern: in 2025-10-01..2025-10-30 (same period last year) season_flag was active on 27% of days and demand was 1.00x the item's average; season days average 1.55x non-season demand,False,"[{'sku_id': 'M011', 'source_warehouse': 'W006', 'destination_warehouse': 'W004', 'batch_id': 'B00150', 'transfer_quantity': 117, 'transfer_type': 'SHORTAGE_EXCESS', 'expiry_date': '2027-02-02', 'days_to_expiry': 125, 'destination_consumption_before_expiry': 10488.28, 'source_usable_before': 3325, 'source_usable_after': 3208, 'destination_usable_before': 519, 'destination_usable_after': 636, 'reason': 'Shortage at W004 (116.73 units); W006 holds 2,849.90 units above its required stock (475.10)'}, {'sku_id': 'M011', 'source_warehouse': 'W006', 'destination_warehouse': 'W003', 'batch_id': 'B00150', 'transfer_quantity': 39, 'transfer_type': 'SHORTAGE_EXCESS', 'expiry_date': '2027-02-02', 'days_to_expiry': 125, 'destination_consumption_before_expiry': 9299.76, 'source_usable_before': 3208, 'source_usable_after': 3169, 'destination_usable_before': 547, 'destination_usable_after': 586, 'reason': 'Shortage at W003 (38.08 units); W006 holds 2,732.90 units above its required stock (475.10)'}]"
M012,W001,NO_ACTION,False,,0,0,0,[],[],0,LOW,Projected usable inventory (530.37) stays above safety stock (200) through the lead time,False,Usable stock (1163) is above the minimum threshold (470),LOW,Forecast demand is expected to consume all usable stock expiring within 60 days,0.0,0,1163,0,1163,1163,470,200,3900,6,82.48219178082192,632.6264038085938,832.6264038085938,530.3735961914062,14.100013286388094,0.0,0.0,"Usable stock (1,163) covers required stock (832.63)",SEASONAL,Historical seasonal demand pattern: in 2025-10-01..2025-10-30 (same period last year) season_flag was active on 27% of days and demand was 0.92x the item's average; season days average 1.57x non-season demand,False,[]
M012,W002,NO_ACTION,False,,0,0,0,[],[],0,LOW,Projected usable inventory (288.97) stays above safety stock (180) through the lead time,False,Usable stock (704) is above the minimum threshold (330),LOW,Forecast demand is expected to consume all usable stock expiring within 60 days,0.0,0,704,0,704,704,330,180,2800,5,65.78356164383561,415.0277328491211,595.0277328491211,288.9722671508789,10.701761692557579,0.0,0.0,Usable stock (704) covers required stock (595.03),SEASONAL,Historical seasonal demand pattern: in 2025-10-01..2025-10-30 (same period last year) season_flag was active on 27% of days and demand was 1.03x the item's average; season days average 1.49x non-season demand,False,[]
M012,W003,NO_ACTION,False,SOURCE,0,227,0,[],['W004'],0,LOW,Projected usable inventory (922.57) stays above safety stock (150) through the lead time,False,Usable stock (1538) is above the minimum threshold (380),LOW,Forecast demand is expected to consume all usable stock expiring within 60 days,0.0,517,1538,0,1538,1311,380,150,3800,7,70.75342465753425,615.4322280883789,765.4322280883789,922.5677719116211,21.737463697967083,0.0,0.0,"Usable stock (1,538) covers required stock (765.43); also sends 227 surplus units to W004",SEASONAL,Historical seasonal demand pattern: in 2025-10-01..2025-10-30 (same period last year) season_flag was active on 27% of days and demand was 1.03x the item's average; season days average 1.41x non-season demand,False,"[{'sku_id': 'M012', 'source_warehouse': 'W003', 'destination_warehouse': 'W004', 'batch_id': 'B00157', 'transfer_quantity': 227, 'transfer_type': 'SHORTAGE_EXCESS', 'expiry_date': '2026-10-12', 'days_to_expiry': 12, 'destination_consumption_before_expiry': 1058.33, 'source_usable_before': 1538, 'source_usable_after': 1311, 'destination_usable_before': 417, 'destination_usable_after': 644, 'reason': 'Shortage at W004 (226.19 units); W003 holds 772.57 units above its required stock (765.43)'}]"
M012,W004,TRANSFER,True,DESTINATION,227,0,0,['W003'],[],0,HIGH,Projected usable inventory (-6.19) falls to zero or below during the lead time: forecast demand exceeds usable stock,False,Usable stock (417) is above the minimum threshold (380),LOW,Forecast demand is expected to consume all usable stock expiring within 60 days,0.0,232,417,0,417,644,380,220,3400,4,84.40821917808219,423.1884536743164,643.1884536743164,-6.188453674316406,4.940277191729689,226.19,0.0,Receive 227 units from W003; covers the full shortage of 226.19 units,SEASONAL,Historical seasonal demand pattern: in 2025-10-01..2025-10-30 (same period last year) season_flag was active on 27% of days and demand was 0.90x the item's average; season days average 1.58x non-season demand,False,"[{'sku_id': 'M012', 'source_warehouse': 'W003', 'destination_warehouse': 'W004', 'batch_id': 'B00157', 'transfer_quantity': 227, 'transfer_type': 'SHORTAGE_EXCESS', 'expiry_date': '2026-10-12', 'days_to_expiry': 12, 'destination_consumption_before_expiry': 1058.33, 'source_usable_before': 1538, 'source_usable_after': 1311, 'destination_usable_before': 417, 'destination_usable_after': 644, 'reason': 'Shortage at W004 (226.19 units); W003 holds 772.57 units above its required stock (765.43)'}]"
M012,W005,NO_ACTION,False,,0,0,0,[],[],0,LOW,Projected usable inventory (545.30) stays above safety stock (150) through the lead time,False,Usable stock (1137) is above the minimum threshold (360),LOW,Forecast demand is expected to consume all usable stock expiring within 60 days,0.0,0,1137,0,1137,1137,360,150,2500,7,64.3945205479452,591.702766418457,741.702766418457,545.297233581543,17.65678182437032,0.0,0.0,"Usable stock (1,137) covers required stock (741.70)",SEASONAL,Historical seasonal demand pattern: in 2025-10-01..2025-10-30 (same period last year) season_flag was active on 27% of days and demand was 0.98x the item's average; season days average 1.51x non-season demand,False,[]
M012,W006,NO_ACTION,False,,0,0,0,[],[],0,LOW,"Projected usable inventory (2,697.74) stays above safety stock (130) through the lead time",False,Usable stock (3040) is above the minimum threshold (350),LOW,Forecast demand is expected to consume all usable stock expiring within 60 days,0.0,0,3040,0,3040,3040,350,130,3200,4,63.04931506849315,342.25547790527344,472.25547790527344,2697.7445220947266,48.21622561161083,0.0,0.0,"Usable stock (3,040) covers required stock (472.26)",SEASONAL,Historical seasonal demand pattern: in 2025-10-01..2025-10-30 (same period last year) season_flag was active on 27% of days and demand was 0.94x the item's average; season days average 1.49x non-season demand,False,[]
M013,W001,NO_ACTION,False,,0,0,0,[],[],0,LOW,Projected usable inventory (284.99) stays above safety stock (120) through the lead time,False,Usable stock (697) is above the minimum threshold (360),LOW,Forecast demand is expected to consume all usable stock expiring within 60 days,0.0,0,697,0,697,697,360,120,3300,5,64.77534246575343,412.01082611083984,532.0108261108398,284.98917388916016,10.760267309563083,0.0,0.0,Usable stock (697) covers required stock (532.01),SEASONAL,Historical seasonal demand pattern: in 2025-10-01..2025-10-30 (same period last year) season_flag was active on 27% of days and demand was 0.99x the item's average; season days average 1.56x non-season demand,False,[]
M013,W002,NO_ACTION,False,,0,0,0,[],[],0,LOW,Projected usable inventory (593.51) stays above safety stock (110) through the lead time,False,Usable stock (990) is above the minimum threshold (310),LOW,Forecast demand is expected to consume all usable stock expiring within 60 days,0.0,0,990,0,990,990,310,110,3500,5,61.50958904109589,396.48777770996094,506.48777770996094,593.5122222900391,16.095051445369915,0.0,0.0,Usable stock (990) covers required stock (506.49),SEASONAL,Historical seasonal demand pattern: in 2025-10-01..2025-10-30 (same period last year) season_flag was active on 27% of days and demand was 0.96x the item's average; season days average 1.55x non-season demand,False,[]
M013,W003,NO_ACTION,False,,0,0,0,[],[],0,LOW,"Projected usable inventory (1,055.58) stays above safety stock (160) through the lead time",False,Usable stock (1474) is above the minimum threshold (300),LOW,Forecast demand is expected to consume all usable stock expiring within 60 days,0.0,0,1474,0,1474,1474,300,160,2800,5,65.77808219178083,418.4221420288086,578.4221420288086,1055.5778579711914,22.40868007830397,0.0,0.0,"Usable stock (1,474) covers required stock (578.42)",SEASONAL,Historical seasonal demand pattern: in 2025-10-01..2025-10-30 (same period last year) season_flag was active on 27% of days and demand was 1.00x the item's average; season days average 1.51x non-season demand,False,[]
M013,W004,NO_ACTION,False,,0,0,0,[],[],0,LOW,"Projected usable inventory (1,440.88) stays above safety stock (210) through the lead time",False,Usable stock (1896) is above the minimum threshold (380),LOW,Forecast demand is expected to consume all usable stock expiring within 60 days,0.0,0,1896,0,1896,1896,380,210,3500,5,75.04931506849314,455.11839294433594,665.1183929443359,1440.881607055664,25.26338845690505,0.0,0.0,"Usable stock (1,896) covers required stock (665.12)",SEASONAL,Historical seasonal demand pattern: in 2025-10-01..2025-10-30 (same period last year) season_flag was active on 27% of days and demand was 1.08x the item's average; season days average 1.52x non-season demand,False,[]
M013,W005,NO_ACTION,False,,0,0,0,[],[],0,LOW,Projected usable inventory (364.60) stays above safety stock (120) through the lead time,False,Usable stock (776) is above the minimum threshold (230),LOW,Forecast demand is expected to consume all usable stock expiring within 60 days,0.0,0,776,0,776,776,230,120,2600,7,45.983561643835614,411.39638900756836,531.3963890075684,364.60361099243164,16.875595805529077,0.0,0.0,Usable stock (776) covers required stock (531.40),SEASONAL,Historical seasonal demand pattern: in 2025-10-01..2025-10-30 (same period last year) season_flag was active on 27% of days and demand was 1.00x the item's average; season days average 1.53x non-season demand,False,[]
M013,W006,NO_ACTION,False,,0,0,0,[],[],0,LOW,Projected usable inventory (516.66) stays above safety stock (120) through the lead time,False,Usable stock (930) is above the minimum threshold (280),LOW,Forecast demand is expected to consume all usable stock expiring within 60 days,0.0,0,930,0,930,930,280,120,3000,5,63.68493150684932,413.34049224853516,533.3404922485352,516.6595077514648,14.603140460314046,0.0,0.0,Usable stock (930) covers required stock (533.34),SEASONAL,Historical seasonal demand pattern: in 2025-10-01..2025-10-30 (same period last year) season_flag was active on 27% of days and demand was 0.97x the item's average; season days average 1.58x non-season demand,False,[]
M014,W001,NO_ACTION,False,SOURCE,0,498,0,[],"['W002', 'W003', 'W005']",0,LOW,"Projected usable inventory (1,336.07) stays above safety stock (120) through the lead time",False,Usable stock (1528) is above the minimum threshold (250),LOW,Forecast demand is expected to consume all usable stock expiring within 60 days,0.0,0,1528,0,1528,1030,250,120,2500,5,40.227397260273975,191.93450927734375,311.93450927734375,1336.0654907226562,37.984063202342845,0.0,0.0,"Usable stock (1,528) covers required stock (311.93); also sends 498 surplus units to W002, W003, W005",NORMAL,Historical seasonal demand pattern: in 2025-10-01..2025-10-30 (same period last year) season_flag was active on 0% of days and demand was 0.96x the item's average,False,"[{'sku_id': 'M014', 'source_warehouse': 'W001', 'destination_warehouse': 'W002', 'batch_id': 'B00184', 'transfer_quantity': 198, 'transfer_type': 'SHORTAGE_EXCESS', 'expiry_date': '2027-02-07', 'days_to_expiry': 130, 'destination_consumption_before_expiry': 5226.83, 'source_usable_before': 1528, 'source_usable_after': 1330, 'destination_usable_before': 141, 'destination_usable_after': 339, 'reason': 'Shortage at W002 (197.70 units); W001 holds 1,216.07 units above its required stock (311.93)'}, {'sku_id': 'M014', 'source_warehouse': 'W001', 'destination_warehouse': 'W005', 'batch_id': 'B00184', 'transfer_quantity': 183, 'transfer_type': 'SHORTAGE_EXCESS', 'expiry_date': '2027-02-07', 'days_to_expiry': 130, 'destination_consumption_before_expiry': 4512.35, 'source_usable_before': 1330, 'source_usable_after': 1147, 'destination_usable_before': 127, 'destination_usable_after': 310, 'reason': 'Shortage at W005 (182.36 units); W001 holds 1,018.07 units above its required stock (311.93)'}, {'sku_id': 'M014', 'source_warehouse': 'W001', 'destination_warehouse': 'W003', 'batch_id': 'B00184', 'transfer_quantity': 117, 'transfer_type': 'SHORTAGE_EXCESS', 'expiry_date': '2027-02-07', 'days_to_expiry': 130, 'destination_consumption_before_expiry': 5367.26, 'source_usable_before': 1147, 'source_usable_after': 1030, 'destination_usable_before': 309, 'destination_usable_after': 426, 'reason': 'Shortage at W003 (116.61 units); W001 holds 835.07 units above its required stock (311.93)'}]"
M014,W002,TRANSFER,True,DESTINATION,198,0,0,['W001'],[],0,HIGH,Projected usable inventory (-57.70) falls to zero or below during the lead time: forecast demand exceeds usable stock,True,Usable stock (141) is at or below the minimum threshold (210),LOW,Forecast demand is expected to consume all usable stock expiring within 60 days,0.0,0,141,0,141,339,210,140,2500,5,40.73972602739726,198.69792556762695,338.69792556762695,-57.69792556762695,3.460995292535306,197.7,0.0,Receive 198 units from W001; covers the full shortage of 197.70 units,NORMAL,Historical seasonal demand pattern: in 2025-10-01..2025-10-30 (same period last year) season_flag was active on 0% of days and demand was 0.97x the item's average,False,"[{'sku_id': 'M014', 'source_warehouse': 'W001', 'destination_warehouse': 'W002', 'batch_id': 'B00184', 'transfer_quantity': 198, 'transfer_type': 'SHORTAGE_EXCESS', 'expiry_date': '2027-02-07', 'days_to_expiry': 130, 'destination_consumption_before_expiry': 5226.83, 'source_usable_before': 1528, 'source_usable_after': 1330, 'destination_usable_before': 141, 'destination_usable_after': 339, 'reason': 'Shortage at W002 (197.70 units); W001 holds 1,216.07 units above its required stock (311.93)'}]"
M014,W003,TRANSFER,True,DESTINATION,117,0,0,['W001'],[],0,MEDIUM,Projected usable inventory (13.39) is at or below safety stock (130) by the end of the lead time,False,Usable stock (309) is above the minimum threshold (210),LOW,Forecast demand is expected to consume all usable stock expiring within 60 days; 267 units already expired (excluded from usable stock),0.0,0,576,267,309,426,210,130,2500,7,42.20821917808219,295.6087875366211,425.6087875366211,13.391212463378906,7.320849019862392,116.61,0.0,Receive 117 units from W001; covers the full shortage of 116.61 units,NORMAL,Historical seasonal demand pattern: in 2025-10-01..2025-10-30 (same period last year) season_flag was active on 0% of days and demand was 1.02x the item's average,False,"[{'sku_id': 'M014', 'source_warehouse': 'W001', 'destination_warehouse': 'W003', 'batch_id': 'B00184', 'transfer_quantity': 117, 'transfer_type': 'SHORTAGE_EXCESS', 'expiry_date': '2027-02-07', 'days_to_expiry': 130, 'destination_consumption_before_expiry': 5367.26, 'source_usable_before': 1147, 'source_usable_after': 1030, 'destination_usable_before': 309, 'destination_usable_after': 426, 'reason': 'Shortage at W003 (116.61 units); W001 holds 835.07 units above its required stock (311.93)'}]"
M014,W004,NO_ACTION,False,,0,0,0,[],[],0,LOW,Projected usable inventory (179.67) stays above safety stock (100) through the lead time,False,Usable stock (474) is above the minimum threshold (320),LOW,Forecast demand is expected to consume all usable stock expiring within 60 days,0.0,0,474,0,474,474,320,100,2500,6,48.07945205479452,294.32745361328125,394.32745361328125,179.67254638671875,9.858681406347939,0.0,0.0,Usable stock (474) covers required stock (394.33),NORMAL,Historical seasonal demand pattern: in 2025-10-01..2025-10-30 (same period last year) season_flag was active on 0% of days and demand was 0.99x the item's average,False,[]
M014,W005,TRANSFER,True,DESTINATION,183,0,0,['W001'],[],0,HIGH,Projected usable inventory (-82.36) falls to zero or below during the lead time: forecast demand exceeds usable stock,True,Usable stock (127) is at or below the minimum threshold (230),LOW,Forecast demand is expected to consume all usable stock expiring within 60 days,0.0,0,127,0,127,310,230,100,1800,6,35.726027397260275,209.36167335510254,309.36167335510254,-82.36167335510254,3.554831288343558,182.36,0.0,Receive 183 units from W001; covers the full shortage of 182.36 units,NORMAL,Historical seasonal demand pattern: in 2025-10-01..2025-10-30 (same period last year) season_flag was active on 0% of days and demand was 1.01x the item's average,False,"[{'sku_id': 'M014', 'source_warehouse': 'W001', 'destination_warehouse': 'W005', 'batch_id': 'B00184', 'transfer_quantity': 183, 'transfer_type': 'SHORTAGE_EXCESS', 'expiry_date': '2027-02-07', 'days_to_expiry': 130, 'destination_consumption_before_expiry': 4512.35, 'source_usable_before': 1330, 'source_usable_after': 1147, 'destination_usable_before': 127, 'destination_usable_after': 310, 'reason': 'Shortage at W005 (182.36 units); W001 holds 1,018.07 units above its required stock (311.93)'}]"
M014,W006,NO_ACTION,False,,0,0,0,[],[],0,LOW,Projected usable inventory (786.09) stays above safety stock (110) through the lead time,False,Usable stock (998) is above the minimum threshold (260),LOW,Forecast demand is expected to consume all usable stock expiring within 60 days,0.0,0,998,0,998,998,260,110,2700,5,42.536986301369865,211.91242218017578,321.9124221801758,786.0875778198242,23.461934819013265,0.0,0.0,Usable stock (998) covers required stock (321.91),NORMAL,Historical seasonal demand pattern: in 2025-10-01..2025-10-30 (same period last year) season_flag was active on 0% of days and demand was 0.96x the item's average,False,[]
M015,W001,TRANSFER,True,DESTINATION,96,0,0,['W004'],[],0,MEDIUM,Projected usable inventory (4.51) is at or below safety stock (100) by the end of the lead time,True,Usable stock (174) is at or below the minimum threshold (230),LOW,Forecast demand is expected to consume all usable stock expiring within 60 days,0.0,95,174,0,174,270,230,100,2400,5,35.11232876712329,169.48557662963867,269.4855766296387,4.514423370361328,4.955524344569288,95.49,0.0,Receive 96 units from W004; covers the full shortage of 95.49 units,NORMAL,Historical seasonal demand pattern: in 2025-10-01..2025-10-30 (same period last year) season_flag was active on 0% of days and demand was 0.96x the item's average,False,"[{'sku_id': 'M015', 'source_warehouse': 'W004', 'destination_warehouse': 'W001', 'batch_id': 'B00203', 'transfer_quantity': 96, 'transfer_type': 'SHORTAGE_EXCESS', 'expiry_date': '2026-10-16', 'days_to_expiry': 16, 'destination_consumption_before_expiry': 486.88, 'source_usable_before': 425, 'source_usable_after': 329, 'destination_usable_before': 174, 'destination_usable_after': 270, 'reason': 'Shortage at W001 (95.49 units); W004 holds 183.15 units above its required stock (241.85)'}]"
M015,W002,TRANSFER,True,SOURCE,0,305,58,[],"['W003', 'W005']",0,LOW,Projected usable inventory (385.34) stays above safety stock (80) through the lead time,False,Usable stock (524) is above the minimum threshold (150),HIGH,58.49 units in batches expiring within 30 days exceed forecast demand before their expiry,58.49,395,524,0,524,219,150,80,1600,5,28.649315068493152,138.65563201904297,218.65563201904297,385.34436798095703,18.290140575690923,0.0,0.0,"Send 58 expiry-risk units to W005 before they expire unused; also sends 247 surplus units to W003, W005",NORMAL,Historical seasonal demand pattern: in 2025-10-01..2025-10-30 (same period last year) season_flag was active on 0% of days and demand was 0.98x the item's average,False,"[{'sku_id': 'M015', 'source_warehouse': 'W002', 'destination_warehouse': 'W005', 'batch_id': 'B00199', 'transfer_quantity': 58, 'transfer_type': 'EXPIRY_PREVENTION', 'expiry_date': '2026-10-12', 'days_to_expiry': 12, 'destination_consumption_before_expiry': 234.23, 'source_usable_before': 524, 'source_usable_after': 466, 'destination_usable_before': 36, 'destination_usable_after': 94, 'reason': 'Shortage at W005 and expiry risk at W002: W002 batch B00199 has 58.49 units forecast to expire unused in 12 days; W005 can consume 234.23 units between arrival (day 2) and expiry'}, {'sku_id': 'M015', 'source_warehouse': 'W002', 'destination_warehouse': 'W005', 'batch_id': 'B00199', 'transfer_quantity': 166, 'transfer_type': 'SHORTAGE_EXCESS', 'expiry_date': '2026-10-12', 'days_to_expiry': 12, 'destination_consumption_before_expiry': 176.23, 'source_usable_before': 466, 'source_usable_after': 300, 'destination_usable_before': 107, 'destination_usable_after': 273, 'reason': 'Shortage at W005 (165.50 units); W002 holds 246.34 units above its required stock (218.66)'}, {'sku_id': 'M015', 'source_warehouse': 'W002', 'destination_warehouse': 'W003', 'batch_id': 'B00199', 'transfer_quantity': 81, 'transfer_type': 'SHORTAGE_EXCESS', 'expiry_date': '2026-10-12', 'days_to_expiry': 12, 'destination_consumption_before_expiry': 268.28, 'source_usable_before': 300, 'source_usable_after': 219, 'destination_usable_before': 77, 'destination_usable_after': 158, 'reason': 'Shortage at W003 (184.08 units); W002 holds 81.34 units above its required stock (218.66)'}]"
M015,W003,TRANSFER,True,DESTINATION,185,0,0,"['W002', 'W004']",[],0,HIGH,Projected usable inventory (-114.08) falls to zero or below during the lead time: forecast demand exceeds usable stock,True,Usable stock (77) is at or below the minimum threshold (160),LOW,Forecast demand is expected to consume all usable stock expiring within 60 days,0.0,0,77,0,77,262,160,70,1400,7,28.167123287671235,191.0773410797119,261.0773410797119,-114.07734107971191,2.7336834938235577,184.08,0.0,"Receive 185 units from W002, W004; covers the full shortage of 184.08 units",NORMAL,Historical seasonal demand pattern: in 2025-10-01..2025-10-30 (same period last year) season_flag was active on 0% of days and demand was 0.92x the item's average,False,"[{'sku_id': 'M015', 'source_warehouse': 'W002', 'destination_warehouse': 'W003', 'batch_id': 'B00199', 'transfer_quantity': 81, 'transfer_type': 'SHORTAGE_EXCESS', 'expiry_date': '2026-10-12', 'days_to_expiry': 12, 'destination_consumption_before_expiry': 268.28, 'source_usable_before': 300, 'source_usable_after': 219, 'destination_usable_before': 77, 'destination_usable_after': 158, 'reason': 'Shortage at W003 (184.08 units); W002 holds 81.34 units above its required stock (218.66)'}, {'sku_id': 'M015', 'source_warehouse': 'W004', 'destination_warehouse': 'W003', 'batch_id': 'B00203', 'transfer_quantity': 104, 'transfer_type': 'SHORTAGE_EXCESS', 'expiry_date': '2026-10-16', 'days_to_expiry': 16, 'destination_consumption_before_expiry': 303.99, 'source_usable_before': 529, 'source_usable_after': 425, 'destination_usable_before': 158, 'destination_usable_after': 262, 'reason': 'Shortage at W003 (103.08 units); W004 holds 286.15 units above its required stock (241.85)'}]"
M015,W004,TRANSFER,True,SOURCE,0,213,13,[],"['W001', 'W003', 'W005']",0,LOW,Projected usable inventory (410.15) stays above safety stock (110) through the lead time,False,Usable stock (542) is above the minimum threshold (170),HIGH,13.52 units in batches expiring within 30 days exceed forecast demand before their expiry,13.52,542,542,0,542,329,170,110,1900,4,34.41095890410959,131.84715843200684,241.84715843200684,410.15284156799316,15.750796178343949,0.0,0.0,"Send 13 expiry-risk units to W005 before they expire unused; also sends 200 surplus units to W001, W003",NORMAL,Historical seasonal demand pattern: in 2025-10-01..2025-10-30 (same period last year) season_flag was active on 0% of days and demand was 0.93x the item's average,False,"[{'sku_id': 'M015', 'source_warehouse': 'W004', 'destination_warehouse': 'W005', 'batch_id': 'B00203', 'transfer_quantity': 13, 'transfer_type': 'EXPIRY_PREVENTION', 'expiry_date': '2026-10-16', 'days_to_expiry': 16, 'destination_consumption_before_expiry': 277.04, 'source_usable_before': 542, 'source_usable_after': 529, 'destination_usable_before': 94, 'destination_usable_after': 107, 'reason': 'Shortage at W005 and expiry risk at W004: W004 batch B00203 has 13.52 units forecast to expire unused in 16 days; W005 can consume 277.04 units between arrival (day 2) and expiry'}, {'sku_id': 'M015', 'source_warehouse': 'W004', 'destination_warehouse': 'W003', 'batch_id': 'B00203', 'transfer_quantity': 104, 'transfer_type': 'SHORTAGE_EXCESS', 'expiry_date': '2026-10-16', 'days_to_expiry': 16, 'destination_consumption_before_expiry': 303.99, 'source_usable_before': 529, 'source_usable_after': 425, 'destination_usable_before': 158, 'destination_usable_after': 262, 'reason': 'Shortage at W003 (103.08 units); W004 holds 286.15 units above its required stock (241.85)'}, {'sku_id': 'M015', 'source_warehouse': 'W004', 'destination_warehouse': 'W001', 'batch_id': 'B00203', 'transfer_quantity': 96, 'transfer_type': 'SHORTAGE_EXCESS', 'expiry_date': '2026-10-16', 'days_to_expiry': 16, 'destination_consumption_before_expiry': 486.88, 'source_usable_before': 425, 'source_usable_after': 329, 'destination_usable_before': 174, 'destination_usable_after': 270, 'reason': 'Shortage at W001 (95.49 units); W004 holds 183.15 units above its required stock (241.85)'}]"
M015,W005,TRANSFER,True,DESTINATION,237,0,0,"['W002', 'W004']",[],0,HIGH,Projected usable inventory (-156.50) falls to zero or below during the lead time: forecast demand exceeds usable stock,True,Usable stock (36) is at or below the minimum threshold (130),LOW,Forecast demand is expected to consume all usable stock expiring within 60 days,0.0,0,36,0,36,273,130,80,1300,8,24.08219178082192,192.4983425140381,272.4983425140381,-156.4983425140381,1.4948805460750854,236.5,0.0,"Receive 237 units from W002, W004; covers the full shortage of 236.50 units",NORMAL,Historical seasonal demand pattern: in 2025-10-01..2025-10-30 (same period last year) season_flag was active on 0% of days and demand was 1.00x the item's average,False,"[{'sku_id': 'M015', 'source_warehouse': 'W002', 'destination_warehouse': 'W005', 'batch_id': 'B00199', 'transfer_quantity': 58, 'transfer_type': 'EXPIRY_PREVENTION', 'expiry_date': '2026-10-12', 'days_to_expiry': 12, 'destination_consumption_before_expiry': 234.23, 'source_usable_before': 524, 'source_usable_after': 466, 'destination_usable_before': 36, 'destination_usable_after': 94, 'reason': 'Shortage at W005 and expiry risk at W002: W002 batch B00199 has 58.49 units forecast to expire unused in 12 days; W005 can consume 234.23 units between arrival (day 2) and expiry'}, {'sku_id': 'M015', 'source_warehouse': 'W004', 'destination_warehouse': 'W005', 'batch_id': 'B00203', 'transfer_quantity': 13, 'transfer_type': 'EXPIRY_PREVENTION', 'expiry_date': '2026-10-16', 'days_to_expiry': 16, 'destination_consumption_before_expiry': 277.04, 'source_usable_before': 542, 'source_usable_after': 529, 'destination_usable_before': 94, 'destination_usable_after': 107, 'reason': 'Shortage at W005 and expiry risk at W004: W004 batch B00203 has 13.52 units forecast to expire unused in 16 days; W005 can consume 277.04 units between arrival (day 2) and expiry'}, {'sku_id': 'M015', 'source_warehouse': 'W002', 'destination_warehouse': 'W005', 'batch_id': 'B00199', 'transfer_quantity': 166, 'transfer_type': 'SHORTAGE_EXCESS', 'expiry_date': '2026-10-12', 'days_to_expiry': 12, 'destination_consumption_before_expiry': 176.23, 'source_usable_before': 466, 'source_usable_after': 300, 'destination_usable_before': 107, 'destination_usable_after': 273, 'reason': 'Shortage at W005 (165.50 units); W002 holds 246.34 units above its required stock (218.66)'}]"
M015,W006,NO_ACTION,False,,0,0,0,[],[],0,LOW,Projected usable inventory (371.76) stays above safety stock (80) through the lead time,False,Usable stock (457) is above the minimum threshold (140),LOW,Forecast demand is expected to consume all usable stock expiring within 60 days,0.0,0,457,0,457,457,140,80,1700,3,26.904109589041095,85.24289512634277,165.24289512634277,371.7571048736572,16.986252545824847,0.0,0.0,Usable stock (457) covers required stock (165.24),NORMAL,Historical seasonal demand pattern: in 2025-10-01..2025-10-30 (same period last year) season_flag was active on 0% of days and demand was 0.95x the item's average,False,[]
M016,W001,NO_ACTION,False,SOURCE,0,92,0,[],['W002'],0,LOW,Projected usable inventory (282.37) stays above safety stock (190) through the lead time,False,Usable stock (564) is above the minimum threshold (320),LOW,Forecast demand is expected to consume all usable stock expiring within 60 days,0.0,0,564,0,564,472,320,190,3200,5,59.06301369863014,281.6250190734863,471.6250190734863,282.3749809265137,9.54912329529641,0.0,0.0,Usable stock (564) covers required stock (471.63); also sends 92 surplus units to W002,NORMAL,Historical seasonal demand pattern: in 2025-10-01..2025-10-30 (same period last year) season_flag was active on 0% of days and demand was 0.96x the item's average,False,"[{'sku_id': 'M016', 'source_warehouse': 'W001', 'destination_warehouse': 'W002', 'batch_id': 'B00208', 'transfer_quantity': 92, 'transfer_type': 'SHORTAGE_EXCESS', 'expiry_date': '2027-07-20', 'days_to_expiry': 293, 'destination_consumption_before_expiry': 14274.93, 'source_usable_before': 564, 'source_usable_after': 472, 'destination_usable_before': 215, 'destination_usable_after': 307, 'reason': 'Shortage at W002 (164.93 units); W001 holds 92.37 units above its required stock (471.63)'}]"
M016,W002,TRANSFER,True,DESTINATION,208,0,0,"['W001', 'W003', 'W004', 'W006']",[],0,HIGH,Projected usable inventory (-67.93) falls to zero or below during the lead time: forecast demand exceeds usable stock,True,Usable stock (172) is at or below the minimum threshold (300),LOW,Forecast demand is expected to consume all usable stock expiring within 60 days,0.0,0,172,0,172,380,300,140,2400,5,51.221917808219175,239.92744064331055,379.92744064331055,-67.92744064331055,3.357937526743689,207.93,0.0,"Receive 208 units from W001, W003, W004, W006; covers the full shortage of 207.93 units",NORMAL,Historical seasonal demand pattern: in 2025-10-01..2025-10-30 (same period last year) season_flag was active on 0% of days and demand was 0.92x the item's average,False,"[{'sku_id': 'M016', 'source_warehouse': 'W003', 'destination_warehouse': 'W002', 'batch_id': 'B00212', 'transfer_quantity': 43, 'transfer_type': 'SHORTAGE_EXCESS', 'expiry_date': '2027-04-10', 'days_to_expiry': 192, 'destination_consumption_before_expiry': 9418.53, 'source_usable_before': 479, 'source_usable_after': 436, 'destination_usable_before': 172, 'destination_usable_after': 215, 'reason': 'Shortage at W002 (207.93 units); W003 holds 43.51 units above its required stock (435.49)'}, {'sku_id': 'M016', 'source_warehouse': 'W001', 'destination_warehouse': 'W002', 'batch_id': 'B00208', 'transfer_quantity': 92, 'transfer_type': 'SHORTAGE_EXCESS', 'expiry_date': '2027-07-20', 'days_to_expiry': 293, 'destination_consumption_before_expiry': 14274.93, 'source_usable_before': 564, 'source_usable_after': 472, 'destination_usable_before': 215, 'destination_usable_after': 307, 'reason': 'Shortage at W002 (164.93 units); W001 holds 92.37 units above its required stock (471.63)'}, {'sku_id': 'M016', 'source_warehouse': 'W004', 'destination_warehouse': 'W002', 'batch_id': 'B00215', 'transfer_quantity': 13, 'transfer_type': 'SHORTAGE_EXCESS', 'expiry_date': '2027-08-19', 'days_to_expiry': 323, 'destination_consumption_before_expiry': 15670.57, 'source_usable_before': 415, 'source_usable_after': 402, 'destination_usable_before': 307, 'destination_usable_after': 320, 'reason': 'Shortage at W002 (72.93 units); W004 holds 13.12 units above its required stock (401.88)'}, {'sku_id': 'M016', 'source_warehouse': 'W006', 'destination_warehouse': 'W002', 'batch_id': 'B00220', 'transfer_quantity': 60, 'transfer_type': 'SHORTAGE_EXCESS', 'expiry_date': '2027-12-02', 'days_to_expiry': 428, 'destination_consumption_before_expiry': 20864.33, 'source_usable_before': 1050, 'source_usable_after': 990, 'destination_usable_before': 320, 'destination_usable_after': 380, 'reason': 'Shortage at W002 (59.93 units); W006 holds 773.09 units above its required stock (276.91)'}]"
M016,W003,NO_ACTION,False,SOURCE,0,122,0,[],"['W002', 'W005']",0,LOW,Projected usable inventory (262.51) stays above safety stock (140) through the lead time,False,Usable stock (558) is above the minimum threshold (290),LOW,Forecast demand is expected to consume all usable stock expiring within 60 days,0.0,0,558,0,558,436,290,140,3300,6,51.512328767123286,295.49059295654297,435.49059295654297,262.50940704345703,10.8323582597596,0.0,0.0,"Usable stock (558) covers required stock (435.49); also sends 122 surplus units to W002, W005",NORMAL,Historical seasonal demand pattern: in 2025-10-01..2025-10-30 (same period last year) season_flag was active on 0% of days and demand was 1.00x the item's average,False,"[{'sku_id': 'M016', 'source_warehouse': 'W003', 'destination_warehouse': 'W005', 'batch_id': 'B00212', 'transfer_quantity': 79, 'transfer_type': 'SHORTAGE_EXCESS', 'expiry_date': '2027-04-10', 'days_to_expiry': 192, 'destination_consumption_before_expiry': 7669.41, 'source_usable_before': 558, 'source_usable_after': 479, 'destination_usable_before': 351, 'destination_usable_after': 430, 'reason': 'Shortage at W005 (78.33 units); W003 holds 122.51 units above its required stock (435.49)'}, {'sku_id': 'M016', 'source_warehouse': 'W003', 'destination_warehouse': 'W002', 'batch_id': 'B00212', 'transfer_quantity': 43, 'transfer_type': 'SHORTAGE_EXCESS', 'expiry_date': '2027-04-10', 'days_to_expiry': 192, 'destination_consumption_before_expiry': 9418.53, 'source_usable_before': 479, 'source_usable_after': 436, 'destination_usable_before': 172, 'destination_usable_after': 215, 'reason': 'Shortage at W002 (207.93 units); W003 holds 43.51 units above its required stock (435.49)'}]"
M016,W004,NO_ACTION,False,SOURCE,0,244,0,[],"['W002', 'W005']",0,LOW,Projected usable inventory (414.12) stays above safety stock (170) through the lead time,False,Usable stock (646) is above the minimum threshold (320),LOW,Forecast demand is expected to consume all usable stock expiring within 60 days,0.0,0,646,0,646,402,320,170,3600,4,56.78082191780822,231.8835563659668,401.8835563659668,414.1164436340332,11.37708082026538,0.0,0.0,"Usable stock (646) covers required stock (401.88); also sends 244 surplus units to W002, W005",NORMAL,Historical seasonal demand pattern: in 2025-10-01..2025-10-30 (same period last year) season_flag was active on 0% of days and demand was 1.01x the item's average,False,"[{'sku_id': 'M016', 'source_warehouse': 'W004', 'destination_warehouse': 'W005', 'batch_id': 'B00214', 'transfer_quantity': 231, 'transfer_type': 'SHORTAGE_EXCESS', 'expiry_date': '2027-02-01', 'days_to_expiry': 124, 'destination_consumption_before_expiry': 5119.36, 'source_usable_before': 646, 'source_usable_after': 415, 'destination_usable_before': 120, 'destination_usable_after': 351, 'reason': 'Shortage at W005 (309.33 units); W004 holds 244.12 units above its required stock (401.88)'}, {'sku_id': 'M016', 'source_warehouse': 'W004', 'destination_warehouse': 'W002', 'batch_id': 'B00215', 'transfer_quantity': 13, 'transfer_type': 'SHORTAGE_EXCESS', 'expiry_date': '2027-08-19', 'days_to_expiry': 323, 'destination_consumption_before_expiry': 15670.57, 'source_usable_before': 415, 'source_usable_after': 402, 'destination_usable_before': 307, 'destination_usable_after': 320, 'reason': 'Shortage at W002 (72.93 units); W004 holds 13.12 units above its required stock (401.88)'}]"
M016,W005,TRANSFER,True,DESTINATION,310,0,0,"['W003', 'W004']",[],0,HIGH,Projected usable inventory (-219.33) falls to zero or below during the lead time: forecast demand exceeds usable stock,True,Usable stock (120) is at or below the minimum threshold (240),LOW,Forecast demand is expected to consume all usable stock expiring within 60 days,0.0,0,120,0,120,430,240,90,2400,8,43.66849315068493,339.33116149902344,429.33116149902344,-219.33116149902344,2.7479766610201395,309.33,0.0,"Receive 310 units from W003, W004; covers the full shortage of 309.33 units",NORMAL,Historical seasonal demand pattern: in 2025-10-01..2025-10-30 (same period last year) season_flag was active on 0% of days and demand was 0.98x the item's average,False,"[{'sku_id': 'M016', 'source_warehouse': 'W004', 'destination_warehouse': 'W005', 'batch_id': 'B00214', 'transfer_quantity': 231, 'transfer_type': 'SHORTAGE_EXCESS', 'expiry_date': '2027-02-01', 'days_to_expiry': 124, 'destination_consumption_before_expiry': 5119.36, 'source_usable_before': 646, 'source_usable_after': 415, 'destination_usable_before': 120, 'destination_usable_after': 351, 'reason': 'Shortage at W005 (309.33 units); W004 holds 244.12 units above its required stock (401.88)'}, {'sku_id': 'M016', 'source_warehouse': 'W003', 'destination_warehouse': 'W005', 'batch_id': 'B00212', 'transfer_quantity': 79, 'transfer_type': 'SHORTAGE_EXCESS', 'expiry_date': '2027-04-10', 'days_to_expiry': 192, 'destination_consumption_before_expiry': 7669.41, 'source_usable_before': 558, 'source_usable_after': 479, 'destination_usable_before': 351, 'destination_usable_after': 430, 'reason': 'Shortage at W005 (78.33 units); W003 holds 122.51 units above its required stock (435.49)'}]"
M016,W006,NO_ACTION,False,SOURCE,0,60,0,[],['W002'],0,LOW,Projected usable inventory (873.09) stays above safety stock (100) through the lead time,False,Usable stock (1050) is above the minimum threshold (240),LOW,Forecast demand is expected to consume all usable stock expiring within 60 days,0.0,0,1050,0,1050,990,240,100,2500,4,44.8054794520548,176.90659713745117,276.9065971374512,873.0934028625488,23.434633728751376,0.0,0.0,"Usable stock (1,050) covers required stock (276.91); also sends 60 surplus units to W002",NORMAL,Historical seasonal demand pattern: in 2025-10-01..2025-10-30 (same period last year) season_flag was active on 0% of days and demand was 0.97x the item's average,False,"[{'sku_id': 'M016', 'source_warehouse': 'W006', 'destination_warehouse': 'W002', 'batch_id': 'B00220', 'transfer_quantity': 60, 'transfer_type': 'SHORTAGE_EXCESS', 'expiry_date': '2027-12-02', 'days_to_expiry': 428, 'destination_consumption_before_expiry': 20864.33, 'source_usable_before': 1050, 'source_usable_after': 990, 'destination_usable_before': 320, 'destination_usable_after': 380, 'reason': 'Shortage at W002 (59.93 units); W006 holds 773.09 units above its required stock (276.91)'}]"
M017,W001,TRANSFER,True,DESTINATION,189,0,0,"['W005', 'W006']",[],0,HIGH,Projected usable inventory (-68.43) falls to zero or below during the lead time: forecast demand exceeds usable stock,True,Usable stock (104) is at or below the minimum threshold (230),LOW,Forecast demand is expected to consume all usable stock expiring within 60 days,0.0,0,104,0,104,293,230,120,2800,4,43.082191780821915,172.428466796875,292.428466796875,-68.428466796875,2.4139904610492846,188.43,0.0,"Receive 189 units from W005, W006; covers the full shortage of 188.43 units",NORMAL,Historical seasonal demand pattern: in 2025-10-01..2025-10-30 (same period last year) season_flag was active on 0% of days and demand was 1.03x the item's average,False,"[{'sku_id': 'M017', 'source_warehouse': 'W005', 'destination_warehouse': 'W001', 'batch_id': 'B00232', 'transfer_quantity': 167, 'transfer_type': 'SHORTAGE_EXCESS', 'expiry_date': '2026-11-11', 'days_to_expiry': 42, 'destination_consumption_before_expiry': 1724.3, 'source_usable_before': 430, 'source_usable_after': 263, 'destination_usable_before': 104, 'destination_usable_after': 271, 'reason': 'Shortage at W001 (188.43 units); W005 holds 167.25 units above its required stock (262.75)'}, {'sku_id': 'M017', 'source_warehouse': 'W006', 'destination_warehouse': 'W001', 'batch_id': 'B00234', 'transfer_quantity': 22, 'transfer_type': 'SHORTAGE_EXCESS', 'expiry_date': '2026-11-18', 'days_to_expiry': 49, 'destination_consumption_before_expiry': 1859.66, 'source_usable_before': 520, 'source_usable_after': 498, 'destination_usable_before': 271, 'destination_usable_after': 293, 'reason': 'Shortage at W001 (21.43 units); W006 holds 320.29 units above its required stock (199.71)'}]"
M017,W002,NO_ACTION,False,,0,0,0,[],[],0,LOW,Projected usable inventory (223.68) stays above safety stock (100) through the lead time,False,Usable stock (364) is above the minimum threshold (230),LOW,Forecast demand is expected to consume all usable stock expiring within 60 days; 166 units already expired (excluded from usable stock),0.0,0,530,166,364,364,230,100,1700,4,35.273972602739725,140.3182373046875,240.3182373046875,223.6817626953125,10.319223300970874,0.0,0.0,Usable stock (364) covers required stock (240.32),NORMAL,Historical seasonal demand pattern: in 2025-10-01..2025-10-30 (same period last year) season_flag was active on 0% of days and demand was 1.00x the item's average,False,[]
M017,W003,NO_ACTION,False,,0,0,0,[],[],0,LOW,"Projected usable inventory (1,506.69) stays above safety stock (70) through the lead time",False,Usable stock (1710) is above the minimum threshold (180),LOW,Forecast demand is expected to consume all usable stock expiring within 60 days,0.0,0,1710,0,1710,1710,180,70,1800,6,34.50410958904109,203.3129997253418,273.3129997253418,1506.6870002746582,49.55931395902811,0.0,0.0,"Usable stock (1,710) covers required stock (273.31)",NORMAL,Historical seasonal demand pattern: in 2025-10-01..2025-10-30 (same period last year) season_flag was active on 0% of days and demand was 0.96x the item's average,False,[]
M017,W004,NO_ACTION,False,,0,0,0,[],[],0,LOW,Projected usable inventory (454.19) stays above safety stock (90) through the lead time,False,Usable stock (600) is above the minimum threshold (250),LOW,Forecast demand is expected to consume all usable stock expiring within 60 days,0.0,0,600,0,600,600,250,90,2100,4,38.084931506849315,145.80523681640625,235.80523681640625,454.19476318359375,15.754262283288972,0.0,0.0,Usable stock (600) covers required stock (235.81),NORMAL,Historical seasonal demand pattern: in 2025-10-01..2025-10-30 (same period last year) season_flag was active on 0% of days and demand was 0.96x the item's average,False,[]
M017,W005,NO_ACTION,False,SOURCE,0,167,0,[],['W001'],0,LOW,Projected usable inventory (247.25) stays above safety stock (80) through the lead time,False,Usable stock (430) is above the minimum threshold (180),LOW,Forecast demand is expected to consume all usable stock expiring within 60 days,0.0,0,430,0,430,263,180,80,1800,6,31.975342465753425,182.74701309204102,262.747013092041,247.25298690795898,13.447862222603034,0.0,0.0,Usable stock (430) covers required stock (262.75); also sends 167 surplus units to W001,NORMAL,Historical seasonal demand pattern: in 2025-10-01..2025-10-30 (same period last year) season_flag was active on 0% of days and demand was 1.01x the item's average,False,"[{'sku_id': 'M017', 'source_warehouse': 'W005', 'destination_warehouse': 'W001', 'batch_id': 'B00232', 'transfer_quantity': 167, 'transfer_type': 'SHORTAGE_EXCESS', 'expiry_date': '2026-11-11', 'days_to_expiry': 42, 'destination_consumption_before_expiry': 1724.3, 'source_usable_before': 430, 'source_usable_after': 263, 'destination_usable_before': 104, 'destination_usable_after': 271, 'reason': 'Shortage at W001 (188.43 units); W005 holds 167.25 units above its required stock (262.75)'}]"
M017,W006,NO_ACTION,False,SOURCE,0,22,0,[],['W001'],0,LOW,Projected usable inventory (390.29) stays above safety stock (70) through the lead time,False,Usable stock (520) is above the minimum threshold (200),LOW,Forecast demand is expected to consume all usable stock expiring within 60 days,0.0,0,520,0,520,498,200,70,2200,4,33.56986301369863,129.7095947265625,199.7095947265625,390.2904052734375,15.490084061046275,0.0,0.0,Usable stock (520) covers required stock (199.71); also sends 22 surplus units to W001,NORMAL,Historical seasonal demand pattern: in 2025-10-01..2025-10-30 (same period last year) season_flag was active on 0% of days and demand was 0.91x the item's average,False,"[{'sku_id': 'M017', 'source_warehouse': 'W006', 'destination_warehouse': 'W001', 'batch_id': 'B00234', 'transfer_quantity': 22, 'transfer_type': 'SHORTAGE_EXCESS', 'expiry_date': '2026-11-18', 'days_to_expiry': 49, 'destination_consumption_before_expiry': 1859.66, 'source_usable_before': 520, 'source_usable_after': 498, 'destination_usable_before': 271, 'destination_usable_after': 293, 'reason': 'Shortage at W001 (21.43 units); W006 holds 320.29 units above its required stock (199.71)'}]"
M018,W001,NO_ACTION,False,,0,0,0,[],[],0,LOW,Projected usable inventory (105.07) stays above safety stock (100) through the lead time,False,Usable stock (342) is above the minimum threshold (260),LOW,Forecast demand is expected to consume all usable stock expiring within 60 days,0.0,0,342,0,342,342,260,100,1800,6,40.07945205479452,236.92654037475586,336.92654037475586,105.07345962524414,8.53305078952765,0.0,0.0,Usable stock (342) covers required stock (336.93),NORMAL,Historical seasonal demand pattern: in 2025-10-01..2025-10-30 (same period last year) season_flag was active on 0% of days and demand was 0.99x the item's average,False,[]
M018,W002,NO_ACTION,False,SOURCE,0,121,0,[],['W005'],0,LOW,Projected usable inventory (364.52) stays above safety stock (130) through the lead time,False,Usable stock (555) is above the minimum threshold (200),LOW,Forecast demand is expected to consume all usable stock expiring within 60 days,0.0,236,555,0,555,434,200,130,2600,5,40.41095890410959,190.48474884033203,320.48474884033203,364.51525115966797,13.733898305084745,0.0,0.0,Usable stock (555) covers required stock (320.48); also sends 121 surplus units to W005,NORMAL,Historical seasonal demand pattern: in 2025-10-01..2025-10-30 (same period last year) season_flag was active on 0% of days and demand was 0.97x the item's average,False,"[{'sku_id': 'M018', 'source_warehouse': 'W002', 'destination_warehouse': 'W005', 'batch_id': 'B00238', 'transfer_quantity': 121, 'transfer_type': 'SHORTAGE_EXCESS', 'expiry_date': '2026-10-14', 'days_to_expiry': 14, 'destination_consumption_before_expiry': 443.59, 'source_usable_before': 555, 'source_usable_after': 434, 'destination_usable_before': 259, 'destination_usable_after': 380, 'reason': 'Shortage at W005 (120.25 units); W002 holds 234.52 units above its required stock (320.48)'}]"
M018,W003,NO_ACTION,False,,0,0,0,[],[],0,LOW,"Projected usable inventory (1,999.78) stays above safety stock (120) through the lead time",False,Usable stock (2280) is above the minimum threshold (210),LOW,Forecast demand is expected to consume all usable stock expiring within 60 days,0.0,0,2280,0,2280,2280,210,120,2400,7,39.74246575342466,280.2230453491211,400.2230453491211,1999.776954650879,57.36936440093754,0.0,0.0,"Usable stock (2,280) covers required stock (400.22)",NORMAL,Historical seasonal demand pattern: in 2025-10-01..2025-10-30 (same period last year) season_flag was active on 0% of days and demand was 0.98x the item's average,False,[]
M018,W004,NO_ACTION,False,,0,0,0,[],[],0,LOW,Projected usable inventory (442.53) stays above safety stock (150) through the lead time,False,Usable stock (662) is above the minimum threshold (300),LOW,Forecast demand is expected to consume all usable stock expiring within 60 days,0.0,0,662,0,662,662,300,150,2400,5,45.298630136986304,219.46713256835938,369.4671325683594,442.5328674316406,14.614128462561993,0.0,0.0,Usable stock (662) covers required stock (369.47),NORMAL,Historical seasonal demand pattern: in 2025-10-01..2025-10-30 (same period last year) season_flag was active on 0% of days and demand was 0.97x the item's average,False,[]
M018,W005,TRANSFER,True,DESTINATION,121,0,0,['W002'],[],0,HIGH,Projected usable inventory (-0.25) falls to zero or below during the lead time: forecast demand exceeds usable stock,False,Usable stock (259) is above the minimum threshold (210),LOW,Forecast demand is expected to consume all usable stock expiring within 60 days,0.0,0,259,0,259,380,210,120,1900,7,36.868493150684934,259.25151443481445,379.25151443481445,-0.2515144348144531,7.024968417923756,120.25,0.0,Receive 121 units from W002; covers the full shortage of 120.25 units,NORMAL,Historical seasonal demand pattern: in 2025-10-01..2025-10-30 (same period last year) season_flag was active on 0% of days and demand was 0.96x the item's average,False,"[{'sku_id': 'M018', 'source_warehouse': 'W002', 'destination_warehouse': 'W005', 'batch_id': 'B00238', 'transfer_quantity': 121, 'transfer_type': 'SHORTAGE_EXCESS', 'expiry_date': '2026-10-14', 'days_to_expiry': 14, 'destination_consumption_before_expiry': 443.59, 'source_usable_before': 555, 'source_usable_after': 434, 'destination_usable_before': 259, 'destination_usable_after': 380, 'reason': 'Shortage at W005 (120.25 units); W002 holds 234.52 units above its required stock (320.48)'}]"
M018,W006,NO_ACTION,False,,0,0,0,[],[],0,LOW,Projected usable inventory (356.30) stays above safety stock (100) through the lead time,False,Usable stock (465) is above the minimum threshold (210),LOW,Forecast demand is expected to consume all usable stock expiring within 60 days,0.0,0,465,0,465,465,210,100,2300,3,35.79178082191781,108.70422744750977,208.70422744750977,356.29577255249023,12.991809552969993,0.0,0.0,Usable stock (465) covers required stock (208.70),NORMAL,Historical seasonal demand pattern: in 2025-10-01..2025-10-30 (same period last year) season_flag was active on 0% of days and demand was 0.98x the item's average,False,[]
M019,W001,TRANSFER,True,DESTINATION,117,0,0,['W006'],[],0,HIGH,Projected usable inventory (-36.74) falls to zero or below during the lead time: forecast demand exceeds usable stock,True,Usable stock (108) is at or below the minimum threshold (180),LOW,Forecast demand is expected to consume all usable stock expiring within 60 days,0.0,0,108,0,108,225,180,80,1500,5,30.224657534246575,144.74221992492673,224.74221992492673,-36.74221992492673,3.57324147933285,116.74,0.0,Receive 117 units from W006; covers the full shortage of 116.74 units,NORMAL,Historical seasonal demand pattern: in 2025-10-01..2025-10-30 (same period last year) season_flag was active on 0% of days and demand was 0.94x the item's average,False,"[{'sku_id': 'M019', 'source_warehouse': 'W006', 'destination_warehouse': 'W001', 'batch_id': 'B00261', 'transfer_quantity': 117, 'transfer_type': 'SHORTAGE_EXCESS', 'expiry_date': '2026-12-17', 'days_to_expiry': 78, 'destination_consumption_before_expiry': 2290.64, 'source_usable_before': 448, 'source_usable_after': 331, 'destination_usable_before': 108, 'destination_usable_after': 225, 'reason': 'Shortage at W001 (116.74 units); W006 holds 279.24 units above its required stock (168.76)'}]"
M019,W002,NO_ACTION,False,SOURCE,0,50,0,[],['W003'],0,LOW,Projected usable inventory (445.33) stays above safety stock (60) through the lead time,False,Usable stock (561) is above the minimum threshold (150),LOW,Forecast demand is expected to consume all usable stock expiring within 60 days,0.0,0,561,0,561,511,150,60,1300,4,29.364383561643837,115.66772651672363,175.66772651672363,445.33227348327637,19.10477701063631,0.0,0.0,Usable stock (561) covers required stock (175.67); also sends 50 surplus units to W003,NORMAL,Historical seasonal demand pattern: in 2025-10-01..2025-10-30 (same period last year) season_flag was active on 0% of days and demand was 0.94x the item's average,False,"[{'sku_id': 'M019', 'source_warehouse': 'W002', 'destination_warehouse': 'W003', 'batch_id': 'B00251', 'transfer_quantity': 50, 'transfer_type': 'SHORTAGE_EXCESS', 'expiry_date': '2027-01-18', 'days_to_expiry': 110, 'destination_consumption_before_expiry': 2979.48, 'source_usable_before': 561, 'source_usable_after': 511, 'destination_usable_before': 229, 'destination_usable_after': 279, 'reason': 'Shortage at W003 (49.64 units); W002 holds 385.33 units above its required stock (175.67)'}]"
M019,W003,TRANSFER,True,DESTINATION,92,0,0,"['W002', 'W006']",[],0,HIGH,Projected usable inventory (-11.64) falls to zero or below during the lead time: forecast demand exceeds usable stock,True,Usable stock (187) is at or below the minimum threshold (190),LOW,Forecast demand is expected to consume all usable stock expiring within 60 days,0.0,0,187,0,187,279,190,80,1700,7,28.915068493150685,198.63572311401367,278.6357231140137,-11.635723114013672,6.467216221337882,91.64,0.0,"Receive 92 units from W002, W006; covers the full shortage of 91.64 units",NORMAL,Historical seasonal demand pattern: in 2025-10-01..2025-10-30 (same period last year) season_flag was active on 0% of days and demand was 0.97x the item's average,False,"[{'sku_id': 'M019', 'source_warehouse': 'W006', 'destination_warehouse': 'W003', 'batch_id': 'B00261', 'transfer_quantity': 42, 'transfer_type': 'SHORTAGE_EXCESS', 'expiry_date': '2026-12-17', 'days_to_expiry': 78, 'destination_consumption_before_expiry': 2113.07, 'source_usable_before': 331, 'source_usable_after': 289, 'destination_usable_before': 187, 'destination_usable_after': 229, 'reason': 'Shortage at W003 (91.64 units); W006 holds 162.24 units above its required stock (168.76)'}, {'sku_id': 'M019', 'source_warehouse': 'W002', 'destination_warehouse': 'W003', 'batch_id': 'B00251', 'transfer_quantity': 50, 'transfer_type': 'SHORTAGE_EXCESS', 'expiry_date': '2027-01-18', 'days_to_expiry': 110, 'destination_consumption_before_expiry': 2979.48, 'source_usable_before': 561, 'source_usable_after': 511, 'destination_usable_before': 229, 'destination_usable_after': 279, 'reason': 'Shortage at W003 (49.64 units); W002 holds 385.33 units above its required stock (175.67)'}]"
M019,W004,NO_ACTION,False,,0,0,0,[],[],0,LOW,Projected usable inventory (395.68) stays above safety stock (80) through the lead time,False,Usable stock (546) is above the minimum threshold (190),LOW,Forecast demand is expected to consume all usable stock expiring within 60 days,0.0,0,546,0,546,546,190,80,1500,5,31.621917808219177,150.31979179382324,230.31979179382324,395.68020820617676,17.266504938485532,0.0,0.0,Usable stock (546) covers required stock (230.32),NORMAL,Historical seasonal demand pattern: in 2025-10-01..2025-10-30 (same period last year) season_flag was active on 0% of days and demand was 1.02x the item's average,False,[]
M019,W005,NO_ACTION,False,,0,0,0,[],[],0,LOW,Projected usable inventory (387.44) stays above safety stock (70) through the lead time,False,Usable stock (557) is above the minimum threshold (140),LOW,Forecast demand is expected to consume all usable stock expiring within 60 days,0.0,0,557,0,557,557,140,70,1300,7,24.556164383561644,169.55843925476074,239.55843925476074,387.44156074523926,22.682695526051546,0.0,0.0,Usable stock (557) covers required stock (239.56),NORMAL,Historical seasonal demand pattern: in 2025-10-01..2025-10-30 (same period last year) season_flag was active on 0% of days and demand was 0.94x the item's average,False,[]
M019,W006,NO_ACTION,False,SOURCE,0,159,0,[],"['W001', 'W003']",0,LOW,Projected usable inventory (369.24) stays above safety stock (90) through the lead time,False,Usable stock (448) is above the minimum threshold (140),LOW,Forecast demand is expected to consume all usable stock expiring within 60 days,0.0,0,448,0,448,289,140,90,1400,3,25.528767123287672,78.75538444519043,168.75538444519043,369.24461555480957,17.548830221077484,0.0,0.0,"Usable stock (448) covers required stock (168.76); also sends 159 surplus units to W001, W003",NORMAL,Historical seasonal demand pattern: in 2025-10-01..2025-10-30 (same period last year) season_flag was active on 0% of days and demand was 0.96x the item's average,False,"[{'sku_id': 'M019', 'source_warehouse': 'W006', 'destination_warehouse': 'W001', 'batch_id': 'B00261', 'transfer_quantity': 117, 'transfer_type': 'SHORTAGE_EXCESS', 'expiry_date': '2026-12-17', 'days_to_expiry': 78, 'destination_consumption_before_expiry': 2290.64, 'source_usable_before': 448, 'source_usable_after': 331, 'destination_usable_before': 108, 'destination_usable_after': 225, 'reason': 'Shortage at W001 (116.74 units); W006 holds 279.24 units above its required stock (168.76)'}, {'sku_id': 'M019', 'source_warehouse': 'W006', 'destination_warehouse': 'W003', 'batch_id': 'B00261', 'transfer_quantity': 42, 'transfer_type': 'SHORTAGE_EXCESS', 'expiry_date': '2026-12-17', 'days_to_expiry': 78, 'destination_consumption_before_expiry': 2113.07, 'source_usable_before': 331, 'source_usable_after': 289, 'destination_usable_before': 187, 'destination_usable_after': 229, 'reason': 'Shortage at W003 (91.64 units); W006 holds 162.24 units above its required stock (168.76)'}]"
M020,W001,REORDER,False,,0,0,0,[],[],12,MEDIUM,Projected usable inventory (68.26) is at or below safety stock (80) by the end of the lead time,False,Usable stock (198) is above the minimum threshold (170),LOW,Forecast demand is expected to consume all usable stock expiring within 60 days,0.0,0,198,0,198,198,170,80,1400,4,33.536986301369865,129.74385452270508,209.74385452270508,68.25614547729492,5.903929417531248,11.74,11.74,"After 0 units of transfers, usable stock (198) is still 11.74 below required stock (209.74); reorder 12 units",NORMAL,Historical seasonal demand pattern: in 2025-10-01..2025-10-30 (same period last year) season_flag was active on 0% of days and demand was 0.97x the item's average,False,[]
M020,W002,REORDER,False,,0,0,0,[],[],80,HIGH,Projected usable inventory (-9.90) falls to zero or below during the lead time: forecast demand exceeds usable stock,True,Usable stock (118) is at or below the minimum threshold (170),LOW,Forecast demand is expected to consume all usable stock expiring within 60 days,0.0,0,118,0,118,118,170,70,1400,4,31.734246575342464,127.89746475219727,197.89746475219727,-9.897464752197266,3.718380385047052,79.9,79.9,"After 0 units of transfers, usable stock (118) is still 79.90 below required stock (197.90); reorder 80 units",NORMAL,Historical seasonal demand pattern: in 2025-10-01..2025-10-30 (same period last year) season_flag was active on 0% of days and demand was 0.90x the item's average,False,[]
M020,W003,REORDER,False,,0,0,0,[],[],129,HIGH,Projected usable inventory (-28.53) falls to zero or below during the lead time: forecast demand exceeds usable stock,True,Usable stock (137) is at or below the minimum threshold (220),LOW,Forecast demand is expected to consume all usable stock expiring within 60 days,0.0,0,137,0,137,137,220,100,1700,5,35.21369863013699,165.53003883361816,265.53003883361816,-28.530038833618164,3.890531393449,128.53,128.53,"After 0 units of transfers, usable stock (137) is still 128.53 below required stock (265.53); reorder 129 units",NORMAL,Historical seasonal demand pattern: in 2025-10-01..2025-10-30 (same period last year) season_flag was active on 0% of days and demand was 1.03x the item's average,False,[]
M020,W004,NO_ACTION,False,SOURCE,0,185,0,[],"['W005', 'W006']",0,LOW,Projected usable inventory (255.26) stays above safety stock (70) through the lead time,False,Usable stock (467) is above the minimum threshold (190),LOW,Forecast demand is expected to consume all usable stock expiring within 60 days,0.0,0,467,0,467,282,190,70,1900,6,36.394520547945206,211.73784828186035,281.73784828186035,255.26215171813965,12.831601927130382,0.0,0.0,"Usable stock (467) covers required stock (281.74); also sends 185 surplus units to W005, W006",NORMAL,Historical seasonal demand pattern: in 2025-10-01..2025-10-30 (same period last year) season_flag was active on 0% of days and demand was 0.95x the item's average,False,"[{'sku_id': 'M020', 'source_warehouse': 'W004', 'destination_warehouse': 'W005', 'batch_id': 'B00275', 'transfer_quantity': 159, 'transfer_type': 'SHORTAGE_EXCESS', 'expiry_date': '2027-03-27', 'days_to_expiry': 178, 'destination_consumption_before_expiry': 5367.79, 'source_usable_before': 467, 'source_usable_after': 308, 'destination_usable_before': 167, 'destination_usable_after': 326, 'reason': 'Shortage at W005 (181.01 units); W004 holds 185.26 units above its required stock (281.74)'}, {'sku_id': 'M020', 'source_warehouse': 'W004', 'destination_warehouse': 'W005', 'batch_id': 'B00276', 'transfer_quantity': 23, 'transfer_type': 'SHORTAGE_EXCESS', 'expiry_date': '2028-05-08', 'days_to_expiry': 586, 'destination_consumption_before_expiry': 17496.81, 'source_usable_before': 308, 'source_usable_after': 285, 'destination_usable_before': 326, 'destination_usable_after': 349, 'reason': 'Shortage at W005 (22.01 units); W004 holds 26.26 units above its required stock (281.74)'}, {'sku_id': 'M020', 'source_warehouse': 'W004', 'destination_warehouse': 'W006', 'batch_id': 'B00276', 'transfer_quantity': 3, 'transfer_type': 'SHORTAGE_EXCESS', 'expiry_date': '2028-05-08', 'days_to_expiry': 586, 'destination_consumption_before_expiry': 17085.1, 'source_usable_before': 285, 'source_usable_after': 282, 'destination_usable_before': 75, 'destination_usable_after': 78, 'reason': 'Shortage at W006 (142.49 units); W004 holds 3.26 units above its required stock (281.74)'}]"
M020,W005,TRANSFER,True,DESTINATION,182,0,0,['W004'],[],0,HIGH,Projected usable inventory (-81.01) falls to zero or below during the lead time: forecast demand exceeds usable stock,True,Usable stock (167) is at or below the minimum threshold (180),LOW,Forecast demand is expected to consume all usable stock expiring within 60 days,0.0,0,167,0,167,349,180,100,1400,8,30.80821917808219,248.01320838928223,348.0132083892822,-81.01320838928223,5.420631391729658,181.01,0.0,Receive 182 units from W004; covers the full shortage of 181.01 units,NORMAL,Historical seasonal demand pattern: in 2025-10-01..2025-10-30 (same period last year) season_flag was active on 0% of days and demand was 0.95x the item's average,False,"[{'sku_id': 'M020', 'source_warehouse': 'W004', 'destination_warehouse': 'W005', 'batch_id': 'B00275', 'transfer_quantity': 159, 'transfer_type': 'SHORTAGE_EXCESS', 'expiry_date': '2027-03-27', 'days_to_expiry': 178, 'destination_consumption_before_expiry': 5367.79, 'source_usable_before': 467, 'source_usable_after': 308, 'destination_usable_before': 167, 'destination_usable_after': 326, 'reason': 'Shortage at W005 (181.01 units); W004 holds 185.26 units above its required stock (281.74)'}, {'sku_id': 'M020', 'source_warehouse': 'W004', 'destination_warehouse': 'W005', 'batch_id': 'B00276', 'transfer_quantity': 23, 'transfer_type': 'SHORTAGE_EXCESS', 'expiry_date': '2028-05-08', 'days_to_expiry': 586, 'destination_consumption_before_expiry': 17496.81, 'source_usable_before': 308, 'source_usable_after': 285, 'destination_usable_before': 326, 'destination_usable_after': 349, 'reason': 'Shortage at W005 (22.01 units); W004 holds 26.26 units above its required stock (281.74)'}]"
M020,W006,REORDER,True,DESTINATION,3,0,0,['W004'],[],140,HIGH,Projected usable inventory (-42.49) falls to zero or below during the lead time: forecast demand exceeds usable stock,True,Usable stock (75) is at or below the minimum threshold (180),LOW,Forecast demand is expected to consume all usable stock expiring within 60 days,0.0,0,75,0,75,78,180,100,1600,4,30.572602739726026,117.4897518157959,217.4897518157959,-42.4897518157959,2.4531768079577025,142.49,139.49,"Transfer 3 units from W004, then reorder. After 3 units of transfers, usable stock (78) is still 139.49 below required stock (217.49); reorder 140 units",NORMAL,Historical seasonal demand pattern: in 2025-10-01..2025-10-30 (same period last year) season_flag was active on 0% of days and demand was 0.89x the item's average,False,"[{'sku_id': 'M020', 'source_warehouse': 'W004', 'destination_warehouse': 'W006', 'batch_id': 'B00276', 'transfer_quantity': 3, 'transfer_type': 'SHORTAGE_EXCESS', 'expiry_date': '2028-05-08', 'days_to_expiry': 586, 'destination_consumption_before_expiry': 17085.1, 'source_usable_before': 285, 'source_usable_after': 282, 'destination_usable_before': 75, 'destination_usable_after': 78, 'reason': 'Shortage at W006 (142.49 units); W004 holds 3.26 units above its required stock (281.74)'}]"
M021,W001,NO_ACTION,False,,0,0,0,[],[],0,LOW,Projected usable inventory (327.68) stays above safety stock (130) through the lead time,False,Usable stock (603) is above the minimum threshold (290),LOW,Forecast demand is expected to consume all usable stock expiring within 60 days,0.0,0,603,0,603,603,290,130,2500,6,47.38082191780822,275.3243637084961,405.3243637084961,327.6756362915039,12.72666820862727,0.0,0.0,Usable stock (603) covers required stock (405.32),NORMAL,Historical seasonal demand pattern: in 2025-10-01..2025-10-30 (same period last year) season_flag was active on 0% of days and demand was 1.05x the item's average,False,[]
M021,W002,TRANSFER,True,DESTINATION,28,0,0,['W004'],[],0,MEDIUM,Projected usable inventory (92.51) is at or below safety stock (120) by the end of the lead time,False,Usable stock (329) is above the minimum threshold (260),LOW,Forecast demand is expected to consume all usable stock expiring within 60 days,0.0,0,329,0,329,357,260,120,2400,6,40.49041095890411,236.48884963989258,356.4888496398926,92.51115036010742,8.125380607618919,27.49,0.0,Receive 28 units from W004; covers the full shortage of 27.49 units,NORMAL,Historical seasonal demand pattern: in 2025-10-01..2025-10-30 (same period last year) season_flag was active on 0% of days and demand was 0.95x the item's average,False,"[{'sku_id': 'M021', 'source_warehouse': 'W004', 'destination_warehouse': 'W002', 'batch_id': 'B00286', 'transfer_quantity': 28, 'transfer_type': 'SHORTAGE_EXCESS', 'expiry_date': '2027-05-01', 'days_to_expiry': 213, 'destination_consumption_before_expiry': 8396.5, 'source_usable_before': 706, 'source_usable_after': 678, 'destination_usable_before': 329, 'destination_usable_after': 357, 'reason': 'Shortage at W002 (27.49 units); W004 holds 356.87 units above its required stock (349.13)'}]"
M021,W003,NO_ACTION,False,,0,0,0,[],[],0,LOW,Projected usable inventory (435.18) stays above safety stock (80) through the lead time,False,Usable stock (621) is above the minimum threshold (230),LOW,Forecast demand is expected to consume all usable stock expiring within 60 days,0.0,0,621,0,621,621,230,80,1800,5,39.50410958904109,185.82448387145996,265.82448387145996,435.17551612854004,15.719883487065678,0.0,0.0,Usable stock (621) covers required stock (265.82),NORMAL,Historical seasonal demand pattern: in 2025-10-01..2025-10-30 (same period last year) season_flag was active on 0% of days and demand was 0.92x the item's average,False,[]
M021,W004,NO_ACTION,False,SOURCE,0,28,0,[],['W002'],0,LOW,Projected usable inventory (486.87) stays above safety stock (130) through the lead time,False,Usable stock (706) is above the minimum threshold (300),LOW,Forecast demand is expected to consume all usable stock expiring within 60 days,0.0,0,706,0,706,678,300,130,2500,5,46.48219178082192,219.13190460205078,349.1319046020508,486.8680953979492,15.188612519155958,0.0,0.0,Usable stock (706) covers required stock (349.13); also sends 28 surplus units to W002,NORMAL,Historical seasonal demand pattern: in 2025-10-01..2025-10-30 (same period last year) season_flag was active on 0% of days and demand was 0.99x the item's average,False,"[{'sku_id': 'M021', 'source_warehouse': 'W004', 'destination_warehouse': 'W002', 'batch_id': 'B00286', 'transfer_quantity': 28, 'transfer_type': 'SHORTAGE_EXCESS', 'expiry_date': '2027-05-01', 'days_to_expiry': 213, 'destination_consumption_before_expiry': 8396.5, 'source_usable_before': 706, 'source_usable_after': 678, 'destination_usable_before': 329, 'destination_usable_after': 357, 'reason': 'Shortage at W002 (27.49 units); W004 holds 356.87 units above its required stock (349.13)'}]"
M021,W005,NO_ACTION,False,,0,0,0,[],[],0,LOW,Projected usable inventory (538.16) stays above safety stock (80) through the lead time,False,Usable stock (793) is above the minimum threshold (160),LOW,Forecast demand is expected to consume all usable stock expiring within 60 days,0.0,0,793,0,793,793,160,80,2100,8,32.64657534246575,254.8443717956543,334.8443717956543,538.1556282043457,24.290449815374288,0.0,0.0,Usable stock (793) covers required stock (334.84),NORMAL,Historical seasonal demand pattern: in 2025-10-01..2025-10-30 (same period last year) season_flag was active on 0% of days and demand was 0.94x the item's average,False,[]
M021,W006,NO_ACTION,False,,0,0,0,[],[],0,LOW,Projected usable inventory (402.02) stays above safety stock (100) through the lead time,False,Usable stock (566) is above the minimum threshold (260),LOW,Forecast demand is expected to consume all usable stock expiring within 60 days,0.0,0,566,0,566,566,260,100,2600,4,42.66027397260274,163.97947692871094,263.97947692871094,402.02052307128906,13.267612870078993,0.0,0.0,Usable stock (566) covers required stock (263.98),NORMAL,Historical seasonal demand pattern: in 2025-10-01..2025-10-30 (same period last year) season_flag was active on 0% of days and demand was 0.99x the item's average,False,[]
M022,W001,NO_ACTION,False,,0,0,0,[],[],0,LOW,"Projected usable inventory (1,139.84) stays above safety stock (120) through the lead time",False,Usable stock (1482) is above the minimum threshold (290),LOW,Forecast demand is expected to consume all usable stock expiring within 60 days,0.0,0,1482,0,1482,1482,290,120,3600,6,58.43287671232877,342.1561164855957,462.1561164855957,1139.8438835144043,25.362434358589645,0.0,0.0,"Usable stock (1,482) covers required stock (462.16)",NORMAL,Historical seasonal demand pattern: in 2025-10-01..2025-10-30 (same period last year) season_flag was active on 0% of days and demand was 0.93x the item's average,False,[]
M022,W002,TRANSFER,True,DESTINATION,197,0,0,"['W004', 'W006']",[],0,HIGH,Projected usable inventory (-86.57) falls to zero or below during the lead time: forecast demand exceeds usable stock,True,Usable stock (129) is at or below the minimum threshold (250),LOW,Forecast demand is expected to consume all usable stock expiring within 60 days,0.0,0,129,0,129,326,250,110,2600,5,44.487671232876714,215.57228088378906,325.57228088378906,-86.57228088378906,2.8996797635176743,196.57,0.0,"Receive 197 units from W004, W006; covers the full shortage of 196.57 units",NORMAL,Historical seasonal demand pattern: in 2025-10-01..2025-10-30 (same period last year) season_flag was active on 0% of days and demand was 1.02x the item's average,False,"[{'sku_id': 'M022', 'source_warehouse': 'W006', 'destination_warehouse': 'W002', 'batch_id': 'B00305', 'transfer_quantity': 177, 'transfer_type': 'SHORTAGE_EXCESS', 'expiry_date': '2026-12-07', 'days_to_expiry': 68, 'destination_consumption_before_expiry': 2891.8, 'source_usable_before': 981, 'source_usable_after': 804, 'destination_usable_before': 129, 'destination_usable_after': 306, 'reason': 'Shortage at W002 (196.57 units); W006 holds 700.73 units above its required stock (280.27)'}, {'sku_id': 'M022', 'source_warehouse': 'W004', 'destination_warehouse': 'W002', 'batch_id': 'B00300', 'transfer_quantity': 20, 'transfer_type': 'SHORTAGE_EXCESS', 'expiry_date': '2027-03-15', 'days_to_expiry': 166, 'destination_consumption_before_expiry': 7059.38, 'source_usable_before': 2579, 'source_usable_after': 2559, 'destination_usable_before': 306, 'destination_usable_after': 326, 'reason': 'Shortage at W002 (19.57 units); W004 holds 2,174.21 units above its required stock (404.79)'}]"
M022,W003,TRANSFER,True,DESTINATION,27,0,0,['W004'],[],0,MEDIUM,Projected usable inventory (73.02) is at or below safety stock (100) by the end of the lead time,False,Usable stock (404) is above the minimum threshold (230),LOW,Forecast demand is expected to consume all usable stock expiring within 60 days,0.0,0,404,0,404,431,230,100,2500,7,47.41095890410959,330.97801971435547,430.97801971435547,73.02198028564453,8.52123663681017,26.98,0.0,Receive 27 units from W004; covers the full shortage of 26.98 units,NORMAL,Historical seasonal demand pattern: in 2025-10-01..2025-10-30 (same period last year) season_flag was active on 0% of days and demand was 0.94x the item's average,False,"[{'sku_id': 'M022', 'source_warehouse': 'W004', 'destination_warehouse': 'W003', 'batch_id': 'B00300', 'transfer_quantity': 27, 'transfer_type': 'SHORTAGE_EXCESS', 'expiry_date': '2027-03-15', 'days_to_expiry': 166, 'destination_consumption_before_expiry': 7758.76, 'source_usable_before': 2384, 'source_usable_after': 2357, 'destination_usable_before': 404, 'destination_usable_after': 431, 'reason': 'Shortage at W003 (26.98 units); W004 holds 1,979.21 units above its required stock (404.79)'}]"
M022,W004,NO_ACTION,False,SOURCE,0,222,0,[],"['W002', 'W003', 'W005']",0,LOW,"Projected usable inventory (2,344.21) stays above safety stock (170) through the lead time",False,Usable stock (2579) is above the minimum threshold (320),LOW,Forecast demand is expected to consume all usable stock expiring within 60 days,0.0,0,2579,0,2579,2357,320,170,3300,4,57.723287671232875,234.79165267944336,404.79165267944336,2344.2083473205566,44.67867483031943,0.0,0.0,"Usable stock (2,579) covers required stock (404.79); also sends 222 surplus units to W002, W003, W005",NORMAL,Historical seasonal demand pattern: in 2025-10-01..2025-10-30 (same period last year) season_flag was active on 0% of days and demand was 0.98x the item's average,False,"[{'sku_id': 'M022', 'source_warehouse': 'W004', 'destination_warehouse': 'W002', 'batch_id': 'B00300', 'transfer_quantity': 20, 'transfer_type': 'SHORTAGE_EXCESS', 'expiry_date': '2027-03-15', 'days_to_expiry': 166, 'destination_consumption_before_expiry': 7059.38, 'source_usable_before': 2579, 'source_usable_after': 2559, 'destination_usable_before': 306, 'destination_usable_after': 326, 'reason': 'Shortage at W002 (19.57 units); W004 holds 2,174.21 units above its required stock (404.79)'}, {'sku_id': 'M022', 'source_warehouse': 'W004', 'destination_warehouse': 'W005', 'batch_id': 'B00300', 'transfer_quantity': 175, 'transfer_type': 'SHORTAGE_EXCESS', 'expiry_date': '2027-03-15', 'days_to_expiry': 166, 'destination_consumption_before_expiry': 6150.73, 'source_usable_before': 2559, 'source_usable_after': 2384, 'destination_usable_before': 220, 'destination_usable_after': 395, 'reason': 'Shortage at W005 (174.80 units); W004 holds 2,154.21 units above its required stock (404.79)'}, {'sku_id': 'M022', 'source_warehouse': 'W004', 'destination_warehouse': 'W003', 'batch_id': 'B00300', 'transfer_quantity': 27, 'transfer_type': 'SHORTAGE_EXCESS', 'expiry_date': '2027-03-15', 'days_to_expiry': 166, 'destination_consumption_before_expiry': 7758.76, 'source_usable_before': 2384, 'source_usable_after': 2357, 'destination_usable_before': 404, 'destination_usable_after': 431, 'reason': 'Shortage at W003 (26.98 units); W004 holds 1,979.21 units above its required stock (404.79)'}]"
M022,W005,TRANSFER,True,DESTINATION,175,0,0,['W004'],[],0,HIGH,Projected usable inventory (-84.80) falls to zero or below during the lead time: forecast demand exceeds usable stock,False,Usable stock (220) is above the minimum threshold (190),LOW,Forecast demand is expected to consume all usable stock expiring within 60 days,0.0,0,220,0,220,395,190,90,1900,8,38.35342465753425,304.8039360046387,394.8039360046387,-84.80393600463867,5.736124008857775,174.8,0.0,Receive 175 units from W004; covers the full shortage of 174.80 units,NORMAL,Historical seasonal demand pattern: in 2025-10-01..2025-10-30 (same period last year) season_flag was active on 0% of days and demand was 1.01x the item's average,False,"[{'sku_id': 'M022', 'source_warehouse': 'W004', 'destination_warehouse': 'W005', 'batch_id': 'B00300', 'transfer_quantity': 175, 'transfer_type': 'SHORTAGE_EXCESS', 'expiry_date': '2027-03-15', 'days_to_expiry': 166, 'destination_consumption_before_expiry': 6150.73, 'source_usable_before': 2559, 'source_usable_after': 2384, 'destination_usable_before': 220, 'destination_usable_after': 395, 'reason': 'Shortage at W005 (174.80 units); W004 holds 2,154.21 units above its required stock (404.79)'}]"
M022,W006,NO_ACTION,False,SOURCE,0,177,0,[],['W002'],0,LOW,Projected usable inventory (820.73) stays above safety stock (120) through the lead time,False,Usable stock (981) is above the minimum threshold (260),LOW,Forecast demand is expected to consume all usable stock expiring within 60 days,0.0,0,981,0,981,804,260,120,2300,3,50.92602739726028,160.26937866210938,280.2693786621094,820.7306213378906,19.26323434473854,0.0,0.0,Usable stock (981) covers required stock (280.27); also sends 177 surplus units to W002,NORMAL,Historical seasonal demand pattern: in 2025-10-01..2025-10-30 (same period last year) season_flag was active on 0% of days and demand was 0.90x the item's average,False,"[{'sku_id': 'M022', 'source_warehouse': 'W006', 'destination_warehouse': 'W002', 'batch_id': 'B00305', 'transfer_quantity': 177, 'transfer_type': 'SHORTAGE_EXCESS', 'expiry_date': '2026-12-07', 'days_to_expiry': 68, 'destination_consumption_before_expiry': 2891.8, 'source_usable_before': 981, 'source_usable_after': 804, 'destination_usable_before': 129, 'destination_usable_after': 306, 'reason': 'Shortage at W002 (196.57 units); W006 holds 700.73 units above its required stock (280.27)'}]"
M023,W001,TRANSFER,True,DESTINATION,75,0,0,['W004'],[],0,MEDIUM,Projected usable inventory (115.03) is at or below safety stock (190) by the end of the lead time,False,Usable stock (418) is above the minimum threshold (320),LOW,Forecast demand is expected to consume all usable stock expiring within 60 days,0.0,0,418,0,418,493,320,190,4000,5,65.84657534246575,302.97058868408203,492.97058868408203,115.02941131591797,6.348090205542149,74.97,0.0,Receive 75 units from W004; covers the full shortage of 74.97 units,NORMAL,Historical seasonal demand pattern: in 2025-10-01..2025-10-30 (same period last year) season_flag was active on 0% of days and demand was 0.98x the item's average,False,"[{'sku_id': 'M023', 'source_warehouse': 'W004', 'destination_warehouse': 'W001', 'batch_id': 'B00313', 'transfer_quantity': 75, 'transfer_type': 'SHORTAGE_EXCESS', 'expiry_date': '2026-11-29', 'days_to_expiry': 60, 'destination_consumption_before_expiry': 3657.66, 'source_usable_before': 907, 'source_usable_after': 832, 'destination_usable_before': 418, 'destination_usable_after': 493, 'reason': 'Shortage at W001 (74.97 units); W004 holds 528.71 units above its required stock (378.29)'}]"
M023,W002,NO_ACTION,False,,0,0,0,[],[],0,LOW,Projected usable inventory (280.51) stays above safety stock (140) through the lead time,False,Usable stock (497) is above the minimum threshold (320),LOW,Forecast demand is expected to consume all usable stock expiring within 60 days,0.0,0,497,0,497,497,320,140,2600,4,53.961643835616435,216.4917335510254,356.4917335510254,280.5082664489746,9.210245735174656,0.0,0.0,Usable stock (497) covers required stock (356.49),NORMAL,Historical seasonal demand pattern: in 2025-10-01..2025-10-30 (same period last year) season_flag was active on 0% of days and demand was 1.06x the item's average,False,[]
M023,W003,TRANSFER,True,DESTINATION,459,0,0,"['W004', 'W005']",[],0,HIGH,Projected usable inventory (-318.39) falls to zero or below during the lead time: forecast demand exceeds usable stock,True,Usable stock (128) is at or below the minimum threshold (370),LOW,Forecast demand is expected to consume all usable stock expiring within 60 days,0.0,0,128,0,128,587,370,140,2800,7,63.868493150684934,446.3884391784668,586.3884391784668,-318.3884391784668,2.004118050789293,458.39,0.0,"Receive 459 units from W004, W005; covers the full shortage of 458.39 units",NORMAL,Historical seasonal demand pattern: in 2025-10-01..2025-10-30 (same period last year) season_flag was active on 0% of days and demand was 0.92x the item's average,False,"[{'sku_id': 'M023', 'source_warehouse': 'W005', 'destination_warehouse': 'W003', 'batch_id': 'B00316', 'transfer_quantity': 333, 'transfer_type': 'SHORTAGE_EXCESS', 'expiry_date': '2026-11-06', 'days_to_expiry': 37, 'destination_consumption_before_expiry': 2192.52, 'source_usable_before': 728, 'source_usable_after': 395, 'destination_usable_before': 128, 'destination_usable_after': 461, 'reason': 'Shortage at W003 (458.39 units); W005 holds 333.78 units above its required stock (394.22)'}, {'sku_id': 'M023', 'source_warehouse': 'W004', 'destination_warehouse': 'W003', 'batch_id': 'B00313', 'transfer_quantity': 126, 'transfer_type': 'SHORTAGE_EXCESS', 'expiry_date': '2026-11-29', 'days_to_expiry': 60, 'destination_consumption_before_expiry': 3306.73, 'source_usable_before': 1033, 'source_usable_after': 907, 'destination_usable_before': 461, 'destination_usable_after': 587, 'reason': 'Shortage at W003 (125.39 units); W004 holds 654.71 units above its required stock (378.29)'}]"
M023,W004,NO_ACTION,False,SOURCE,0,201,0,[],"['W001', 'W003']",0,LOW,Projected usable inventory (764.71) stays above safety stock (110) through the lead time,False,Usable stock (1033) is above the minimum threshold (300),LOW,Forecast demand is expected to consume all usable stock expiring within 60 days,0.0,0,1033,0,1033,832,300,110,3400,5,56.83561643835616,268.294189453125,378.294189453125,764.705810546875,18.175222945288024,0.0,0.0,"Usable stock (1,033) covers required stock (378.29); also sends 201 surplus units to W001, W003",NORMAL,Historical seasonal demand pattern: in 2025-10-01..2025-10-30 (same period last year) season_flag was active on 0% of days and demand was 1.02x the item's average,False,"[{'sku_id': 'M023', 'source_warehouse': 'W004', 'destination_warehouse': 'W003', 'batch_id': 'B00313', 'transfer_quantity': 126, 'transfer_type': 'SHORTAGE_EXCESS', 'expiry_date': '2026-11-29', 'days_to_expiry': 60, 'destination_consumption_before_expiry': 3306.73, 'source_usable_before': 1033, 'source_usable_after': 907, 'destination_usable_before': 461, 'destination_usable_after': 587, 'reason': 'Shortage at W003 (125.39 units); W004 holds 654.71 units above its required stock (378.29)'}, {'sku_id': 'M023', 'source_warehouse': 'W004', 'destination_warehouse': 'W001', 'batch_id': 'B00313', 'transfer_quantity': 75, 'transfer_type': 'SHORTAGE_EXCESS', 'expiry_date': '2026-11-29', 'days_to_expiry': 60, 'destination_consumption_before_expiry': 3657.66, 'source_usable_before': 907, 'source_usable_after': 832, 'destination_usable_before': 418, 'destination_usable_after': 493, 'reason': 'Shortage at W001 (74.97 units); W004 holds 528.71 units above its required stock (378.29)'}]"
M023,W005,NO_ACTION,False,SOURCE,0,333,0,[],['W003'],0,LOW,Projected usable inventory (433.78) stays above safety stock (100) through the lead time,False,Usable stock (728) is above the minimum threshold (210),LOW,Forecast demand is expected to consume all usable stock expiring within 60 days,0.0,0,728,0,728,395,210,100,2800,7,42.583561643835615,294.2190971374512,394.2190971374512,433.7809028625488,17.095798751849706,0.0,0.0,Usable stock (728) covers required stock (394.22); also sends 333 surplus units to W003,NORMAL,Historical seasonal demand pattern: in 2025-10-01..2025-10-30 (same period last year) season_flag was active on 0% of days and demand was 0.99x the item's average,False,"[{'sku_id': 'M023', 'source_warehouse': 'W005', 'destination_warehouse': 'W003', 'batch_id': 'B00316', 'transfer_quantity': 333, 'transfer_type': 'SHORTAGE_EXCESS', 'expiry_date': '2026-11-06', 'days_to_expiry': 37, 'destination_consumption_before_expiry': 2192.52, 'source_usable_before': 728, 'source_usable_after': 395, 'destination_usable_before': 128, 'destination_usable_after': 461, 'reason': 'Shortage at W003 (458.39 units); W005 holds 333.78 units above its required stock (394.22)'}]"
M023,W006,NO_ACTION,False,,0,0,0,[],[],0,LOW,Projected usable inventory (591.26) stays above safety stock (150) through the lead time,False,Usable stock (786) is above the minimum threshold (300),LOW,Forecast demand is expected to consume all usable stock expiring within 60 days,0.0,0,786,0,786,786,300,150,2900,4,50.915068493150685,194.73811721801758,344.7381172180176,591.2618827819824,15.437473095135601,0.0,0.0,Usable stock (786) covers required stock (344.74),NORMAL,Historical seasonal demand pattern: in 2025-10-01..2025-10-30 (same period last year) season_flag was active on 0% of days and demand was 0.94x the item's average,False,[]
M024,W001,TRANSFER,True,DESTINATION,209,0,0,['W006'],[],0,HIGH,Projected usable inventory (-78.54) falls to zero or below during the lead time: forecast demand exceeds usable stock,True,Usable stock (133) is at or below the minimum threshold (230),LOW,Forecast demand is expected to consume all usable stock expiring within 60 days,0.0,0,133,0,133,342,230,130,2800,5,43.558904109589044,211.5369987487793,341.5369987487793,-78.5369987487793,3.0533366878420023,208.54,0.0,Receive 209 units from W006; covers the full shortage of 208.54 units,NORMAL,Historical seasonal demand pattern: in 2025-10-01..2025-10-30 (same period last year) season_flag was active on 0% of days and demand was 1.04x the item's average,False,"[{'sku_id': 'M024', 'source_warehouse': 'W006', 'destination_warehouse': 'W001', 'batch_id': 'B00331', 'transfer_quantity': 209, 'transfer_type': 'SHORTAGE_EXCESS', 'expiry_date': '2026-11-26', 'days_to_expiry': 57, 'destination_consumption_before_expiry': 2375.24, 'source_usable_before': 2037, 'source_usable_after': 1828, 'destination_usable_before': 133, 'destination_usable_after': 342, 'reason': 'Shortage at W001 (208.54 units); W006 holds 1,777.56 units above its required stock (259.44)'}]"
M024,W002,TRANSFER,True,DESTINATION,141,0,0,['W006'],[],0,HIGH,Projected usable inventory (-50.90) falls to zero or below during the lead time: forecast demand exceeds usable stock,True,Usable stock (146) is at or below the minimum threshold (200),LOW,Forecast demand is expected to consume all usable stock expiring within 60 days,0.0,146,146,0,146,287,200,90,2100,6,33.18082191780822,196.89814376831055,286.89814376831055,-50.89814376831055,4.4001321113037735,140.9,0.0,Receive 141 units from W006; covers the full shortage of 140.90 units,NORMAL,Historical seasonal demand pattern: in 2025-10-01..2025-10-30 (same period last year) season_flag was active on 0% of days and demand was 1.03x the item's average,False,"[{'sku_id': 'M024', 'source_warehouse': 'W006', 'destination_warehouse': 'W002', 'batch_id': 'B00331', 'transfer_quantity': 141, 'transfer_type': 'SHORTAGE_EXCESS', 'expiry_date': '2026-11-26', 'days_to_expiry': 57, 'destination_consumption_before_expiry': 1693.47, 'source_usable_before': 1828, 'source_usable_after': 1687, 'destination_usable_before': 146, 'destination_usable_after': 287, 'reason': 'Shortage at W002 (140.90 units); W006 holds 1,568.56 units above its required stock (259.44)'}]"
M024,W003,NO_ACTION,False,SOURCE,0,145,0,[],['W004'],0,LOW,Projected usable inventory (421.07) stays above safety stock (140) through the lead time,False,Usable stock (622) is above the minimum threshold (280),LOW,Forecast demand is expected to consume all usable stock expiring within 60 days,0.0,0,622,0,622,477,280,140,1900,5,42.446575342465756,200.92695999145508,340.9269599914551,421.0730400085449,14.653714580778415,0.0,0.0,Usable stock (622) covers required stock (340.93); also sends 145 surplus units to W004,NORMAL,Historical seasonal demand pattern: in 2025-10-01..2025-10-30 (same period last year) season_flag was active on 0% of days and demand was 0.95x the item's average,False,"[{'sku_id': 'M024', 'source_warehouse': 'W003', 'destination_warehouse': 'W004', 'batch_id': 'B00323', 'transfer_quantity': 145, 'transfer_type': 'SHORTAGE_EXCESS', 'expiry_date': '2026-11-16', 'days_to_expiry': 47, 'destination_consumption_before_expiry': 1768.16, 'source_usable_before': 622, 'source_usable_after': 477, 'destination_usable_before': 136, 'destination_usable_after': 281, 'reason': 'Shortage at W004 (216.00 units); W003 holds 281.07 units above its required stock (340.93)'}]"
M024,W004,TRANSFER,True,DESTINATION,216,0,0,"['W003', 'W006']",[],0,HIGH,Projected usable inventory (-96.00) falls to zero or below during the lead time: forecast demand exceeds usable stock,True,Usable stock (136) is at or below the minimum threshold (240),LOW,Forecast demand is expected to consume all usable stock expiring within 60 days,0.0,0,136,0,136,352,240,120,2700,6,39.11232876712329,231.99647521972656,351.99647521972656,-95.99647521972656,3.477164471840852,216.0,0.0,"Receive 216 units from W003, W006; covers the full shortage of 216.00 units",NORMAL,Historical seasonal demand pattern: in 2025-10-01..2025-10-30 (same period last year) season_flag was active on 0% of days and demand was 0.93x the item's average,False,"[{'sku_id': 'M024', 'source_warehouse': 'W003', 'destination_warehouse': 'W004', 'batch_id': 'B00323', 'transfer_quantity': 145, 'transfer_type': 'SHORTAGE_EXCESS', 'expiry_date': '2026-11-16', 'days_to_expiry': 47, 'destination_consumption_before_expiry': 1768.16, 'source_usable_before': 622, 'source_usable_after': 477, 'destination_usable_before': 136, 'destination_usable_after': 281, 'reason': 'Shortage at W004 (216.00 units); W003 holds 281.07 units above its required stock (340.93)'}, {'sku_id': 'M024', 'source_warehouse': 'W006', 'destination_warehouse': 'W004', 'batch_id': 'B00331', 'transfer_quantity': 71, 'transfer_type': 'SHORTAGE_EXCESS', 'expiry_date': '2026-11-26', 'days_to_expiry': 57, 'destination_consumption_before_expiry': 2016.57, 'source_usable_before': 2108, 'source_usable_after': 2037, 'destination_usable_before': 281, 'destination_usable_after': 352, 'reason': 'Shortage at W004 (71.00 units); W006 holds 1,848.56 units above its required stock (259.44)'}]"
M024,W005,TRANSFER,True,DESTINATION,28,0,0,['W006'],[],0,MEDIUM,Projected usable inventory (82.02) is at or below safety stock (110) by the end of the lead time,False,Usable stock (285) is above the minimum threshold (180),LOW,Forecast demand is expected to consume all usable stock expiring within 60 days,0.0,0,285,0,285,313,180,110,1900,6,34.772602739726025,202.9808464050293,312.9808464050293,82.0191535949707,8.196107784431138,27.98,0.0,Receive 28 units from W006; covers the full shortage of 27.98 units,NORMAL,Historical seasonal demand pattern: in 2025-10-01..2025-10-30 (same period last year) season_flag was active on 0% of days and demand was 0.96x the item's average,False,"[{'sku_id': 'M024', 'source_warehouse': 'W006', 'destination_warehouse': 'W005', 'batch_id': 'B00331', 'transfer_quantity': 28, 'transfer_type': 'SHORTAGE_EXCESS', 'expiry_date': '2026-11-26', 'days_to_expiry': 57, 'destination_consumption_before_expiry': 1875.33, 'source_usable_before': 1687, 'source_usable_after': 1659, 'destination_usable_before': 285, 'destination_usable_after': 313, 'reason': 'Shortage at W005 (27.98 units); W006 holds 1,427.56 units above its required stock (259.44)'}]"
M024,W006,NO_ACTION,False,SOURCE,0,449,0,[],"['W001', 'W002', 'W004', 'W005']",0,LOW,"Projected usable inventory (1,928.56) stays above safety stock (80) through the lead time",False,Usable stock (2108) is above the minimum threshold (190),LOW,Forecast demand is expected to consume all usable stock expiring within 60 days,0.0,0,2108,0,2108,1659,190,80,2300,5,38.320547945205476,179.43841171264648,259.4384117126465,1928.5615882873535,55.009651819546725,0.0,0.0,"Usable stock (2,108) covers required stock (259.44); also sends 449 surplus units to W001, W002, W004, W005",NORMAL,Historical seasonal demand pattern: in 2025-10-01..2025-10-30 (same period last year) season_flag was active on 0% of days and demand was 0.99x the item's average,False,"[{'sku_id': 'M024', 'source_warehouse': 'W006', 'destination_warehouse': 'W004', 'batch_id': 'B00331', 'transfer_quantity': 71, 'transfer_type': 'SHORTAGE_EXCESS', 'expiry_date': '2026-11-26', 'days_to_expiry': 57, 'destination_consumption_before_expiry': 2016.57, 'source_usable_before': 2108, 'source_usable_after': 2037, 'destination_usable_before': 281, 'destination_usable_after': 352, 'reason': 'Shortage at W004 (71.00 units); W006 holds 1,848.56 units above its required stock (259.44)'}, {'sku_id': 'M024', 'source_warehouse': 'W006', 'destination_warehouse': 'W001', 'batch_id': 'B00331', 'transfer_quantity': 209, 'transfer_type': 'SHORTAGE_EXCESS', 'expiry_date': '2026-11-26', 'days_to_expiry': 57, 'destination_consumption_before_expiry': 2375.24, 'source_usable_before': 2037, 'source_usable_after': 1828, 'destination_usable_before': 133, 'destination_usable_after': 342, 'reason': 'Shortage at W001 (208.54 units); W006 holds 1,777.56 units above its required stock (259.44)'}, {'sku_id': 'M024', 'source_warehouse': 'W006', 'destination_warehouse': 'W002', 'batch_id': 'B00331', 'transfer_quantity': 141, 'transfer_type': 'SHORTAGE_EXCESS', 'expiry_date': '2026-11-26', 'days_to_expiry': 57, 'destination_consumption_before_expiry': 1693.47, 'source_usable_before': 1828, 'source_usable_after': 1687, 'destination_usable_before': 146, 'destination_usable_after': 287, 'reason': 'Shortage at W002 (140.90 units); W006 holds 1,568.56 units above its required stock (259.44)'}, {'sku_id': 'M024', 'source_warehouse': 'W006', 'destination_warehouse': 'W005', 'batch_id': 'B00331', 'transfer_quantity': 28, 'transfer_type': 'SHORTAGE_EXCESS', 'expiry_date': '2026-11-26', 'days_to_expiry': 57, 'destination_consumption_before_expiry': 1875.33, 'source_usable_before': 1687, 'source_usable_after': 1659, 'destination_usable_before': 285, 'destination_usable_after': 313, 'reason': 'Shortage at W005 (27.98 units); W006 holds 1,427.56 units above its required stock (259.44)'}]"
M025,W001,TRANSFER,True,DESTINATION,288,0,0,['W005'],[],0,HIGH,Projected usable inventory (-127.99) falls to zero or below during the lead time: forecast demand exceeds usable stock,True,Usable stock (117) is at or below the minimum threshold (350),LOW,Forecast demand is expected to consume all usable stock expiring within 60 days,0.0,0,117,0,117,405,350,160,3000,5,51.05205479452055,244.99433135986328,404.9943313598633,-127.99433135986328,2.2917784694644197,287.99,0.0,Receive 288 units from W005; covers the full shortage of 287.99 units,NORMAL,Historical seasonal demand pattern: in 2025-10-01..2025-10-30 (same period last year) season_flag was active on 0% of days and demand was 0.97x the item's average,False,"[{'sku_id': 'M025', 'source_warehouse': 'W005', 'destination_warehouse': 'W001', 'batch_id': 'B00346', 'transfer_quantity': 288, 'transfer_type': 'SHORTAGE_EXCESS', 'expiry_date': '2026-12-17', 'days_to_expiry': 78, 'destination_consumption_before_expiry': 3783.83, 'source_usable_before': 2350, 'source_usable_after': 2062, 'destination_usable_before': 117, 'destination_usable_after': 405, 'reason': 'Shortage at W001 (287.99 units); W005 holds 1,918.70 units above its required stock (431.30)'}]"
M025,W002,NO_ACTION,False,,0,0,0,[],[],0,LOW,Projected usable inventory (585.36) stays above safety stock (110) through the lead time,False,Usable stock (829) is above the minimum threshold (250),LOW,Forecast demand is expected to consume all usable stock expiring within 60 days,0.0,0,829,0,829,829,250,110,2500,5,50.12328767123287,243.63683700561523,353.63683700561523,585.3631629943848,16.539218365673683,0.0,0.0,Usable stock (829) covers required stock (353.64),NORMAL,Historical seasonal demand pattern: in 2025-10-01..2025-10-30 (same period last year) season_flag was active on 0% of days and demand was 1.01x the item's average,False,[]
M025,W003,TRANSFER,True,DESTINATION,81,0,0,['W005'],[],0,MEDIUM,Projected usable inventory (99.34) is at or below safety stock (180) by the end of the lead time,False,Usable stock (416) is above the minimum threshold (360),LOW,Forecast demand is expected to consume all usable stock expiring within 60 days,0.0,257,416,0,416,497,360,180,2800,6,54.038356164383565,316.65599060058594,496.65599060058594,99.34400939941406,7.698235651997566,80.66,0.0,Receive 81 units from W005; covers the full shortage of 80.66 units,NORMAL,Historical seasonal demand pattern: in 2025-10-01..2025-10-30 (same period last year) season_flag was active on 0% of days and demand was 0.99x the item's average,False,"[{'sku_id': 'M025', 'source_warehouse': 'W005', 'destination_warehouse': 'W003', 'batch_id': 'B00346', 'transfer_quantity': 81, 'transfer_type': 'SHORTAGE_EXCESS', 'expiry_date': '2026-12-17', 'days_to_expiry': 78, 'destination_consumption_before_expiry': 3761.08, 'source_usable_before': 1867, 'source_usable_after': 1786, 'destination_usable_before': 416, 'destination_usable_after': 497, 'reason': 'Shortage at W003 (80.66 units); W005 holds 1,435.70 units above its required stock (431.30)'}]"
M025,W004,TRANSFER,True,DESTINATION,195,0,0,['W005'],[],0,HIGH,Projected usable inventory (-4.06) falls to zero or below during the lead time: forecast demand exceeds usable stock,True,Usable stock (241) is at or below the minimum threshold (380),LOW,Forecast demand is expected to consume all usable stock expiring within 60 days,0.0,0,241,0,241,436,380,190,2800,4,60.652054794520545,245.05960083007812,435.0596008300781,-4.059600830078125,3.9734845062787967,194.06,0.0,Receive 195 units from W005; covers the full shortage of 194.06 units,NORMAL,Historical seasonal demand pattern: in 2025-10-01..2025-10-30 (same period last year) season_flag was active on 0% of days and demand was 0.96x the item's average,False,"[{'sku_id': 'M025', 'source_warehouse': 'W005', 'destination_warehouse': 'W004', 'batch_id': 'B00346', 'transfer_quantity': 195, 'transfer_type': 'SHORTAGE_EXCESS', 'expiry_date': '2026-12-17', 'days_to_expiry': 78, 'destination_consumption_before_expiry': 4637.33, 'source_usable_before': 2062, 'source_usable_after': 1867, 'destination_usable_before': 241, 'destination_usable_after': 436, 'reason': 'Shortage at W004 (194.06 units); W005 holds 1,630.70 units above its required stock (431.30)'}]"
M025,W005,NO_ACTION,False,SOURCE,0,564,0,[],"['W001', 'W003', 'W004']",0,LOW,"Projected usable inventory (2,048.70) stays above safety stock (130) through the lead time",False,Usable stock (2350) is above the minimum threshold (270),LOW,Forecast demand is expected to consume all usable stock expiring within 60 days,0.0,0,2350,0,2350,1786,270,130,2600,7,43.42191780821918,301.2986068725586,431.2986068725586,2048.7013931274414,54.12013376238249,0.0,0.0,"Usable stock (2,350) covers required stock (431.30); also sends 564 surplus units to W001, W003, W004",NORMAL,Historical seasonal demand pattern: in 2025-10-01..2025-10-30 (same period last year) season_flag was active on 0% of days and demand was 0.95x the item's average,False,"[{'sku_id': 'M025', 'source_warehouse': 'W005', 'destination_warehouse': 'W001', 'batch_id': 'B00346', 'transfer_quantity': 288, 'transfer_type': 'SHORTAGE_EXCESS', 'expiry_date': '2026-12-17', 'days_to_expiry': 78, 'destination_consumption_before_expiry': 3783.83, 'source_usable_before': 2350, 'source_usable_after': 2062, 'destination_usable_before': 117, 'destination_usable_after': 405, 'reason': 'Shortage at W001 (287.99 units); W005 holds 1,918.70 units above its required stock (431.30)'}, {'sku_id': 'M025', 'source_warehouse': 'W005', 'destination_warehouse': 'W004', 'batch_id': 'B00346', 'transfer_quantity': 195, 'transfer_type': 'SHORTAGE_EXCESS', 'expiry_date': '2026-12-17', 'days_to_expiry': 78, 'destination_consumption_before_expiry': 4637.33, 'source_usable_before': 2062, 'source_usable_after': 1867, 'destination_usable_before': 241, 'destination_usable_after': 436, 'reason': 'Shortage at W004 (194.06 units); W005 holds 1,630.70 units above its required stock (431.30)'}, {'sku_id': 'M025', 'source_warehouse': 'W005', 'destination_warehouse': 'W003', 'batch_id': 'B00346', 'transfer_quantity': 81, 'transfer_type': 'SHORTAGE_EXCESS', 'expiry_date': '2026-12-17', 'days_to_expiry': 78, 'destination_consumption_before_expiry': 3761.08, 'source_usable_before': 1867, 'source_usable_after': 1786, 'destination_usable_before': 416, 'destination_usable_after': 497, 'reason': 'Shortage at W003 (80.66 units); W005 holds 1,435.70 units above its required stock (431.30)'}]"
M025,W006,NO_ACTION,False,,0,0,0,[],[],0,LOW,"Projected usable inventory (1,955.75) stays above safety stock (130) through the lead time",False,Usable stock (2167) is above the minimum threshold (220),LOW,Forecast demand is expected to consume all usable stock expiring within 60 days,0.0,0,2167,0,2167,2167,220,130,3000,5,44.11232876712329,211.25394821166992,341.2539482116699,1955.74605178833,49.12458853487361,0.0,0.0,"Usable stock (2,167) covers required stock (341.25)",NORMAL,Historical seasonal demand pattern: in 2025-10-01..2025-10-30 (same period last year) season_flag was active on 0% of days and demand was 0.95x the item's average,False,[]
M026,W001,NO_ACTION,False,,0,0,0,[],[],0,LOW,Projected usable inventory (423.29) stays above safety stock (90) through the lead time,False,Usable stock (578) is above the minimum threshold (190),LOW,Forecast demand is expected to consume all usable stock expiring within 60 days,0.0,0,578,0,578,578,190,90,2000,5,31.747945205479454,154.71045112609863,244.71045112609863,423.28954887390137,18.20590265792199,0.0,0.0,Usable stock (578) covers required stock (244.71),NORMAL,Historical seasonal demand pattern: in 2025-10-01..2025-10-30 (same period last year) season_flag was active on 0% of days and demand was 0.94x the item's average,False,[]
M026,W002,NO_ACTION,False,SOURCE,0,127,0,[],['W006'],0,LOW,Projected usable inventory (375.48) stays above safety stock (90) through the lead time,False,Usable stock (545) is above the minimum threshold (190),LOW,Forecast demand is expected to consume all usable stock expiring within 60 days,0.0,0,545,0,545,418,190,90,1700,6,28.40821917808219,169.51552963256836,259.51552963256836,375.48447036743164,19.184588677789566,0.0,0.0,Usable stock (545) covers required stock (259.52); also sends 127 surplus units to W006,NORMAL,Historical seasonal demand pattern: in 2025-10-01..2025-10-30 (same period last year) season_flag was active on 0% of days and demand was 1.03x the item's average,False,"[{'sku_id': 'M026', 'source_warehouse': 'W002', 'destination_warehouse': 'W006', 'batch_id': 'B00356', 'transfer_quantity': 127, 'transfer_type': 'SHORTAGE_EXCESS', 'expiry_date': '2026-11-10', 'days_to_expiry': 41, 'destination_consumption_before_expiry': 1217.76, 'source_usable_before': 545, 'source_usable_after': 418, 'destination_usable_before': 63, 'destination_usable_after': 190, 'reason': 'Shortage at W006 (126.53 units); W002 holds 285.48 units above its required stock (259.52)'}]"
M026,W003,NO_ACTION,False,,0,0,0,[],[],0,LOW,Projected usable inventory (429.54) stays above safety stock (100) through the lead time,False,Usable stock (631) is above the minimum threshold (220),LOW,Forecast demand is expected to consume all usable stock expiring within 60 days,0.0,0,631,0,631,631,220,100,2300,6,34.75890410958904,201.4619369506836,301.4619369506836,429.5380630493164,18.153621817608578,0.0,0.0,Usable stock (631) covers required stock (301.46),NORMAL,Historical seasonal demand pattern: in 2025-10-01..2025-10-30 (same period last year) season_flag was active on 0% of days and demand was 0.94x the item's average,False,[]
M026,W004,NO_ACTION,False,,0,0,0,[],[],0,LOW,Projected usable inventory (563.81) stays above safety stock (100) through the lead time,False,Usable stock (720) is above the minimum threshold (230),LOW,Forecast demand is expected to consume all usable stock expiring within 60 days,0.0,0,720,0,720,720,230,100,2300,4,37.11780821917808,156.18970108032227,256.18970108032227,563.8102989196777,19.397697077059345,0.0,0.0,Usable stock (720) covers required stock (256.19),NORMAL,Historical seasonal demand pattern: in 2025-10-01..2025-10-30 (same period last year) season_flag was active on 0% of days and demand was 0.97x the item's average,False,[]
M026,W005,NO_ACTION,False,,0,0,0,[],[],0,LOW,Projected usable inventory (151.87) stays above safety stock (100) through the lead time,False,Usable stock (384) is above the minimum threshold (150),LOW,Forecast demand is expected to consume all usable stock expiring within 60 days,0.0,0,384,0,384,384,150,100,2000,8,29.19178082191781,232.13005447387695,332.13005447387695,151.86994552612305,13.154387611450023,0.0,0.0,Usable stock (384) covers required stock (332.13),NORMAL,Historical seasonal demand pattern: in 2025-10-01..2025-10-30 (same period last year) season_flag was active on 0% of days and demand was 1.02x the item's average,False,[]
M026,W006,TRANSFER,True,DESTINATION,127,0,0,['W002'],[],0,HIGH,Projected usable inventory (-36.53) falls to zero or below during the lead time: forecast demand exceeds usable stock,True,Usable stock (63) is at or below the minimum threshold (180),LOW,Forecast demand is expected to consume all usable stock expiring within 60 days; 32 units already expired (excluded from usable stock),0.0,0,95,32,63,190,180,90,1900,3,31.92054794520548,99.5277214050293,189.5277214050293,-36.5277214050293,1.9736503304437387,126.53,0.0,Receive 127 units from W002; covers the full shortage of 126.53 units,NORMAL,Historical seasonal demand pattern: in 2025-10-01..2025-10-30 (same period last year) season_flag was active on 0% of days and demand was 0.96x the item's average,False,"[{'sku_id': 'M026', 'source_warehouse': 'W002', 'destination_warehouse': 'W006', 'batch_id': 'B00356', 'transfer_quantity': 127, 'transfer_type': 'SHORTAGE_EXCESS', 'expiry_date': '2026-11-10', 'days_to_expiry': 41, 'destination_consumption_before_expiry': 1217.76, 'source_usable_before': 545, 'source_usable_after': 418, 'destination_usable_before': 63, 'destination_usable_after': 190, 'reason': 'Shortage at W006 (126.53 units); W002 holds 285.48 units above its required stock (259.52)'}]"
M027,W001,TRANSFER,True,DESTINATION,361,0,0,"['W002', 'W004']",[],0,HIGH,Projected usable inventory (-210.50) falls to zero or below during the lead time: forecast demand exceeds usable stock,True,Usable stock (114) is at or below the minimum threshold (340),LOW,Forecast demand is expected to consume all usable stock expiring within 60 days,0.0,0,114,0,114,475,340,150,3400,6,56.23013698630137,324.50133895874023,474.50133895874023,-210.50133895874023,2.02738257649581,360.5,0.0,"Receive 361 units from W002, W004; covers the full shortage of 360.50 units",NORMAL,Historical seasonal demand pattern: in 2025-10-01..2025-10-30 (same period last year) season_flag was active on 0% of days and demand was 1.01x the item's average,False,"[{'sku_id': 'M027', 'source_warehouse': 'W002', 'destination_warehouse': 'W001', 'batch_id': 'B00370', 'transfer_quantity': 102, 'transfer_type': 'SHORTAGE_EXCESS', 'expiry_date': '2026-11-29', 'days_to_expiry': 60, 'destination_consumption_before_expiry': 3159.03, 'source_usable_before': 569, 'source_usable_after': 467, 'destination_usable_before': 114, 'destination_usable_after': 216, 'reason': 'Shortage at W001 (360.50 units); W002 holds 102.42 units above its required stock (466.58)'}, {'sku_id': 'M027', 'source_warehouse': 'W004', 'destination_warehouse': 'W001', 'batch_id': 'B00375', 'transfer_quantity': 259, 'transfer_type': 'SHORTAGE_EXCESS', 'expiry_date': '2027-03-29', 'days_to_expiry': 180, 'destination_consumption_before_expiry': 9603.38, 'source_usable_before': 2104, 'source_usable_after': 1845, 'destination_usable_before': 216, 'destination_usable_after': 475, 'reason': 'Shortage at W001 (258.50 units); W004 holds 1,591.65 units above its required stock (512.35)'}]"
M027,W002,NO_ACTION,False,SOURCE,0,102,0,[],['W001'],0,LOW,Projected usable inventory (262.42) stays above safety stock (160) through the lead time,False,Usable stock (569) is above the minimum threshold (300),LOW,Forecast demand is expected to consume all usable stock expiring within 60 days,0.0,0,569,0,569,467,300,160,2500,6,53.21643835616438,306.57532119750977,466.57532119750977,262.42467880249023,10.69218492586491,0.0,0.0,Usable stock (569) covers required stock (466.58); also sends 102 surplus units to W001,NORMAL,Historical seasonal demand pattern: in 2025-10-01..2025-10-30 (same period last year) season_flag was active on 0% of days and demand was 0.97x the item's average,False,"[{'sku_id': 'M027', 'source_warehouse': 'W002', 'destination_warehouse': 'W001', 'batch_id': 'B00370', 'transfer_quantity': 102, 'transfer_type': 'SHORTAGE_EXCESS', 'expiry_date': '2026-11-29', 'days_to_expiry': 60, 'destination_consumption_before_expiry': 3159.03, 'source_usable_before': 569, 'source_usable_after': 467, 'destination_usable_before': 114, 'destination_usable_after': 216, 'reason': 'Shortage at W001 (360.50 units); W002 holds 102.42 units above its required stock (466.58)'}]"
M027,W003,TRANSFER,True,DESTINATION,292,0,0,['W004'],[],0,HIGH,Projected usable inventory (-121.33) falls to zero or below during the lead time: forecast demand exceeds usable stock,True,Usable stock (220) is at or below the minimum threshold (300),HIGH,0.41 units in batches expiring within 30 days exceed forecast demand before their expiry,0.41,120,220,0,220,512,300,170,3800,6,59.97808219178082,341.32543182373047,511.32543182373047,-121.32543182373047,3.6680065777452953,291.33,0.0,Receive 292 units from W004; covers the full shortage of 291.33 units,NORMAL,Historical seasonal demand pattern: in 2025-10-01..2025-10-30 (same period last year) season_flag was active on 0% of days and demand was 0.96x the item's average,False,"[{'sku_id': 'M027', 'source_warehouse': 'W004', 'destination_warehouse': 'W003', 'batch_id': 'B00375', 'transfer_quantity': 292, 'transfer_type': 'SHORTAGE_EXCESS', 'expiry_date': '2027-03-29', 'days_to_expiry': 180, 'destination_consumption_before_expiry': 10114.47, 'source_usable_before': 1845, 'source_usable_after': 1553, 'destination_usable_before': 220, 'destination_usable_after': 512, 'reason': 'Shortage at W003 (291.33 units); W004 holds 1,332.65 units above its required stock (512.35)'}]"
M027,W004,NO_ACTION,False,SOURCE,0,551,0,[],"['W001', 'W003']",0,LOW,"Projected usable inventory (1,771.65) stays above safety stock (180) through the lead time",False,Usable stock (2104) is above the minimum threshold (360),LOW,Forecast demand is expected to consume all usable stock expiring within 60 days,0.0,0,2104,0,2104,1553,360,180,3200,6,57.14794520547945,332.3450927734375,512.3450927734375,1771.6549072265625,36.81672179874395,0.0,0.0,"Usable stock (2,104) covers required stock (512.35); also sends 551 surplus units to W001, W003",NORMAL,Historical seasonal demand pattern: in 2025-10-01..2025-10-30 (same period last year) season_flag was active on 0% of days and demand was 0.97x the item's average,False,"[{'sku_id': 'M027', 'source_warehouse': 'W004', 'destination_warehouse': 'W001', 'batch_id': 'B00375', 'transfer_quantity': 259, 'transfer_type': 'SHORTAGE_EXCESS', 'expiry_date': '2027-03-29', 'days_to_expiry': 180, 'destination_consumption_before_expiry': 9603.38, 'source_usable_before': 2104, 'source_usable_after': 1845, 'destination_usable_before': 216, 'destination_usable_after': 475, 'reason': 'Shortage at W001 (258.50 units); W004 holds 1,591.65 units above its required stock (512.35)'}, {'sku_id': 'M027', 'source_warehouse': 'W004', 'destination_warehouse': 'W003', 'batch_id': 'B00375', 'transfer_quantity': 292, 'transfer_type': 'SHORTAGE_EXCESS', 'expiry_date': '2027-03-29', 'days_to_expiry': 180, 'destination_consumption_before_expiry': 10114.47, 'source_usable_before': 1845, 'source_usable_after': 1553, 'destination_usable_before': 220, 'destination_usable_after': 512, 'reason': 'Shortage at W003 (291.33 units); W004 holds 1,332.65 units above its required stock (512.35)'}]"
M027,W005,NO_ACTION,False,,0,0,0,[],[],0,LOW,Projected usable inventory (105.76) stays above safety stock (100) through the lead time,False,Usable stock (430) is above the minimum threshold (220),LOW,Forecast demand is expected to consume all usable stock expiring within 60 days,0.0,0,430,0,430,430,220,100,2300,8,41.74794520547945,324.2433204650879,424.2433204650879,105.75667953491211,10.299908124425777,0.0,0.0,Usable stock (430) covers required stock (424.24),NORMAL,Historical seasonal demand pattern: in 2025-10-01..2025-10-30 (same period last year) season_flag was active on 0% of days and demand was 1.07x the item's average,False,[]
M027,W006,NO_ACTION,False,,0,0,0,[],[],0,LOW,"Projected usable inventory (1,645.23) stays above safety stock (180) through the lead time",False,Usable stock (1853) is above the minimum threshold (270),LOW,Forecast demand is expected to consume all usable stock expiring within 60 days,0.0,0,1853,0,1853,1853,270,180,3500,4,53.6,207.76727676391602,387.767276763916,1645.232723236084,34.57089552238806,0.0,0.0,"Usable stock (1,853) covers required stock (387.77)",NORMAL,Historical seasonal demand pattern: in 2025-10-01..2025-10-30 (same period last year) season_flag was active on 0% of days and demand was 0.96x the item's average,False,[]
M028,W001,NO_ACTION,False,,0,0,0,[],[],0,LOW,Projected usable inventory (247.35) stays above safety stock (140) through the lead time,False,Usable stock (476) is above the minimum threshold (250),HIGH,97.63 units in batches expiring within 30 days exceed forecast demand before their expiry,97.63,147,476,0,476,476,250,140,3000,5,49.80821917808219,228.65480422973633,368.6548042297363,247.34519577026367,9.556655665566558,0.0,0.0,Usable stock (476) covers required stock (368.65),NORMAL,Historical seasonal demand pattern: in 2025-10-01..2025-10-30 (same period last year) season_flag was active on 0% of days and demand was 1.04x the item's average,False,[]
M028,W002,NO_ACTION,False,,0,0,0,[],[],0,LOW,Projected usable inventory (670.15) stays above safety stock (150) through the lead time,False,Usable stock (905) is above the minimum threshold (270),LOW,Forecast demand is expected to consume all usable stock expiring within 60 days,0.0,0,905,0,905,905,270,150,2600,5,50.4986301369863,234.84839248657227,384.84839248657227,670.1516075134277,17.921278211805557,0.0,0.0,Usable stock (905) covers required stock (384.85),NORMAL,Historical seasonal demand pattern: in 2025-10-01..2025-10-30 (same period last year) season_flag was active on 0% of days and demand was 1.03x the item's average,False,[]
M028,W003,TRANSFER,True,DESTINATION,104,0,0,['W005'],[],0,MEDIUM,Projected usable inventory (46.82) is at or below safety stock (150) by the end of the lead time,False,Usable stock (345) is above the minimum threshold (340),LOW,Forecast demand is expected to consume all usable stock expiring within 60 days,0.0,0,345,0,345,449,340,150,3200,6,51.27945205479452,298.1806182861328,448.1806182861328,46.81938171386719,6.727841000160282,103.18,0.0,Receive 104 units from W005; covers the full shortage of 103.18 units,NORMAL,Historical seasonal demand pattern: in 2025-10-01..2025-10-30 (same period last year) season_flag was active on 0% of days and demand was 1.01x the item's average,False,"[{'sku_id': 'M028', 'source_warehouse': 'W005', 'destination_warehouse': 'W003', 'batch_id': 'B00389', 'transfer_quantity': 104, 'transfer_type': 'SHORTAGE_EXCESS', 'expiry_date': '2026-10-13', 'days_to_expiry': 13, 'destination_consumption_before_expiry': 543.51, 'source_usable_before': 510, 'source_usable_after': 406, 'destination_usable_before': 345, 'destination_usable_after': 449, 'reason': 'Shortage at W003 (103.18 units); W005 holds 115.21 units above its required stock (394.79)'}]"
M028,W004,NO_ACTION,False,,0,0,0,[],[],0,LOW,"Projected usable inventory (2,290.54) stays above safety stock (160) through the lead time",False,Usable stock (2625) is above the minimum threshold (370),LOW,Forecast demand is expected to consume all usable stock expiring within 60 days,0.0,0,2625,0,2625,2625,370,160,3700,6,58.224657534246575,334.45573806762695,494.45573806762695,2290.544261932373,45.083992094861664,0.0,0.0,"Usable stock (2,625) covers required stock (494.46)",NORMAL,Historical seasonal demand pattern: in 2025-10-01..2025-10-30 (same period last year) season_flag was active on 0% of days and demand was 0.97x the item's average,False,[]
M028,W005,NO_ACTION,False,SOURCE,0,104,0,[],['W003'],0,LOW,Projected usable inventory (205.21) stays above safety stock (90) through the lead time,False,Usable stock (510) is above the minimum threshold (220),LOW,Forecast demand is expected to consume all usable stock expiring within 60 days,0.0,108,510,0,510,406,220,90,2300,7,42.73972602739726,304.7874221801758,394.7874221801758,205.21257781982422,11.932692307692308,0.0,0.0,Usable stock (510) covers required stock (394.79); also sends 104 surplus units to W003,NORMAL,Historical seasonal demand pattern: in 2025-10-01..2025-10-30 (same period last year) season_flag was active on 0% of days and demand was 0.97x the item's average,False,"[{'sku_id': 'M028', 'source_warehouse': 'W005', 'destination_warehouse': 'W003', 'batch_id': 'B00389', 'transfer_quantity': 104, 'transfer_type': 'SHORTAGE_EXCESS', 'expiry_date': '2026-10-13', 'days_to_expiry': 13, 'destination_consumption_before_expiry': 543.51, 'source_usable_before': 510, 'source_usable_after': 406, 'destination_usable_before': 345, 'destination_usable_after': 449, 'reason': 'Shortage at W003 (103.18 units); W005 holds 115.21 units above its required stock (394.79)'}]"
M028,W006,NO_ACTION,False,,0,0,0,[],[],0,LOW,Projected usable inventory (799.17) stays above safety stock (100) through the lead time,False,Usable stock (976) is above the minimum threshold (290),LOW,Forecast demand is expected to consume all usable stock expiring within 60 days,0.0,0,976,0,976,976,290,100,2900,4,46.44931506849315,176.8319854736328,276.8319854736328,799.1680145263672,21.012150524949863,0.0,0.0,Usable stock (976) covers required stock (276.83),NORMAL,Historical seasonal demand pattern: in 2025-10-01..2025-10-30 (same period last year) season_flag was active on 0% of days and demand was 0.96x the item's average,False,[]
M029,W001,NO_ACTION,False,,0,0,0,[],[],0,LOW,Projected usable inventory (402.01) stays above safety stock (100) through the lead time,False,Usable stock (622) is above the minimum threshold (300),LOW,Forecast demand is expected to consume all usable stock expiring within 60 days,0.0,0,622,0,622,622,300,100,2000,5,45.323287671232876,219.98957443237305,319.98957443237305,402.01042556762695,13.723629329625824,0.0,0.0,Usable stock (622) covers required stock (319.99),NORMAL,Historical seasonal demand pattern: in 2025-10-01..2025-10-30 (same period last year) season_flag was active on 0% of days and demand was 0.94x the item's average,False,[]
M029,W002,TRANSFER,True,DESTINATION,146,0,0,"['W004', 'W006']",[],0,HIGH,Projected usable inventory (-35.98) falls to zero or below during the lead time: forecast demand exceeds usable stock,True,Usable stock (187) is at or below the minimum threshold (220),LOW,Forecast demand is expected to consume all usable stock expiring within 60 days,0.0,62,187,0,187,333,220,110,1900,6,38.16986301369863,222.97954559326172,332.9795455932617,-35.97954559326172,4.89915302899799,145.98,0.0,"Receive 146 units from W004, W006; covers the full shortage of 145.98 units",NORMAL,Historical seasonal demand pattern: in 2025-10-01..2025-10-30 (same period last year) season_flag was active on 0% of days and demand was 0.99x the item's average,False,"[{'sku_id': 'M029', 'source_warehouse': 'W006', 'destination_warehouse': 'W002', 'batch_id': 'B00407', 'transfer_quantity': 116, 'transfer_type': 'SHORTAGE_EXCESS', 'expiry_date': '2027-02-17', 'days_to_expiry': 140, 'destination_consumption_before_expiry': 5198.17, 'source_usable_before': 387, 'source_usable_after': 271, 'destination_usable_before': 187, 'destination_usable_after': 303, 'reason': 'Shortage at W002 (145.98 units); W006 holds 180.47 units above its required stock (206.53)'}, {'sku_id': 'M029', 'source_warehouse': 'W004', 'destination_warehouse': 'W002', 'batch_id': 'B00402', 'transfer_quantity': 30, 'transfer_type': 'SHORTAGE_EXCESS', 'expiry_date': '2027-03-29', 'days_to_expiry': 180, 'destination_consumption_before_expiry': 6607.34, 'source_usable_before': 2565, 'source_usable_after': 2535, 'destination_usable_before': 303, 'destination_usable_after': 333, 'reason': 'Shortage at W002 (29.98 units); W004 holds 2,101.84 units above its required stock (463.16)'}]"
M029,W003,NO_ACTION,False,,0,0,0,[],[],0,LOW,"Projected usable inventory (1,385.77) stays above safety stock (110) through the lead time",False,Usable stock (1648) is above the minimum threshold (300),LOW,Forecast demand is expected to consume all usable stock expiring within 60 days,0.0,0,1648,0,1648,1648,300,110,2400,6,45.00821917808219,262.2328300476074,372.2328300476074,1385.7671699523926,36.61553445337229,0.0,0.0,"Usable stock (1,648) covers required stock (372.23)",NORMAL,Historical seasonal demand pattern: in 2025-10-01..2025-10-30 (same period last year) season_flag was active on 0% of days and demand was 1.02x the item's average,False,[]
M029,W004,NO_ACTION,False,SOURCE,0,30,0,[],['W002'],0,LOW,"Projected usable inventory (2,271.84) stays above safety stock (170) through the lead time",False,Usable stock (2565) is above the minimum threshold (280),LOW,Forecast demand is expected to consume all usable stock expiring within 60 days,0.0,0,2565,0,2565,2535,280,170,2700,6,51.10958904109589,293.16150665283203,463.16150665283203,2271.838493347168,50.18627713749665,0.0,0.0,"Usable stock (2,565) covers required stock (463.16); also sends 30 surplus units to W002",NORMAL,Historical seasonal demand pattern: in 2025-10-01..2025-10-30 (same period last year) season_flag was active on 0% of days and demand was 0.95x the item's average,False,"[{'sku_id': 'M029', 'source_warehouse': 'W004', 'destination_warehouse': 'W002', 'batch_id': 'B00402', 'transfer_quantity': 30, 'transfer_type': 'SHORTAGE_EXCESS', 'expiry_date': '2027-03-29', 'days_to_expiry': 180, 'destination_consumption_before_expiry': 6607.34, 'source_usable_before': 2565, 'source_usable_after': 2535, 'destination_usable_before': 303, 'destination_usable_after': 333, 'reason': 'Shortage at W002 (29.98 units); W004 holds 2,101.84 units above its required stock (463.16)'}]"
M029,W005,NO_ACTION,False,,0,0,0,[],[],0,LOW,Projected usable inventory (364.19) stays above safety stock (100) through the lead time,False,Usable stock (572) is above the minimum threshold (210),LOW,Forecast demand is expected to consume all usable stock expiring within 60 days,0.0,0,572,0,572,572,210,100,1600,6,34.71780821917808,207.81481742858887,307.81481742858887,364.18518257141113,16.475694444444446,0.0,0.0,Usable stock (572) covers required stock (307.81),NORMAL,Historical seasonal demand pattern: in 2025-10-01..2025-10-30 (same period last year) season_flag was active on 0% of days and demand was 0.98x the item's average,False,[]
M029,W006,NO_ACTION,False,SOURCE,0,116,0,[],['W002'],0,LOW,Projected usable inventory (250.47) stays above safety stock (70) through the lead time,False,Usable stock (387) is above the minimum threshold (180),LOW,Forecast demand is expected to consume all usable stock expiring within 60 days,0.0,0,387,0,387,271,180,70,1700,4,34.71506849315068,136.52640342712402,206.52640342712402,250.47359657287598,11.147896772156894,0.0,0.0,Usable stock (387) covers required stock (206.53); also sends 116 surplus units to W002,NORMAL,Historical seasonal demand pattern: in 2025-10-01..2025-10-30 (same period last year) season_flag was active on 0% of days and demand was 0.95x the item's average,False,"[{'sku_id': 'M029', 'source_warehouse': 'W006', 'destination_warehouse': 'W002', 'batch_id': 'B00407', 'transfer_quantity': 116, 'transfer_type': 'SHORTAGE_EXCESS', 'expiry_date': '2027-02-17', 'days_to_expiry': 140, 'destination_consumption_before_expiry': 5198.17, 'source_usable_before': 387, 'source_usable_after': 271, 'destination_usable_before': 187, 'destination_usable_after': 303, 'reason': 'Shortage at W002 (145.98 units); W006 holds 180.47 units above its required stock (206.53)'}]"
M030,W001,NO_ACTION,False,SOURCE,0,31,0,[],['W003'],0,LOW,Projected usable inventory (111.41) stays above safety stock (80) through the lead time,False,Usable stock (299) is above the minimum threshold (200),LOW,Forecast demand is expected to consume all usable stock expiring within 60 days,0.0,178,299,0,299,268,200,80,1600,6,31.964383561643835,187.58803939819336,267.58803939819336,111.41196060180664,9.354161309676867,0.0,0.0,Usable stock (299) covers required stock (267.59); also sends 31 surplus units to W003,NORMAL,Historical seasonal demand pattern: in 2025-10-01..2025-10-30 (same period last year) season_flag was active on 0% of days and demand was 0.95x the item's average,False,"[{'sku_id': 'M030', 'source_warehouse': 'W001', 'destination_warehouse': 'W003', 'batch_id': 'B00410', 'transfer_quantity': 31, 'transfer_type': 'SHORTAGE_EXCESS', 'expiry_date': '2026-10-06', 'days_to_expiry': 6, 'destination_consumption_before_expiry': 110.19, 'source_usable_before': 299, 'source_usable_after': 268, 'destination_usable_before': 43, 'destination_usable_after': 74, 'reason': 'Shortage at W003 (246.16 units); W001 holds 31.41 units above its required stock (267.59)'}]"
M030,W002,REORDER,False,,0,0,0,[],[],20,MEDIUM,Projected usable inventory (50.15) is at or below safety stock (70) by the end of the lead time,True,Usable stock (159) is at or below the minimum threshold (190),LOW,Forecast demand is expected to consume all usable stock expiring within 60 days,0.0,0,159,0,159,159,190,70,1800,4,28.065753424657533,108.84814834594727,178.84814834594727,50.151851654052734,5.665267473643109,19.85,19.85,"After 0 units of transfers, usable stock (159) is still 19.85 below required stock (178.85); reorder 20 units",NORMAL,Historical seasonal demand pattern: in 2025-10-01..2025-10-30 (same period last year) season_flag was active on 0% of days and demand was 0.95x the item's average,False,[]
M030,W003,REORDER,True,DESTINATION,148,0,0,"['W001', 'W006']",[],99,HIGH,Projected usable inventory (-156.16) falls to zero or below during the lead time: forecast demand exceeds usable stock,True,Usable stock (43) is at or below the minimum threshold (160),LOW,Forecast demand is expected to consume all usable stock expiring within 60 days; 33 units already expired (excluded from usable stock),0.0,0,76,33,43,191,160,90,1400,7,28.684931506849313,199.1641902923584,289.1641902923584,-156.1641902923584,1.4990448901623687,246.16,98.16,"Transfer 148 units from W001, W006, then reorder. After 148 units of transfers, usable stock (191) is still 98.16 below required stock (289.16); reorder 99 units",NORMAL,Historical seasonal demand pattern: in 2025-10-01..2025-10-30 (same period last year) season_flag was active on 0% of days and demand was 0.96x the item's average,False,"[{'sku_id': 'M030', 'source_warehouse': 'W001', 'destination_warehouse': 'W003', 'batch_id': 'B00410', 'transfer_quantity': 31, 'transfer_type': 'SHORTAGE_EXCESS', 'expiry_date': '2026-10-06', 'days_to_expiry': 6, 'destination_consumption_before_expiry': 110.19, 'source_usable_before': 299, 'source_usable_after': 268, 'destination_usable_before': 43, 'destination_usable_after': 74, 'reason': 'Shortage at W003 (246.16 units); W001 holds 31.41 units above its required stock (267.59)'}, {'sku_id': 'M030', 'source_warehouse': 'W006', 'destination_warehouse': 'W003', 'batch_id': 'B00421', 'transfer_quantity': 99, 'transfer_type': 'SHORTAGE_EXCESS', 'expiry_date': '2027-01-27', 'days_to_expiry': 119, 'destination_consumption_before_expiry': 3295.22, 'source_usable_before': 297, 'source_usable_after': 198, 'destination_usable_before': 74, 'destination_usable_after': 173, 'reason': 'Shortage at W003 (215.16 units); W006 holds 117.60 units above its required stock (179.40)'}, {'sku_id': 'M030', 'source_warehouse': 'W006', 'destination_warehouse': 'W003', 'batch_id': 'B00422', 'transfer_quantity': 18, 'transfer_type': 'SHORTAGE_EXCESS', 'expiry_date': '2028-08-20', 'days_to_expiry': 690, 'destination_consumption_before_expiry': 19393.84, 'source_usable_before': 198, 'source_usable_after': 180, 'destination_usable_before': 173, 'destination_usable_after': 191, 'reason': 'Shortage at W003 (116.16 units); W006 holds 18.60 units above its required stock (179.40)'}]"
M030,W004,REORDER,False,,0,0,0,[],[],150,HIGH,Projected usable inventory (-69.79) falls to zero or below during the lead time: forecast demand exceeds usable stock,True,Usable stock (68) is at or below the minimum threshold (180),LOW,Forecast demand is expected to consume all usable stock expiring within 60 days,0.0,0,68,0,68,68,180,80,2000,4,34.47945205479452,137.7887191772461,217.7887191772461,-69.7887191772461,1.9721891140246324,149.79,149.79,"After 0 units of transfers, usable stock (68) is still 149.79 below required stock (217.79); reorder 150 units",NORMAL,Historical seasonal demand pattern: in 2025-10-01..2025-10-30 (same period last year) season_flag was active on 0% of days and demand was 0.99x the item's average,False,[]
M030,W005,REORDER,False,,0,0,0,[],[],134,HIGH,Projected usable inventory (-73.08) falls to zero or below during the lead time: forecast demand exceeds usable stock,True,Usable stock (62) is at or below the minimum threshold (140),LOW,Forecast demand is expected to consume all usable stock expiring within 60 days,0.0,22,62,0,62,62,140,60,1400,6,23.13150684931507,135.07696533203125,195.07696533203125,-73.07696533203125,2.68032689802203,133.08,133.08,"After 0 units of transfers, usable stock (62) is still 133.08 below required stock (195.08); reorder 134 units",NORMAL,Historical seasonal demand pattern: in 2025-10-01..2025-10-30 (same period last year) season_flag was active on 0% of days and demand was 1.03x the item's average,False,[]
M030,W006,NO_ACTION,False,SOURCE,0,117,0,[],['W003'],0,LOW,Projected usable inventory (177.60) stays above safety stock (60) through the lead time,False,Usable stock (297) is above the minimum threshold (160),LOW,Forecast demand is expected to consume all usable stock expiring within 60 days,0.0,0,297,0,297,180,160,60,1200,5,24.77260273972603,119.40484428405762,179.40484428405762,177.59515571594238,11.98905109489051,0.0,0.0,Usable stock (297) covers required stock (179.40); also sends 117 surplus units to W003,NORMAL,Historical seasonal demand pattern: in 2025-10-01..2025-10-30 (same period last year) season_flag was active on 0% of days and demand was 1.02x the item's average,False,"[{'sku_id': 'M030', 'source_warehouse': 'W006', 'destination_warehouse': 'W003', 'batch_id': 'B00421', 'transfer_quantity': 99, 'transfer_type': 'SHORTAGE_EXCESS', 'expiry_date': '2027-01-27', 'days_to_expiry': 119, 'destination_consumption_before_expiry': 3295.22, 'source_usable_before': 297, 'source_usable_after': 198, 'destination_usable_before': 74, 'destination_usable_after': 173, 'reason': 'Shortage at W003 (215.16 units); W006 holds 117.60 units above its required stock (179.40)'}, {'sku_id': 'M030', 'source_warehouse': 'W006', 'destination_warehouse': 'W003', 'batch_id': 'B00422', 'transfer_quantity': 18, 'transfer_type': 'SHORTAGE_EXCESS', 'expiry_date': '2028-08-20', 'days_to_expiry': 690, 'destination_consumption_before_expiry': 19393.84, 'source_usable_before': 198, 'source_usable_after': 180, 'destination_usable_before': 173, 'destination_usable_after': 191, 'reason': 'Shortage at W003 (116.16 units); W006 holds 18.60 units above its required stock (179.40)'}]"
