date,sku_id,warehouse_id,forecast_demand
2026-10-01,M001,W001,50.97859573364258
2026-10-02,M001,W001,50.643775939941406
2026-10-03,M001,W001,51.14752197265625
2026-10-04,M001,W001,46.0627326965332
2026-10-05,M001,W001,41.78901672363281
2026-10-06,M001,W001,53.7428092956543
2026-10-07,M001,W001,52.36883544921875
2026-10-08,M001,W001,50.90118408203125
2026-10-09,M001,W001,51.377506256103516
2026-10-10,M001,W001,51.514915466308594
2026-10-11,M001,W001,45.486114501953125
2026-10-12,M001,W001,41.316436767578125
2026-10-13,M001,W001,53.41470718383789
2026-10-14,M001,W001,51.79328155517578
2026-10-15,M001,W001,48.816383361816406
2026-10-16,M001,W001,48.98849105834961
2026-10-17,M001,W001,51.26226806640625
2026-10-18,M001,W001,46.12027359008789
2026-10-19,M001,W001,42.602272033691406
2026-10-20,M001,W001,53.58936309814453
2026-10-21,M001,W001,51.99333190917969
2026-10-22,M001,W001,49.91329574584961
2026-10-23,M001,W001,49.71240997314453
2026-10-24,M001,W001,51.0357666015625
2026-10-25,M001,W001,45.861427307128906
2026-10-26,M001,W001,42.93319320678711
2026-10-27,M001,W001,53.310142517089844
2026-10-28,M001,W001,51.58954620361328
2026-10-29,M001,W001,49.798492431640625
2026-10-30,M001,W001,49.80756378173828
2026-10-01,M001,W002,82.94468688964844
2026-10-02,M001,W002,77.96696472167969
2026-10-03,M001,W002,77.08016204833984
2026-10-04,M001,W002,68.97466278076172
2026-10-05,M001,W002,60.824031829833984
2026-10-06,M001,W002,76.70085144042969
2026-10-07,M001,W002,76.67839813232422
2026-10-08,M001,W002,75.60304260253906
2026-10-09,M001,W002,74.2501220703125
2026-10-10,M001,W002,74.2370834350586
2026-10-11,M001,W002,66.48199462890625
2026-10-12,M001,W002,60.022605895996094
2026-10-13,M001,W002,75.86518096923828
2026-10-14,M001,W002,75.3336410522461
2026-10-15,M001,W002,74.37168884277344
2026-10-16,M001,W002,72.20458984375
2026-10-17,M001,W002,71.87442779541016
2026-10-18,M001,W002,65.25296020507812
2026-10-19,M001,W002,60.60129928588867
2026-10-20,M001,W002,74.78369903564453
2026-10-21,M001,W002,75.54635620117188
2026-10-22,M001,W002,73.77946472167969
2026-10-23,M001,W002,72.59741973876953
2026-10-24,M001,W002,71.65281677246094
2026-10-25,M001,W002,65.4055404663086
2026-10-26,M001,W002,59.88516616821289
2026-10-27,M001,W002,74.08940887451172
2026-10-28,M001,W002,73.87269592285156
2026-10-29,M001,W002,72.74803924560547
2026-10-30,M001,W002,71.53313446044922
2026-10-01,M001,W003,41.648841857910156
2026-10-02,M001,W003,40.79391860961914
2026-10-03,M001,W003,41.44040298461914
2026-10-04,M001,W003,36.66313171386719
2026-10-05,M001,W003,33.8261833190918
2026-10-06,M001,W003,43.07325744628906
2026-10-07,M001,W003,41.91277313232422
2026-10-08,M001,W003,40.77951431274414
2026-10-09,M001,W003,40.42808151245117
2026-10-10,M001,W003,40.89982223510742
2026-10-11,M001,W003,35.420013427734375
2026-10-12,M001,W003,33.090518951416016
2026-10-13,M001,W003,42.59518814086914
2026-10-14,M001,W003,41.44742965698242
2026-10-15,M001,W003,39.44233703613281
2026-10-16,M001,W003,39.45647048950195
2026-10-17,M001,W003,40.21420669555664
2026-10-18,M001,W003,36.1206169128418
2026-10-19,M001,W003,33.96324157714844
2026-10-20,M001,W003,44.17790603637695
2026-10-21,M001,W003,43.740936279296875
2026-10-22,M001,W003,40.222564697265625
2026-10-23,M001,W003,39.929508209228516
2026-10-24,M001,W003,40.112796783447266
2026-10-25,M001,W003,36.24302673339844
2026-10-26,M001,W003,34.47922134399414
2026-10-27,M001,W003,44.222476959228516
2026-10-28,M001,W003,43.277366638183594
2026-10-29,M001,W003,40.597103118896484
2026-10-30,M001,W003,40.42359161376953
2026-10-01,M001,W004,48.27717590332031
2026-10-02,M001,W004,47.58123016357422
2026-10-03,M001,W004,46.540008544921875
2026-10-04,M001,W004,42.49365997314453
2026-10-05,M001,W004,40.397186279296875
2026-10-06,M001,W004,52.12337112426758
2026-10-07,M001,W004,49.596370697021484
2026-10-08,M001,W004,48.91263198852539
2026-10-09,M001,W004,48.14714050292969
2026-10-10,M001,W004,46.359046936035156
2026-10-11,M001,W004,41.1920051574707
2026-10-12,M001,W004,39.051387786865234
2026-10-13,M001,W004,50.24236297607422
2026-10-14,M001,W004,49.24111557006836
2026-10-15,M001,W004,48.614288330078125
2026-10-16,M001,W004,48.304298400878906
2026-10-17,M001,W004,47.31890869140625
2026-10-18,M001,W004,42.46343994140625
2026-10-19,M001,W004,39.02042007446289
2026-10-20,M001,W004,49.09843444824219
2026-10-21,M001,W004,48.45166015625
2026-10-22,M001,W004,47.25434875488281
2026-10-23,M001,W004,46.61796188354492
2026-10-24,M001,W004,46.224403381347656
2026-10-25,M001,W004,42.926239013671875
2026-10-26,M001,W004,39.71684646606445
2026-10-27,M001,W004,49.327850341796875
2026-10-28,M001,W004,49.18470001220703
2026-10-29,M001,W004,48.35406494140625
2026-10-30,M001,W004,48.0804557800293
2026-10-01,M001,W005,51.55352020263672
2026-10-02,M001,W005,50.08964157104492
2026-10-03,M001,W005,50.672950744628906
2026-10-04,M001,W005,43.82174301147461
2026-10-05,M001,W005,40.538333892822266
2026-10-06,M001,W005,52.76681137084961
2026-10-07,M001,W005,51.92694854736328
2026-10-08,M001,W005,51.12251281738281
2026-10-09,M001,W005,49.89832305908203
2026-10-10,M001,W005,50.47809600830078
2026-10-11,M001,W005,44.2890739440918
2026-10-12,M001,W005,42.197357177734375
2026-10-13,M001,W005,53.825836181640625
2026-10-14,M001,W005,52.154518127441406
2026-10-15,M001,W005,50.37956619262695
2026-10-16,M001,W005,49.183956146240234
2026-10-17,M001,W005,49.53430938720703
2026-10-18,M001,W005,43.443153381347656
2026-10-19,M001,W005,40.36747741699219
2026-10-20,M001,W005,52.832908630371094
2026-10-21,M001,W005,52.458213806152344
2026-10-22,M001,W005,50.824806213378906
2026-10-23,M001,W005,49.01509094238281
2026-10-24,M001,W005,50.152793884277344
2026-10-25,M001,W005,44.32941436767578
2026-10-26,M001,W005,41.65485763549805
2026-10-27,M001,W005,52.61431121826172
2026-10-28,M001,W005,51.7741584777832
2026-10-29,M001,W005,50.014652252197266
2026-10-30,M001,W005,48.83496856689453
2026-10-01,M001,W006,51.83723068237305
2026-10-02,M001,W006,49.989830017089844
2026-10-03,M001,W006,48.90174865722656
2026-10-04,M001,W006,43.66674041748047
2026-10-05,M001,W006,40.919677734375
2026-10-06,M001,W006,54.11941146850586
2026-10-07,M001,W006,51.48847198486328
2026-10-08,M001,W006,51.64894104003906
2026-10-09,M001,W006,51.0909423828125
2026-10-10,M001,W006,50.496238708496094
2026-10-11,M001,W006,43.45249938964844
2026-10-12,M001,W006,39.17859649658203
2026-10-13,M001,W006,51.89836502075195
2026-10-14,M001,W006,50.06999206542969
2026-10-15,M001,W006,49.602333068847656
2026-10-16,M001,W006,48.67206573486328
2026-10-17,M001,W006,48.41959762573242
2026-10-18,M001,W006,43.537193298339844
2026-10-19,M001,W006,41.25880813598633
2026-10-20,M001,W006,53.37861251831055
2026-10-21,M001,W006,50.89082336425781
2026-10-22,M001,W006,49.820045471191406
2026-10-23,M001,W006,48.893497467041016
2026-10-24,M001,W006,48.29823684692383
2026-10-25,M001,W006,42.45016098022461
2026-10-26,M001,W006,40.1480712890625
2026-10-27,M001,W006,51.36872863769531
2026-10-28,M001,W006,49.9045295715332
2026-10-29,M001,W006,49.55113220214844
2026-10-30,M001,W006,49.17333984375
2026-10-01,M002,W001,107.60087585449219
2026-10-02,M002,W001,105.70645141601562
2026-10-03,M002,W001,102.83230590820312
2026-10-04,M002,W001,91.052978515625
2026-10-05,M002,W001,84.54025268554688
2026-10-06,M002,W001,108.35199737548828
2026-10-07,M002,W001,108.80027770996094
2026-10-08,M002,W001,105.69048309326172
2026-10-09,M002,W001,104.95144653320312
2026-10-10,M002,W001,103.60408020019531
2026-10-11,M002,W001,92.39283752441406
2026-10-12,M002,W001,87.49462127685547
2026-10-13,M002,W001,109.68330383300781
2026-10-14,M002,W001,109.03926086425781
2026-10-15,M002,W001,103.63026428222656
2026-10-16,M002,W001,100.49525451660156
2026-10-17,M002,W001,99.20893096923828
2026-10-18,M002,W001,89.22611999511719
2026-10-19,M002,W001,84.76483917236328
2026-10-20,M002,W001,106.55545806884766
2026-10-21,M002,W001,106.26388549804688
2026-10-22,M002,W001,101.89078521728516
2026-10-23,M002,W001,101.03897857666016
2026-10-24,M002,W001,100.61325073242188
2026-10-25,M002,W001,90.61480712890625
2026-10-26,M002,W001,84.97891235351562
2026-10-27,M002,W001,106.05929565429688
2026-10-28,M002,W001,105.6710433959961
2026-10-29,M002,W001,101.75856018066406
2026-10-30,M002,W001,100.10330200195312
2026-10-01,M002,W002,89.1728515625
2026-10-02,M002,W002,86.66850280761719
2026-10-03,M002,W002,85.02611541748047
2026-10-04,M002,W002,77.03626251220703
2026-10-05,M002,W002,69.74908447265625
2026-10-06,M002,W002,88.27112579345703
2026-10-07,M002,W002,88.40750885009766
2026-10-08,M002,W002,86.92252349853516
2026-10-09,M002,W002,85.21269226074219
2026-10-10,M002,W002,85.35542297363281
2026-10-11,M002,W002,76.65166473388672
2026-10-12,M002,W002,70.96373748779297
2026-10-13,M002,W002,89.19039154052734
2026-10-14,M002,W002,88.76178741455078
2026-10-15,M002,W002,85.82341766357422
2026-10-16,M002,W002,84.16120910644531
2026-10-17,M002,W002,84.64669036865234
2026-10-18,M002,W002,76.79108428955078
2026-10-19,M002,W002,70.59912872314453
2026-10-20,M002,W002,89.08975982666016
2026-10-21,M002,W002,89.43031311035156
2026-10-22,M002,W002,85.85308837890625
2026-10-23,M002,W002,84.09990692138672
2026-10-24,M002,W002,84.40189361572266
2026-10-25,M002,W002,76.176025390625
2026-10-26,M002,W002,71.3917236328125
2026-10-27,M002,W002,88.61255645751953
2026-10-28,M002,W002,88.97447204589844
2026-10-29,M002,W002,85.49449157714844
2026-10-30,M002,W002,84.41637420654297
2026-10-01,M002,W003,92.68588256835938
2026-10-02,M002,W003,89.52569580078125
2026-10-03,M002,W003,85.90232849121094
2026-10-04,M002,W003,77.06209564208984
2026-10-05,M002,W003,72.97270202636719
2026-10-06,M002,W003,92.46688842773438
2026-10-07,M002,W003,91.83262634277344
2026-10-08,M002,W003,88.20193481445312
2026-10-09,M002,W003,85.79519653320312
2026-10-10,M002,W003,83.57992553710938
2026-10-11,M002,W003,76.46891021728516
2026-10-12,M002,W003,71.40924835205078
2026-10-13,M002,W003,89.21468353271484
2026-10-14,M002,W003,89.02114868164062
2026-10-15,M002,W003,86.5142593383789
2026-10-16,M002,W003,84.50068664550781
2026-10-17,M002,W003,83.62712097167969
2026-10-18,M002,W003,75.00050354003906
2026-10-19,M002,W003,71.42770385742188
2026-10-20,M002,W003,89.49905395507812
2026-10-21,M002,W003,88.78651428222656
2026-10-22,M002,W003,85.50408935546875
2026-10-23,M002,W003,84.47621154785156
2026-10-24,M002,W003,83.39616394042969
2026-10-25,M002,W003,75.46633911132812
2026-10-26,M002,W003,70.4012451171875
2026-10-27,M002,W003,88.41270446777344
2026-10-28,M002,W003,87.89944458007812
2026-10-29,M002,W003,85.94111633300781
2026-10-30,M002,W003,84.34806060791016
2026-10-01,M002,W004,104.3121109008789
2026-10-02,M002,W004,103.59028625488281
2026-10-03,M002,W004,104.25070190429688
2026-10-04,M002,W004,94.56355285644531
2026-10-05,M002,W004,90.71627807617188
2026-10-06,M002,W004,113.87022399902344
2026-10-07,M002,W004,114.77147674560547
2026-10-08,M002,W004,113.04883575439453
2026-10-09,M002,W004,109.22309875488281
2026-10-10,M002,W004,106.3023910522461
2026-10-11,M002,W004,95.74998474121094
2026-10-12,M002,W004,92.40190124511719
2026-10-13,M002,W004,112.95840454101562
2026-10-14,M002,W004,112.34986877441406
2026-10-15,M002,W004,110.1888198852539
2026-10-16,M002,W004,108.90065002441406
2026-10-17,M002,W004,106.3277587890625
2026-10-18,M002,W004,95.67216491699219
2026-10-19,M002,W004,93.03001403808594
2026-10-20,M002,W004,115.93522644042969
2026-10-21,M002,W004,114.73233795166016
2026-10-22,M002,W004,109.5634994506836
2026-10-23,M002,W004,108.04087829589844
2026-10-24,M002,W004,106.43028259277344
2026-10-25,M002,W004,94.83306884765625
2026-10-26,M002,W004,90.74593353271484
2026-10-27,M002,W004,113.64871215820312
2026-10-28,M002,W004,113.17716979980469
2026-10-29,M002,W004,109.2684326171875
2026-10-30,M002,W004,107.9840087890625
2026-10-01,M002,W005,80.86578369140625
2026-10-02,M002,W005,80.3397216796875
2026-10-03,M002,W005,80.1158676147461
2026-10-04,M002,W005,74.20223236083984
2026-10-05,M002,W005,69.3559799194336
2026-10-06,M002,W005,86.9532241821289
2026-10-07,M002,W005,83.85425567626953
2026-10-08,M002,W005,83.44072723388672
2026-10-09,M002,W005,83.13079833984375
2026-10-10,M002,W005,86.43177032470703
2026-10-11,M002,W005,78.48707580566406
2026-10-12,M002,W005,71.83039855957031
2026-10-13,M002,W005,86.40179443359375
2026-10-14,M002,W005,82.71217346191406
2026-10-15,M002,W005,80.68515014648438
2026-10-16,M002,W005,79.82331848144531
2026-10-17,M002,W005,79.11962127685547
2026-10-18,M002,W005,72.18798828125
2026-10-19,M002,W005,68.29410552978516
2026-10-20,M002,W005,85.14788818359375
2026-10-21,M002,W005,82.26741027832031
2026-10-22,M002,W005,80.90409851074219
2026-10-23,M002,W005,80.5961685180664
2026-10-24,M002,W005,80.96649169921875
2026-10-25,M002,W005,74.11107635498047
2026-10-26,M002,W005,70.93889617919922
2026-10-27,M002,W005,84.18639373779297
2026-10-28,M002,W005,82.11093139648438
2026-10-29,M002,W005,79.9702377319336
2026-10-30,M002,W005,81.07545471191406
2026-10-01,M002,W006,86.83697509765625
2026-10-02,M002,W006,86.80508422851562
2026-10-03,M002,W006,86.32380676269531
2026-10-04,M002,W006,78.14575958251953
2026-10-05,M002,W006,74.4998550415039
2026-10-06,M002,W006,93.46627807617188
2026-10-07,M002,W006,89.68269348144531
2026-10-08,M002,W006,88.799072265625
2026-10-09,M002,W006,87.85545349121094
2026-10-10,M002,W006,86.89369201660156
2026-10-11,M002,W006,77.82357025146484
2026-10-12,M002,W006,74.90894317626953
2026-10-13,M002,W006,93.72151184082031
2026-10-14,M002,W006,90.42151641845703
2026-10-15,M002,W006,88.72943115234375
2026-10-16,M002,W006,87.44015502929688
2026-10-17,M002,W006,87.3720474243164
2026-10-18,M002,W006,78.95323944091797
2026-10-19,M002,W006,73.8116683959961
2026-10-20,M002,W006,94.58023071289062
2026-10-21,M002,W006,90.67634582519531
2026-10-22,M002,W006,87.11016845703125
2026-10-23,M002,W006,86.81515502929688
2026-10-24,M002,W006,86.00213623046875
2026-10-25,M002,W006,79.23675537109375
2026-10-26,M002,W006,74.32750701904297
2026-10-27,M002,W006,93.83576965332031
2026-10-28,M002,W006,90.40032196044922
2026-10-29,M002,W006,88.29072570800781
2026-10-30,M002,W006,88.11229705810547
2026-10-01,M003,W001,33.158939361572266
2026-10-02,M003,W001,33.2216796875
2026-10-03,M003,W001,32.566776275634766
2026-10-04,M003,W001,29.311717987060547
2026-10-05,M003,W001,27.04305648803711
2026-10-06,M003,W001,35.200958251953125
2026-10-07,M003,W001,33.66145324707031
2026-10-08,M003,W001,33.094364166259766
2026-10-09,M003,W001,33.05982208251953
2026-10-10,M003,W001,32.706790924072266
2026-10-11,M003,W001,29.51529884338379
2026-10-12,M003,W001,27.614238739013672
2026-10-13,M003,W001,35.175323486328125
2026-10-14,M003,W001,33.43608856201172
2026-10-15,M003,W001,32.59635543823242
2026-10-16,M003,W001,32.836151123046875
2026-10-17,M003,W001,32.24507141113281
2026-10-18,M003,W001,29.361040115356445
2026-10-19,M003,W001,27.57769012451172
2026-10-20,M003,W001,34.939353942871094
2026-10-21,M003,W001,33.94219970703125
2026-10-22,M003,W001,33.4326057434082
2026-10-23,M003,W001,32.99399948120117
2026-10-24,M003,W001,32.27546310424805
2026-10-25,M003,W001,29.433835983276367
2026-10-26,M003,W001,27.781414031982422
2026-10-27,M003,W001,34.71091842651367
2026-10-28,M003,W001,33.649837493896484
2026-10-29,M003,W001,32.92839050292969
2026-10-30,M003,W001,32.879940032958984
2026-10-01,M003,W002,29.760066986083984
2026-10-02,M003,W002,27.853424072265625
2026-10-03,M003,W002,25.07069206237793
2026-10-04,M003,W002,24.90795135498047
2026-10-05,M003,W002,21.77760887145996
2026-10-06,M003,W002,28.008554458618164
2026-10-07,M003,W002,26.903079986572266
2026-10-08,M003,W002,27.66985321044922
2026-10-09,M003,W002,26.822996139526367
2026-10-10,M003,W002,26.703283309936523
2026-10-11,M003,W002,25.223825454711914
2026-10-12,M003,W002,23.13095474243164
2026-10-13,M003,W002,28.16488265991211
2026-10-14,M003,W002,27.59418487548828
2026-10-15,M003,W002,26.039209365844727
2026-10-16,M003,W002,26.017518997192383
2026-10-17,M003,W002,26.34515380859375
2026-10-18,M003,W002,23.78792381286621
2026-10-19,M003,W002,21.6510066986084
2026-10-20,M003,W002,27.495779037475586
2026-10-21,M003,W002,26.915210723876953
2026-10-22,M003,W002,26.04224967956543
2026-10-23,M003,W002,25.914613723754883
2026-10-24,M003,W002,25.65618133544922
2026-10-25,M003,W002,23.56419563293457
2026-10-26,M003,W002,21.67310333251953
2026-10-27,M003,W002,26.860774993896484
2026-10-28,M003,W002,26.430728912353516
2026-10-29,M003,W002,25.918073654174805
2026-10-30,M003,W002,25.920085906982422
2026-10-01,M003,W003,29.12403678894043
2026-10-02,M003,W003,29.225690841674805
2026-10-03,M003,W003,29.44820785522461
2026-10-04,M003,W003,25.879383087158203
2026-10-05,M003,W003,22.987178802490234
2026-10-06,M003,W003,30.85155487060547
2026-10-07,M003,W003,30.20720863342285
2026-10-08,M003,W003,30.18603515625
2026-10-09,M003,W003,29.05318260192871
2026-10-10,M003,W003,29.01089096069336
2026-10-11,M003,W003,25.483463287353516
2026-10-12,M003,W003,23.228233337402344
2026-10-13,M003,W003,30.53630256652832
2026-10-14,M003,W003,29.636402130126953
2026-10-15,M003,W003,29.57735824584961
2026-10-16,M003,W003,28.52727508544922
2026-10-17,M003,W003,28.88214111328125
2026-10-18,M003,W003,25.876026153564453
2026-10-19,M003,W003,23.233142852783203
2026-10-20,M003,W003,30.515199661254883
2026-10-21,M003,W003,30.08013153076172
2026-10-22,M003,W003,29.472938537597656
2026-10-23,M003,W003,28.890316009521484
2026-10-24,M003,W003,28.862377166748047
2026-10-25,M003,W003,25.455379486083984
2026-10-26,M003,W003,23.21082305908203
2026-10-27,M003,W003,30.268552780151367
2026-10-28,M003,W003,29.907114028930664
2026-10-29,M003,W003,29.564456939697266
2026-10-30,M003,W003,29.053970336914062
2026-10-01,M003,W004,30.272706985473633
2026-10-02,M003,W004,29.77960968017578
2026-10-03,M003,W004,29.831707000732422
2026-10-04,M003,W004,25.132625579833984
2026-10-05,M003,W004,22.178173065185547
2026-10-06,M003,W004,32.26344680786133
2026-10-07,M003,W004,30.832103729248047
2026-10-08,M003,W004,30.805871963500977
2026-10-09,M003,W004,30.66252899169922
2026-10-10,M003,W004,29.94843292236328
2026-10-11,M003,W004,25.3482666015625
2026-10-12,M003,W004,22.63224983215332
2026-10-13,M003,W004,32.23713684082031
2026-10-14,M003,W004,30.910608291625977
2026-10-15,M003,W004,30.747676849365234
2026-10-16,M003,W004,30.488235473632812
2026-10-17,M003,W004,29.54409408569336
2026-10-18,M003,W004,25.30868148803711
2026-10-19,M003,W004,22.716022491455078
2026-10-20,M003,W004,32.56547164916992
2026-10-21,M003,W004,30.86088752746582
2026-10-22,M003,W004,30.599252700805664
2026-10-23,M003,W004,29.802793502807617
2026-10-24,M003,W004,29.271650314331055
2026-10-25,M003,W004,25.383651733398438
2026-10-26,M003,W004,23.08151626586914
2026-10-27,M003,W004,32.55305480957031
2026-10-28,M003,W004,30.73673439025879
2026-10-29,M003,W004,30.216350555419922
2026-10-30,M003,W004,30.082616806030273
2026-10-01,M003,W005,22.248271942138672
2026-10-02,M003,W005,22.707626342773438
2026-10-03,M003,W005,23.32970428466797
2026-10-04,M003,W005,21.042709350585938
2026-10-05,M003,W005,18.804567337036133
2026-10-06,M003,W005,24.983280181884766
2026-10-07,M003,W005,23.970434188842773
2026-10-08,M003,W005,22.884883880615234
2026-10-09,M003,W005,22.920223236083984
2026-10-10,M003,W005,23.04743766784668
2026-10-11,M003,W005,21.053508758544922
2026-10-12,M003,W005,18.84929656982422
2026-10-13,M003,W005,24.262666702270508
2026-10-14,M003,W005,23.792818069458008
2026-10-15,M003,W005,22.729509353637695
2026-10-16,M003,W005,22.751323699951172
2026-10-17,M003,W005,22.76364517211914
2026-10-18,M003,W005,20.661914825439453
2026-10-19,M003,W005,18.637786865234375
2026-10-20,M003,W005,24.518482208251953
2026-10-21,M003,W005,23.802778244018555
2026-10-22,M003,W005,23.27696990966797
2026-10-23,M003,W005,22.976781845092773
2026-10-24,M003,W005,22.984020233154297
2026-10-25,M003,W005,20.80462074279785
2026-10-26,M003,W005,18.804964065551758
2026-10-27,M003,W005,24.393144607543945
2026-10-28,M003,W005,24.03624153137207
2026-10-29,M003,W005,23.26127052307129
2026-10-30,M003,W005,22.96623420715332
2026-10-01,M003,W006,28.0876522064209
2026-10-02,M003,W006,28.659711837768555
2026-10-03,M003,W006,28.33312225341797
2026-10-04,M003,W006,25.249496459960938
2026-10-05,M003,W006,23.10205078125
2026-10-06,M003,W006,32.259300231933594
2026-10-07,M003,W006,31.156644821166992
2026-10-08,M003,W006,30.79096221923828
2026-10-09,M003,W006,29.584508895874023
2026-10-10,M003,W006,28.354644775390625
2026-10-11,M003,W006,25.481815338134766
2026-10-12,M003,W006,23.27098846435547
2026-10-13,M003,W006,30.8797664642334
2026-10-14,M003,W006,29.205768585205078
2026-10-15,M003,W006,29.213214874267578
2026-10-16,M003,W006,29.305736541748047
2026-10-17,M003,W006,30.16187286376953
2026-10-18,M003,W006,26.161895751953125
2026-10-19,M003,W006,23.77914810180664
2026-10-20,M003,W006,31.76559066772461
2026-10-21,M003,W006,30.47272300720215
2026-10-22,M003,W006,30.025163650512695
2026-10-23,M003,W006,29.49045753479004
2026-10-24,M003,W006,29.480697631835938
2026-10-25,M003,W006,26.229873657226562
2026-10-26,M003,W006,24.068267822265625
2026-10-27,M003,W006,31.31199836730957
2026-10-28,M003,W006,30.47541046142578
2026-10-29,M003,W006,30.356843948364258
2026-10-30,M003,W006,30.156517028808594
2026-10-01,M004,W001,55.23627853393555
2026-10-02,M004,W001,55.02032470703125
2026-10-03,M004,W001,53.642539978027344
2026-10-04,M004,W001,49.97502899169922
2026-10-05,M004,W001,44.722511291503906
2026-10-06,M004,W001,57.79792785644531
2026-10-07,M004,W001,57.365447998046875
2026-10-08,M004,W001,55.9205322265625
2026-10-09,M004,W001,55.519779205322266
2026-10-10,M004,W001,53.394325256347656
2026-10-11,M004,W001,49.67142105102539
2026-10-12,M004,W001,44.80658721923828
2026-10-13,M004,W001,57.52619934082031
2026-10-14,M004,W001,56.34031295776367
2026-10-15,M004,W001,54.441200256347656
2026-10-16,M004,W001,54.328025817871094
2026-10-17,M004,W001,52.37990188598633
2026-10-18,M004,W001,48.33498001098633
2026-10-19,M004,W001,43.65843200683594
2026-10-20,M004,W001,56.94240188598633
2026-10-21,M004,W001,56.36293029785156
2026-10-22,M004,W001,54.85274887084961
2026-10-23,M004,W001,53.743003845214844
2026-10-24,M004,W001,52.399383544921875
2026-10-25,M004,W001,48.26188659667969
2026-10-26,M004,W001,43.7973747253418
2026-10-27,M004,W001,55.725284576416016
2026-10-28,M004,W001,54.961952209472656
2026-10-29,M004,W001,53.34292221069336
2026-10-30,M004,W001,53.28646469116211
2026-10-01,M004,W002,47.93881607055664
2026-10-02,M004,W002,47.27931213378906
2026-10-03,M004,W002,46.11820602416992
2026-10-04,M004,W002,41.599945068359375
2026-10-05,M004,W002,37.56629180908203
2026-10-06,M004,W002,49.124332427978516
2026-10-07,M004,W002,48.86265182495117
2026-10-08,M004,W002,48.6885871887207
2026-10-09,M004,W002,48.08507537841797
2026-10-10,M004,W002,46.67151641845703
2026-10-11,M004,W002,41.78255081176758
2026-10-12,M004,W002,38.188941955566406
2026-10-13,M004,W002,48.83450698852539
2026-10-14,M004,W002,48.74470138549805
2026-10-15,M004,W002,47.84067916870117
2026-10-16,M004,W002,47.68364715576172
2026-10-17,M004,W002,47.53189468383789
2026-10-18,M004,W002,42.82535171508789
2026-10-19,M004,W002,38.58839797973633
2026-10-20,M004,W002,48.791507720947266
2026-10-21,M004,W002,49.08230972290039
2026-10-22,M004,W002,48.41029357910156
2026-10-23,M004,W002,47.55004119873047
2026-10-24,M004,W002,47.15678024291992
2026-10-25,M004,W002,42.969295501708984
2026-10-26,M004,W002,38.385093688964844
2026-10-27,M004,W002,48.354061126708984
2026-10-28,M004,W002,48.715423583984375
2026-10-29,M004,W002,48.538002014160156
2026-10-30,M004,W002,47.765892028808594
2026-10-01,M004,W003,57.96963882446289
2026-10-02,M004,W003,56.53335952758789
2026-10-03,M004,W003,54.14216232299805
2026-10-04,M004,W003,47.304988861083984
2026-10-05,M004,W003,43.57733917236328
2026-10-06,M004,W003,57.855003356933594
2026-10-07,M004,W003,56.78660202026367
2026-10-08,M004,W003,54.708282470703125
2026-10-09,M004,W003,54.93760299682617
2026-10-10,M004,W003,53.52018737792969
2026-10-11,M004,W003,47.87223815917969
2026-10-12,M004,W003,44.071800231933594
2026-10-13,M004,W003,57.30061340332031
2026-10-14,M004,W003,55.72248077392578
2026-10-15,M004,W003,52.849945068359375
2026-10-16,M004,W003,52.80704116821289
2026-10-17,M004,W003,52.55091094970703
2026-10-18,M004,W003,46.263893127441406
2026-10-19,M004,W003,43.52713394165039
2026-10-20,M004,W003,55.90275573730469
2026-10-21,M004,W003,55.52263259887695
2026-10-22,M004,W003,54.943809509277344
2026-10-23,M004,W003,54.685943603515625
2026-10-24,M004,W003,53.6558837890625
2026-10-25,M004,W003,47.32939910888672
2026-10-26,M004,W003,43.76868438720703
2026-10-27,M004,W003,57.31962203979492
2026-10-28,M004,W003,55.554603576660156
2026-10-29,M004,W003,54.36983108520508
2026-10-30,M004,W003,54.45330810546875
2026-10-01,M004,W004,55.509517669677734
2026-10-02,M004,W004,55.4732780456543
2026-10-03,M004,W004,55.31645965576172
2026-10-04,M004,W004,49.633033752441406
2026-10-05,M004,W004,45.26677322387695
2026-10-06,M004,W004,59.776939392089844
2026-10-07,M004,W004,58.95703887939453
2026-10-08,M004,W004,55.92270278930664
2026-10-09,M004,W004,55.674293518066406
2026-10-10,M004,W004,55.4631462097168
2026-10-11,M004,W004,50.25926208496094
2026-10-12,M004,W004,46.093379974365234
2026-10-13,M004,W004,59.67163848876953
2026-10-14,M004,W004,58.199188232421875
2026-10-15,M004,W004,55.27619934082031
2026-10-16,M004,W004,55.25214385986328
2026-10-17,M004,W004,55.42178726196289
2026-10-18,M004,W004,50.366920471191406
2026-10-19,M004,W004,45.893341064453125
2026-10-20,M004,W004,59.102195739746094
2026-10-21,M004,W004,57.49916458129883
2026-10-22,M004,W004,54.72563552856445
2026-10-23,M004,W004,55.157657623291016
2026-10-24,M004,W004,54.987483978271484
2026-10-25,M004,W004,50.402069091796875
2026-10-26,M004,W004,46.12495422363281
2026-10-27,M004,W004,58.421607971191406
2026-10-28,M004,W004,57.13927459716797
2026-10-29,M004,W004,54.396297454833984
2026-10-30,M004,W004,55.54135513305664
2026-10-01,M004,W005,43.35838317871094
2026-10-02,M004,W005,42.85555648803711
2026-10-03,M004,W005,42.84014129638672
2026-10-04,M004,W005,37.284454345703125
2026-10-05,M004,W005,32.4687614440918
2026-10-06,M004,W005,44.05534362792969
2026-10-07,M004,W005,42.77824020385742
2026-10-08,M004,W005,41.72971725463867
2026-10-09,M004,W005,41.17940139770508
2026-10-10,M004,W005,41.919410705566406
2026-10-11,M004,W005,36.98347473144531
2026-10-12,M004,W005,32.8481559753418
2026-10-13,M004,W005,43.94416046142578
2026-10-14,M004,W005,43.16036605834961
2026-10-15,M004,W005,41.242679595947266
2026-10-16,M004,W005,40.40284729003906
2026-10-17,M004,W005,41.68011474609375
2026-10-18,M004,W005,36.64729690551758
2026-10-19,M004,W005,32.33599853515625
2026-10-20,M004,W005,43.354835510253906
2026-10-21,M004,W005,42.869319915771484
2026-10-22,M004,W005,40.841217041015625
2026-10-23,M004,W005,40.45622253417969
2026-10-24,M004,W005,41.300079345703125
2026-10-25,M004,W005,37.2651252746582
2026-10-26,M004,W005,32.94313049316406
2026-10-27,M004,W005,43.67650604248047
2026-10-28,M004,W005,42.63817596435547
2026-10-29,M004,W005,40.47467803955078
2026-10-30,M004,W005,40.36799621582031
2026-10-01,M004,W006,58.4256706237793
2026-10-02,M004,W006,55.42426300048828
2026-10-03,M004,W006,51.95687484741211
2026-10-04,M004,W006,46.86921310424805
2026-10-05,M004,W006,42.23249053955078
2026-10-06,M004,W006,57.52428436279297
2026-10-07,M004,W006,55.8653450012207
2026-10-08,M004,W006,53.61202621459961
2026-10-09,M004,W006,53.02543640136719
2026-10-10,M004,W006,50.785667419433594
2026-10-11,M004,W006,46.349205017089844
2026-10-12,M004,W006,41.597747802734375
2026-10-13,M004,W006,56.69317626953125
2026-10-14,M004,W006,55.591678619384766
2026-10-15,M004,W006,53.657875061035156
2026-10-16,M004,W006,52.71199417114258
2026-10-17,M004,W006,51.47450256347656
2026-10-18,M004,W006,46.845401763916016
2026-10-19,M004,W006,42.65668487548828
2026-10-20,M004,W006,56.20661163330078
2026-10-21,M004,W006,55.44488525390625
2026-10-22,M004,W006,53.74090576171875
2026-10-23,M004,W006,52.3939094543457
2026-10-24,M004,W006,50.65668869018555
2026-10-25,M004,W006,46.525550842285156
2026-10-26,M004,W006,42.65703582763672
2026-10-27,M004,W006,56.434600830078125
2026-10-28,M004,W006,54.67436599731445
2026-10-29,M004,W006,53.07776641845703
2026-10-30,M004,W006,52.35417938232422
2026-10-01,M005,W001,29.81505012512207
2026-10-02,M005,W001,28.42494010925293
2026-10-03,M005,W001,28.741254806518555
2026-10-04,M005,W001,25.235143661499023
2026-10-05,M005,W001,22.93526840209961
2026-10-06,M005,W001,31.285499572753906
2026-10-07,M005,W001,30.200511932373047
2026-10-08,M005,W001,29.849342346191406
2026-10-09,M005,W001,29.065540313720703
2026-10-10,M005,W001,29.367752075195312
2026-10-11,M005,W001,25.76967430114746
2026-10-12,M005,W001,23.14007568359375
2026-10-13,M005,W001,30.929950714111328
2026-10-14,M005,W001,29.896137237548828
2026-10-15,M005,W001,29.350196838378906
2026-10-16,M005,W001,28.686279296875
2026-10-17,M005,W001,29.012447357177734
2026-10-18,M005,W001,25.589195251464844
2026-10-19,M005,W001,23.267547607421875
2026-10-20,M005,W001,30.938182830810547
2026-10-21,M005,W001,30.012422561645508
2026-10-22,M005,W001,29.620479583740234
2026-10-23,M005,W001,28.97555160522461
2026-10-24,M005,W001,28.808820724487305
2026-10-25,M005,W001,25.82175636291504
2026-10-26,M005,W001,23.046916961669922
2026-10-27,M005,W001,30.43759536743164
2026-10-28,M005,W001,29.70245933532715
2026-10-29,M005,W001,29.21883773803711
2026-10-30,M005,W001,28.87103271484375
2026-10-01,M005,W002,25.150169372558594
2026-10-02,M005,W002,25.369640350341797
2026-10-03,M005,W002,26.349185943603516
2026-10-04,M005,W002,23.089176177978516
2026-10-05,M005,W002,20.51380157470703
2026-10-06,M005,W002,27.63103485107422
2026-10-07,M005,W002,26.719221115112305
2026-10-08,M005,W002,25.848691940307617
2026-10-09,M005,W002,25.49933624267578
2026-10-10,M005,W002,25.97222328186035
2026-10-11,M005,W002,22.917160034179688
2026-10-12,M005,W002,20.526180267333984
2026-10-13,M005,W002,27.56743621826172
2026-10-14,M005,W002,27.022695541381836
2026-10-15,M005,W002,26.11121940612793
2026-10-16,M005,W002,25.706787109375
2026-10-17,M005,W002,26.045764923095703
2026-10-18,M005,W002,23.106969833374023
2026-10-19,M005,W002,20.765567779541016
2026-10-20,M005,W002,27.5141544342041
2026-10-21,M005,W002,26.755401611328125
2026-10-22,M005,W002,25.780258178710938
2026-10-23,M005,W002,25.46372413635254
2026-10-24,M005,W002,25.812376022338867
2026-10-25,M005,W002,23.171222686767578
2026-10-26,M005,W002,20.829315185546875
2026-10-27,M005,W002,27.62922477722168
2026-10-28,M005,W002,26.937103271484375
2026-10-29,M005,W002,25.974031448364258
2026-10-30,M005,W002,25.57672691345215
2026-10-01,M005,W003,28.149734497070312
2026-10-02,M005,W003,27.9755916595459
2026-10-03,M005,W003,27.969383239746094
2026-10-04,M005,W003,25.506359100341797
2026-10-05,M005,W003,23.138904571533203
2026-10-06,M005,W003,31.01795768737793
2026-10-07,M005,W003,28.84674072265625
2026-10-08,M005,W003,28.413915634155273
2026-10-09,M005,W003,27.90920639038086
2026-10-10,M005,W003,27.99540138244629
2026-10-11,M005,W003,25.54129409790039
2026-10-12,M005,W003,23.375102996826172
2026-10-13,M005,W003,30.983840942382812
2026-10-14,M005,W003,28.792295455932617
2026-10-15,M005,W003,28.07048797607422
2026-10-16,M005,W003,27.84969139099121
2026-10-17,M005,W003,28.051544189453125
2026-10-18,M005,W003,25.4354248046875
2026-10-19,M005,W003,23.237701416015625
2026-10-20,M005,W003,30.698719024658203
2026-10-21,M005,W003,29.097606658935547
2026-10-22,M005,W003,28.144023895263672
2026-10-23,M005,W003,27.736961364746094
2026-10-24,M005,W003,27.90656852722168
2026-10-25,M005,W003,25.591419219970703
2026-10-26,M005,W003,23.326684951782227
2026-10-27,M005,W003,30.68353271484375
2026-10-28,M005,W003,29.009111404418945
2026-10-29,M005,W003,28.189651489257812
2026-10-30,M005,W003,27.94180679321289
2026-10-01,M005,W004,31.524940490722656
2026-10-02,M005,W004,30.74911880493164
2026-10-03,M005,W004,31.74505043029785
2026-10-04,M005,W004,28.70868682861328
2026-10-05,M005,W004,26.033100128173828
2026-10-06,M005,W004,33.67983627319336
2026-10-07,M005,W004,32.5766716003418
2026-10-08,M005,W004,32.07672119140625
2026-10-09,M005,W004,31.135852813720703
2026-10-10,M005,W004,31.880245208740234
2026-10-11,M005,W004,28.733322143554688
2026-10-12,M005,W004,26.17473602294922
2026-10-13,M005,W004,32.712646484375
2026-10-14,M005,W004,32.00916290283203
2026-10-15,M005,W004,31.415040969848633
2026-10-16,M005,W004,30.384048461914062
2026-10-17,M005,W004,31.51906967163086
2026-10-18,M005,W004,28.348512649536133
2026-10-19,M005,W004,26.0621395111084
2026-10-20,M005,W004,33.052032470703125
2026-10-21,M005,W004,32.206546783447266
2026-10-22,M005,W004,31.506139755249023
2026-10-23,M005,W004,30.883014678955078
2026-10-24,M005,W004,31.521221160888672
2026-10-25,M005,W004,28.549224853515625
2026-10-26,M005,W004,26.271484375
2026-10-27,M005,W004,32.9796257019043
2026-10-28,M005,W004,32.32841873168945
2026-10-29,M005,W004,31.544328689575195
2026-10-30,M005,W004,30.73202133178711
2026-10-01,M005,W005,25.41452407836914
2026-10-02,M005,W005,24.459980010986328
2026-10-03,M005,W005,24.53112030029297
2026-10-04,M005,W005,20.684850692749023
2026-10-05,M005,W005,19.089900970458984
2026-10-06,M005,W005,26.008167266845703
2026-10-07,M005,W005,25.90779685974121
2026-10-08,M005,W005,25.465253829956055
2026-10-09,M005,W005,24.639835357666016
2026-10-10,M005,W005,24.315824508666992
2026-10-11,M005,W005,21.17870330810547
2026-10-12,M005,W005,19.446969985961914
2026-10-13,M005,W005,25.68961524963379
2026-10-14,M005,W005,25.729938507080078
2026-10-15,M005,W005,25.193758010864258
2026-10-16,M005,W005,24.417234420776367
2026-10-17,M005,W005,24.281694412231445
2026-10-18,M005,W005,21.45379638671875
2026-10-19,M005,W005,19.718955993652344
2026-10-20,M005,W005,25.456890106201172
2026-10-21,M005,W005,25.58066177368164
2026-10-22,M005,W005,25.429927825927734
2026-10-23,M005,W005,24.595653533935547
2026-10-24,M005,W005,24.358230590820312
2026-10-25,M005,W005,21.30039405822754
2026-10-26,M005,W005,19.56643295288086
2026-10-27,M005,W005,25.697052001953125
2026-10-28,M005,W005,25.48601722717285
2026-10-29,M005,W005,25.02123260498047
2026-10-30,M005,W005,24.437244415283203
2026-10-01,M005,W006,27.910165786743164
2026-10-02,M005,W006,27.434593200683594
2026-10-03,M005,W006,27.736007690429688
2026-10-04,M005,W006,24.973569869995117
2026-10-05,M005,W006,23.37173080444336
2026-10-06,M005,W006,29.591266632080078
2026-10-07,M005,W006,29.317115783691406
2026-10-08,M005,W006,28.765731811523438
2026-10-09,M005,W006,27.905261993408203
2026-10-10,M005,W006,27.863765716552734
2026-10-11,M005,W006,25.18159294128418
2026-10-12,M005,W006,23.625362396240234
2026-10-13,M005,W006,29.399675369262695
2026-10-14,M005,W006,29.172636032104492
2026-10-15,M005,W006,28.552186965942383
2026-10-16,M005,W006,27.583223342895508
2026-10-17,M005,W006,27.586769104003906
2026-10-18,M005,W006,25.263431549072266
2026-10-19,M005,W006,23.619338989257812
2026-10-20,M005,W006,29.63726806640625
2026-10-21,M005,W006,29.500099182128906
2026-10-22,M005,W006,29.053409576416016
2026-10-23,M005,W006,27.817913055419922
2026-10-24,M005,W006,27.64557647705078
2026-10-25,M005,W006,25.279186248779297
2026-10-26,M005,W006,23.540794372558594
2026-10-27,M005,W006,29.398788452148438
2026-10-28,M005,W006,29.238508224487305
2026-10-29,M005,W006,28.842199325561523
2026-10-30,M005,W006,27.696027755737305
2026-10-01,M006,W001,41.81150436401367
2026-10-02,M006,W001,39.45758819580078
2026-10-03,M006,W001,40.18694305419922
2026-10-04,M006,W001,37.61051559448242
2026-10-05,M006,W001,33.212371826171875
2026-10-06,M006,W001,45.37787628173828
2026-10-07,M006,W001,42.85712814331055
2026-10-08,M006,W001,41.13224792480469
2026-10-09,M006,W001,39.850467681884766
2026-10-10,M006,W001,40.682193756103516
2026-10-11,M006,W001,37.42610168457031
2026-10-12,M006,W001,33.056983947753906
2026-10-13,M006,W001,44.64626693725586
2026-10-14,M006,W001,43.00216293334961
2026-10-15,M006,W001,41.972442626953125
2026-10-16,M006,W001,40.5472526550293
2026-10-17,M006,W001,41.32859802246094
2026-10-18,M006,W001,38.263702392578125
2026-10-19,M006,W001,33.591148376464844
2026-10-20,M006,W001,44.42146682739258
2026-10-21,M006,W001,43.113319396972656
2026-10-22,M006,W001,41.00251388549805
2026-10-23,M006,W001,39.84874725341797
2026-10-24,M006,W001,40.130611419677734
2026-10-25,M006,W001,37.365081787109375
2026-10-26,M006,W001,33.07051467895508
2026-10-27,M006,W001,44.048519134521484
2026-10-28,M006,W001,42.625022888183594
2026-10-29,M006,W001,41.15221405029297
2026-10-30,M006,W001,39.68333053588867
2026-10-01,M006,W002,36.62232971191406
2026-10-02,M006,W002,35.95896530151367
2026-10-03,M006,W002,37.19571304321289
2026-10-04,M006,W002,33.28455352783203
2026-10-05,M006,W002,29.775875091552734
2026-10-06,M006,W002,38.49284362792969
2026-10-07,M006,W002,37.430419921875
2026-10-08,M006,W002,36.117496490478516
2026-10-09,M006,W002,36.74935531616211
2026-10-10,M006,W002,36.51839065551758
2026-10-11,M006,W002,32.06315612792969
2026-10-12,M006,W002,29.83129119873047
2026-10-13,M006,W002,37.88534927368164
2026-10-14,M006,W002,37.317325592041016
2026-10-15,M006,W002,35.78512191772461
2026-10-16,M006,W002,35.48798370361328
2026-10-17,M006,W002,37.37166213989258
2026-10-18,M006,W002,32.61203384399414
2026-10-19,M006,W002,29.986652374267578
2026-10-20,M006,W002,38.103416442871094
2026-10-21,M006,W002,37.38690948486328
2026-10-22,M006,W002,36.809844970703125
2026-10-23,M006,W002,36.550621032714844
2026-10-24,M006,W002,37.030029296875
2026-10-25,M006,W002,32.66481399536133
2026-10-26,M006,W002,29.860027313232422
2026-10-27,M006,W002,38.00368881225586
2026-10-28,M006,W002,37.59391784667969
2026-10-29,M006,W002,36.9710807800293
2026-10-30,M006,W002,36.6602783203125
2026-10-01,M006,W003,37.38460159301758
2026-10-02,M006,W003,37.02564239501953
2026-10-03,M006,W003,36.69453430175781
2026-10-04,M006,W003,32.65412521362305
2026-10-05,M006,W003,29.282569885253906
2026-10-06,M006,W003,39.34037780761719
2026-10-07,M006,W003,38.347068786621094
2026-10-08,M006,W003,37.37100601196289
2026-10-09,M006,W003,36.948150634765625
2026-10-10,M006,W003,36.63706970214844
2026-10-11,M006,W003,32.552528381347656
2026-10-12,M006,W003,29.417186737060547
2026-10-13,M006,W003,39.0095100402832
2026-10-14,M006,W003,38.346805572509766
2026-10-15,M006,W003,37.16779327392578
2026-10-16,M006,W003,36.966896057128906
2026-10-17,M006,W003,36.68690490722656
2026-10-18,M006,W003,32.84260177612305
2026-10-19,M006,W003,29.643651962280273
2026-10-20,M006,W003,38.844032287597656
2026-10-21,M006,W003,38.08567428588867
2026-10-22,M006,W003,37.031707763671875
2026-10-23,M006,W003,36.690635681152344
2026-10-24,M006,W003,36.615386962890625
2026-10-25,M006,W003,32.754981994628906
2026-10-26,M006,W003,29.537418365478516
2026-10-27,M006,W003,38.480133056640625
2026-10-28,M006,W003,38.005863189697266
2026-10-29,M006,W003,37.23509979248047
2026-10-30,M006,W003,36.97787094116211
2026-10-01,M006,W004,42.37925338745117
2026-10-02,M006,W004,41.369895935058594
2026-10-03,M006,W004,42.23040008544922
2026-10-04,M006,W004,36.18833923339844
2026-10-05,M006,W004,33.291683197021484
2026-10-06,M006,W004,44.739009857177734
2026-10-07,M006,W004,44.29148483276367
2026-10-08,M006,W004,42.60311508178711
2026-10-09,M006,W004,41.87067413330078
2026-10-10,M006,W004,42.03795623779297
2026-10-11,M006,W004,36.36018371582031
2026-10-12,M006,W004,33.36371612548828
2026-10-13,M006,W004,43.8080940246582
2026-10-14,M006,W004,43.83989334106445
2026-10-15,M006,W004,42.52350616455078
2026-10-16,M006,W004,41.22520446777344
2026-10-17,M006,W004,41.88730239868164
2026-10-18,M006,W004,36.63625717163086
2026-10-19,M006,W004,33.696632385253906
2026-10-20,M006,W004,44.253353118896484
2026-10-21,M006,W004,43.87636184692383
2026-10-22,M006,W004,42.44566345214844
2026-10-23,M006,W004,41.35577392578125
2026-10-24,M006,W004,41.437232971191406
2026-10-25,M006,W004,36.59455108642578
2026-10-26,M006,W004,33.33186340332031
2026-10-27,M006,W004,44.113372802734375
2026-10-28,M006,W004,43.467681884765625
2026-10-29,M006,W004,42.4559211730957
2026-10-30,M006,W004,41.42094039916992
2026-10-01,M006,W005,31.676345825195312
2026-10-02,M006,W005,30.951080322265625
2026-10-03,M006,W005,30.310808181762695
2026-10-04,M006,W005,28.30930519104004
2026-10-05,M006,W005,25.887020111083984
2026-10-06,M006,W005,33.82019805908203
2026-10-07,M006,W005,31.53884506225586
2026-10-08,M006,W005,30.911314010620117
2026-10-09,M006,W005,30.62657356262207
2026-10-10,M006,W005,30.304649353027344
2026-10-11,M006,W005,28.105302810668945
2026-10-12,M006,W005,26.025814056396484
2026-10-13,M006,W005,33.10750198364258
2026-10-14,M006,W005,31.699264526367188
2026-10-15,M006,W005,30.806928634643555
2026-10-16,M006,W005,30.62495231628418
2026-10-17,M006,W005,30.774368286132812
2026-10-18,M006,W005,28.170732498168945
2026-10-19,M006,W005,25.918182373046875
2026-10-20,M006,W005,32.96147918701172
2026-10-21,M006,W005,31.687557220458984
2026-10-22,M006,W005,30.884321212768555
2026-10-23,M006,W005,30.309457778930664
2026-10-24,M006,W005,30.51681900024414
2026-10-25,M006,W005,27.9267520904541
2026-10-26,M006,W005,25.362255096435547
2026-10-27,M006,W005,32.34000015258789
2026-10-28,M006,W005,30.99799346923828
2026-10-29,M006,W005,30.63129234313965
2026-10-30,M006,W005,30.478801727294922
2026-10-01,M006,W006,40.28291702270508
2026-10-02,M006,W006,39.59233856201172
2026-10-03,M006,W006,40.63926696777344
2026-10-04,M006,W006,36.69514083862305
2026-10-05,M006,W006,32.02858352661133
2026-10-06,M006,W006,41.87762451171875
2026-10-07,M006,W006,40.91544723510742
2026-10-08,M006,W006,39.36859893798828
2026-10-09,M006,W006,38.67426300048828
2026-10-10,M006,W006,39.14769744873047
2026-10-11,M006,W006,35.46629333496094
2026-10-12,M006,W006,31.687236785888672
2026-10-13,M006,W006,41.65385818481445
2026-10-14,M006,W006,41.194190979003906
2026-10-15,M006,W006,39.5381965637207
2026-10-16,M006,W006,38.91669464111328
2026-10-17,M006,W006,39.61615753173828
2026-10-18,M006,W006,36.1494140625
2026-10-19,M006,W006,32.05308151245117
2026-10-20,M006,W006,40.725547790527344
2026-10-21,M006,W006,40.409976959228516
2026-10-22,M006,W006,39.035362243652344
2026-10-23,M006,W006,38.257511138916016
2026-10-24,M006,W006,39.162078857421875
2026-10-25,M006,W006,36.008766174316406
2026-10-26,M006,W006,32.031517028808594
2026-10-27,M006,W006,41.06556701660156
2026-10-28,M006,W006,40.29819869995117
2026-10-29,M006,W006,39.38806915283203
2026-10-30,M006,W006,38.482364654541016
2026-10-01,M007,W001,58.69168472290039
2026-10-02,M007,W001,59.47178649902344
2026-10-03,M007,W001,57.91261672973633
2026-10-04,M007,W001,52.68381881713867
2026-10-05,M007,W001,47.70582580566406
2026-10-06,M007,W001,62.72434997558594
2026-10-07,M007,W001,60.40451431274414
2026-10-08,M007,W001,59.81295394897461
2026-10-09,M007,W001,58.89106369018555
2026-10-10,M007,W001,57.809505462646484
2026-10-11,M007,W001,53.066566467285156
2026-10-12,M007,W001,47.260337829589844
2026-10-13,M007,W001,63.116146087646484
2026-10-14,M007,W001,60.15673828125
2026-10-15,M007,W001,58.52294158935547
2026-10-16,M007,W001,58.949440002441406
2026-10-17,M007,W001,57.96148681640625
2026-10-18,M007,W001,52.7687873840332
2026-10-19,M007,W001,48.40149688720703
2026-10-20,M007,W001,63.80097579956055
2026-10-21,M007,W001,60.49903869628906
2026-10-22,M007,W001,59.10265350341797
2026-10-23,M007,W001,58.6928596496582
2026-10-24,M007,W001,57.5648193359375
2026-10-25,M007,W001,53.218971252441406
2026-10-26,M007,W001,48.12156677246094
2026-10-27,M007,W001,62.52869415283203
2026-10-28,M007,W001,59.87864685058594
2026-10-29,M007,W001,58.9625244140625
2026-10-30,M007,W001,58.79900360107422
2026-10-01,M007,W002,40.88787841796875
2026-10-02,M007,W002,40.79808807373047
2026-10-03,M007,W002,41.16866683959961
2026-10-04,M007,W002,36.263084411621094
2026-10-05,M007,W002,33.72691345214844
2026-10-06,M007,W002,45.90225601196289
2026-10-07,M007,W002,43.310272216796875
2026-10-08,M007,W002,42.80937957763672
2026-10-09,M007,W002,40.825382232666016
2026-10-10,M007,W002,41.63996124267578
2026-10-11,M007,W002,37.09282684326172
2026-10-12,M007,W002,34.22816467285156
2026-10-13,M007,W002,46.02104949951172
2026-10-14,M007,W002,42.5916748046875
2026-10-15,M007,W002,41.265899658203125
2026-10-16,M007,W002,41.09430694580078
2026-10-17,M007,W002,41.2386360168457
2026-10-18,M007,W002,36.541831970214844
2026-10-19,M007,W002,34.377235412597656
2026-10-20,M007,W002,45.41093444824219
2026-10-21,M007,W002,43.03601837158203
2026-10-22,M007,W002,42.09678649902344
2026-10-23,M007,W002,40.97296905517578
2026-10-24,M007,W002,41.3533935546875
2026-10-25,M007,W002,36.949127197265625
2026-10-26,M007,W002,34.63518524169922
2026-10-27,M007,W002,45.40666198730469
2026-10-28,M007,W002,42.838645935058594
2026-10-29,M007,W002,41.8840217590332
2026-10-30,M007,W002,41.06082534790039
2026-10-01,M007,W003,55.013118743896484
2026-10-02,M007,W003,52.984458923339844
2026-10-03,M007,W003,50.893123626708984
2026-10-04,M007,W003,46.262664794921875
2026-10-05,M007,W003,43.62632751464844
2026-10-06,M007,W003,53.25688934326172
2026-10-07,M007,W003,51.51626968383789
2026-10-08,M007,W003,52.09042739868164
2026-10-09,M007,W003,50.03070831298828
2026-10-10,M007,W003,49.61193084716797
2026-10-11,M007,W003,44.48871994018555
2026-10-12,M007,W003,41.01673126220703
2026-10-13,M007,W003,55.825218200683594
2026-10-14,M007,W003,56.17544937133789
2026-10-15,M007,W003,56.282711029052734
2026-10-16,M007,W003,51.754920959472656
2026-10-17,M007,W003,54.3551139831543
2026-10-18,M007,W003,47.13862609863281
2026-10-19,M007,W003,42.296974182128906
2026-10-20,M007,W003,56.523555755615234
2026-10-21,M007,W003,56.62518310546875
2026-10-22,M007,W003,55.96429443359375
2026-10-23,M007,W003,52.512176513671875
2026-10-24,M007,W003,52.98021697998047
2026-10-25,M007,W003,47.51873016357422
2026-10-26,M007,W003,42.99016571044922
2026-10-27,M007,W003,56.363731384277344
2026-10-28,M007,W003,55.92076873779297
2026-10-29,M007,W003,55.89683151245117
2026-10-30,M007,W003,53.9471549987793
2026-10-01,M007,W004,60.99274826049805
2026-10-02,M007,W004,57.57704162597656
2026-10-03,M007,W004,59.49969482421875
2026-10-04,M007,W004,52.47752380371094
2026-10-05,M007,W004,47.320125579833984
2026-10-06,M007,W004,61.65808868408203
2026-10-07,M007,W004,60.21866226196289
2026-10-08,M007,W004,57.973487854003906
2026-10-09,M007,W004,56.73009490966797
2026-10-10,M007,W004,57.42746353149414
2026-10-11,M007,W004,51.33545684814453
2026-10-12,M007,W004,47.674583435058594
2026-10-13,M007,W004,60.88232421875
2026-10-14,M007,W004,58.31031036376953
2026-10-15,M007,W004,56.65546417236328
2026-10-16,M007,W004,55.902618408203125
2026-10-17,M007,W004,57.550140380859375
2026-10-18,M007,W004,51.538307189941406
2026-10-19,M007,W004,46.557861328125
2026-10-20,M007,W004,59.80881881713867
2026-10-21,M007,W004,59.10911560058594
2026-10-22,M007,W004,56.48702621459961
2026-10-23,M007,W004,55.518760681152344
2026-10-24,M007,W004,57.317989349365234
2026-10-25,M007,W004,51.453704833984375
2026-10-26,M007,W004,47.08230209350586
2026-10-27,M007,W004,60.06256866455078
2026-10-28,M007,W004,59.2504997253418
2026-10-29,M007,W004,57.217567443847656
2026-10-30,M007,W004,55.42285919189453
2026-10-01,M007,W005,41.54664993286133
2026-10-02,M007,W005,41.46687316894531
2026-10-03,M007,W005,41.254112243652344
2026-10-04,M007,W005,35.59221649169922
2026-10-05,M007,W005,33.19443893432617
2026-10-06,M007,W005,43.949161529541016
2026-10-07,M007,W005,42.162322998046875
2026-10-08,M007,W005,42.43791580200195
2026-10-09,M007,W005,41.314308166503906
2026-10-10,M007,W005,41.164241790771484
2026-10-11,M007,W005,36.78239440917969
2026-10-12,M007,W005,33.87221145629883
2026-10-13,M007,W005,43.685306549072266
2026-10-14,M007,W005,41.9675407409668
2026-10-15,M007,W005,41.75065994262695
2026-10-16,M007,W005,41.43537139892578
2026-10-17,M007,W005,41.613929748535156
2026-10-18,M007,W005,36.760257720947266
2026-10-19,M007,W005,33.754364013671875
2026-10-20,M007,W005,44.73488998413086
2026-10-21,M007,W005,42.40311050415039
2026-10-22,M007,W005,41.64952087402344
2026-10-23,M007,W005,41.373966217041016
2026-10-24,M007,W005,40.61383819580078
2026-10-25,M007,W005,36.337379455566406
2026-10-26,M007,W005,33.522972106933594
2026-10-27,M007,W005,43.49787521362305
2026-10-28,M007,W005,42.11952209472656
2026-10-29,M007,W005,41.734439849853516
2026-10-30,M007,W005,41.490440368652344
2026-10-01,M007,W006,40.111412048339844
2026-10-02,M007,W006,39.88175964355469
2026-10-03,M007,W006,39.02113342285156
2026-10-04,M007,W006,36.19664764404297
2026-10-05,M007,W006,33.823551177978516
2026-10-06,M007,W006,44.47486877441406
2026-10-07,M007,W006,43.636138916015625
2026-10-08,M007,W006,42.0354118347168
2026-10-09,M007,W006,41.20054626464844
2026-10-10,M007,W006,40.24043273925781
2026-10-11,M007,W006,36.76507568359375
2026-10-12,M007,W006,33.725372314453125
2026-10-13,M007,W006,43.71358871459961
2026-10-14,M007,W006,42.969459533691406
2026-10-15,M007,W006,41.137115478515625
2026-10-16,M007,W006,40.60179138183594
2026-10-17,M007,W006,41.002437591552734
2026-10-18,M007,W006,37.108642578125
2026-10-19,M007,W006,34.70619201660156
2026-10-20,M007,W006,44.630455017089844
2026-10-21,M007,W006,43.06382369995117
2026-10-22,M007,W006,41.524940490722656
2026-10-23,M007,W006,41.038124084472656
2026-10-24,M007,W006,40.68800354003906
2026-10-25,M007,W006,37.11122131347656
2026-10-26,M007,W006,34.21200942993164
2026-10-27,M007,W006,43.75397872924805
2026-10-28,M007,W006,42.027984619140625
2026-10-29,M007,W006,41.03266143798828
2026-10-30,M007,W006,41.24276351928711
2026-10-01,M008,W001,48.92332458496094
2026-10-02,M008,W001,48.42195129394531
2026-10-03,M008,W001,48.06404495239258
2026-10-04,M008,W001,42.35986328125
2026-10-05,M008,W001,39.282310485839844
2026-10-06,M008,W001,51.57566833496094
2026-10-07,M008,W001,50.065101623535156
2026-10-08,M008,W001,49.06853485107422
2026-10-09,M008,W001,48.70558547973633
2026-10-10,M008,W001,47.98866271972656
2026-10-11,M008,W001,42.821311950683594
2026-10-12,M008,W001,39.51225662231445
2026-10-13,M008,W001,50.794681549072266
2026-10-14,M008,W001,50.21485900878906
2026-10-15,M008,W001,49.442962646484375
2026-10-16,M008,W001,49.236793518066406
2026-10-17,M008,W001,48.34191131591797
2026-10-18,M008,W001,42.913597106933594
2026-10-19,M008,W001,39.478179931640625
2026-10-20,M008,W001,51.22107696533203
2026-10-21,M008,W001,49.85166549682617
2026-10-22,M008,W001,48.90159225463867
2026-10-23,M008,W001,47.89510726928711
2026-10-24,M008,W001,47.797340393066406
2026-10-25,M008,W001,43.083518981933594
2026-10-26,M008,W001,39.81407165527344
2026-10-27,M008,W001,51.304969787597656
2026-10-28,M008,W001,50.52449035644531
2026-10-29,M008,W001,49.69169235229492
2026-10-30,M008,W001,49.12845993041992
2026-10-01,M008,W002,37.72167205810547
2026-10-02,M008,W002,38.51738357543945
2026-10-03,M008,W002,39.0416145324707
2026-10-04,M008,W002,33.08769989013672
2026-10-05,M008,W002,30.792373657226562
2026-10-06,M008,W002,42.370704650878906
2026-10-07,M008,W002,40.071815490722656
2026-10-08,M008,W002,39.248233795166016
2026-10-09,M008,W002,39.37082290649414
2026-10-10,M008,W002,39.24566650390625
2026-10-11,M008,W002,33.49451446533203
2026-10-12,M008,W002,31.119516372680664
2026-10-13,M008,W002,41.966835021972656
2026-10-14,M008,W002,40.46886444091797
2026-10-15,M008,W002,39.779388427734375
2026-10-16,M008,W002,39.62159729003906
2026-10-17,M008,W002,40.007774353027344
2026-10-18,M008,W002,34.20353317260742
2026-10-19,M008,W002,30.943279266357422
2026-10-20,M008,W002,42.10425567626953
2026-10-21,M008,W002,40.56072998046875
2026-10-22,M008,W002,39.76722717285156
2026-10-23,M008,W002,39.23103713989258
2026-10-24,M008,W002,39.403465270996094
2026-10-25,M008,W002,33.98279571533203
2026-10-26,M008,W002,30.993133544921875
2026-10-27,M008,W002,41.75130081176758
2026-10-28,M008,W002,40.787986755371094
2026-10-29,M008,W002,40.10379409790039
2026-10-30,M008,W002,39.87913131713867
2026-10-01,M008,W003,49.15342330932617
2026-10-02,M008,W003,48.04429626464844
2026-10-03,M008,W003,47.874053955078125
2026-10-04,M008,W003,42.466461181640625
2026-10-05,M008,W003,37.91363525390625
2026-10-06,M008,W003,50.37016677856445
2026-10-07,M008,W003,49.14372253417969
2026-10-08,M008,W003,48.763763427734375
2026-10-09,M008,W003,47.741180419921875
2026-10-10,M008,W003,47.36117172241211
2026-10-11,M008,W003,42.53535842895508
2026-10-12,M008,W003,38.65597915649414
2026-10-13,M008,W003,50.8991813659668
2026-10-14,M008,W003,49.847076416015625
2026-10-15,M008,W003,49.3502082824707
2026-10-16,M008,W003,48.047523498535156
2026-10-17,M008,W003,47.59257125854492
2026-10-18,M008,W003,42.24989318847656
2026-10-19,M008,W003,38.49610137939453
2026-10-20,M008,W003,49.75907516479492
2026-10-21,M008,W003,49.68113708496094
2026-10-22,M008,W003,49.01804733276367
2026-10-23,M008,W003,47.6243896484375
2026-10-24,M008,W003,47.51109313964844
2026-10-25,M008,W003,42.602725982666016
2026-10-26,M008,W003,38.737030029296875
2026-10-27,M008,W003,49.556243896484375
2026-10-28,M008,W003,49.45479965209961
2026-10-29,M008,W003,48.87458801269531
2026-10-30,M008,W003,47.71185302734375
2026-10-01,M008,W004,41.90589141845703
2026-10-02,M008,W004,43.860191345214844
2026-10-03,M008,W004,45.08576965332031
2026-10-04,M008,W004,40.34271240234375
2026-10-05,M008,W004,35.34894561767578
2026-10-06,M008,W004,46.78340148925781
2026-10-07,M008,W004,44.42028045654297
2026-10-08,M008,W004,43.90796661376953
2026-10-09,M008,W004,44.327735900878906
2026-10-10,M008,W004,44.71501541137695
2026-10-11,M008,W004,40.01268768310547
2026-10-12,M008,W004,35.31150436401367
2026-10-13,M008,W004,46.73614501953125
2026-10-14,M008,W004,45.327392578125
2026-10-15,M008,W004,44.549190521240234
2026-10-16,M008,W004,45.138023376464844
2026-10-17,M008,W004,45.3472785949707
2026-10-18,M008,W004,41.10907745361328
2026-10-19,M008,W004,36.0972900390625
2026-10-20,M008,W004,46.70082092285156
2026-10-21,M008,W004,45.18559646606445
2026-10-22,M008,W004,44.68700408935547
2026-10-23,M008,W004,44.66082763671875
2026-10-24,M008,W004,44.53657150268555
2026-10-25,M008,W004,40.835079193115234
2026-10-26,M008,W004,36.4222297668457
2026-10-27,M008,W004,47.006649017333984
2026-10-28,M008,W004,45.558006286621094
2026-10-29,M008,W004,45.21925735473633
2026-10-30,M008,W004,45.771514892578125
2026-10-01,M008,W005,40.39588165283203
2026-10-02,M008,W005,39.294891357421875
2026-10-03,M008,W005,39.39253616333008
2026-10-04,M008,W005,35.08351135253906
2026-10-05,M008,W005,31.52130889892578
2026-10-06,M008,W005,41.827606201171875
2026-10-07,M008,W005,41.853431701660156
2026-10-08,M008,W005,40.41762924194336
2026-10-09,M008,W005,39.825279235839844
2026-10-10,M008,W005,39.752044677734375
2026-10-11,M008,W005,35.16966247558594
2026-10-12,M008,W005,31.657833099365234
2026-10-13,M008,W005,42.55059814453125
2026-10-14,M008,W005,42.082489013671875
2026-10-15,M008,W005,41.12607192993164
2026-10-16,M008,W005,39.9742431640625
2026-10-17,M008,W005,39.81840896606445
2026-10-18,M008,W005,35.12615203857422
2026-10-19,M008,W005,31.760976791381836
2026-10-20,M008,W005,42.0479621887207
2026-10-21,M008,W005,40.94843673706055
2026-10-22,M008,W005,39.7526969909668
2026-10-23,M008,W005,39.02479553222656
2026-10-24,M008,W005,38.803287506103516
2026-10-25,M008,W005,34.85967254638672
2026-10-26,M008,W005,32.100921630859375
2026-10-27,M008,W005,42.226688385009766
2026-10-28,M008,W005,41.33388137817383
2026-10-29,M008,W005,40.15608596801758
2026-10-30,M008,W005,39.455196380615234
2026-10-01,M008,W006,39.31852722167969
2026-10-02,M008,W006,37.64202117919922
2026-10-03,M008,W006,37.744102478027344
2026-10-04,M008,W006,32.875736236572266
2026-10-05,M008,W006,29.6760196685791
2026-10-06,M008,W006,40.12178039550781
2026-10-07,M008,W006,38.83597183227539
2026-10-08,M008,W006,37.20951461791992
2026-10-09,M008,W006,36.55945587158203
2026-10-10,M008,W006,37.64382553100586
2026-10-11,M008,W006,33.58495330810547
2026-10-12,M008,W006,29.656349182128906
2026-10-13,M008,W006,39.593143463134766
2026-10-14,M008,W006,38.67570877075195
2026-10-15,M008,W006,37.94710159301758
2026-10-16,M008,W006,37.00633239746094
2026-10-17,M008,W006,37.16908645629883
2026-10-18,M008,W006,32.731719970703125
2026-10-19,M008,W006,29.850366592407227
2026-10-20,M008,W006,39.07244110107422
2026-10-21,M008,W006,38.1763916015625
2026-10-22,M008,W006,37.50141143798828
2026-10-23,M008,W006,36.94598388671875
2026-10-24,M008,W006,37.03227615356445
2026-10-25,M008,W006,32.647369384765625
2026-10-26,M008,W006,29.629962921142578
2026-10-27,M008,W006,39.270469665527344
2026-10-28,M008,W006,38.938743591308594
2026-10-29,M008,W006,37.58708572387695
2026-10-30,M008,W006,37.36579513549805
2026-10-01,M009,W001,81.86060333251953
2026-10-02,M009,W001,80.82270050048828
2026-10-03,M009,W001,80.89463806152344
2026-10-04,M009,W001,73.21847534179688
2026-10-05,M009,W001,65.99998474121094
2026-10-06,M009,W001,82.13520812988281
2026-10-07,M009,W001,81.98651885986328
2026-10-08,M009,W001,81.25804901123047
2026-10-09,M009,W001,81.10387420654297
2026-10-10,M009,W001,81.7900619506836
2026-10-11,M009,W001,74.38510131835938
2026-10-12,M009,W001,67.97064971923828
2026-10-13,M009,W001,84.39456176757812
2026-10-14,M009,W001,82.83401489257812
2026-10-15,M009,W001,80.09638977050781
2026-10-16,M009,W001,79.41195678710938
2026-10-17,M009,W001,79.37173461914062
2026-10-18,M009,W001,70.97892761230469
2026-10-19,M009,W001,64.4229965209961
2026-10-20,M009,W001,81.31250762939453
2026-10-21,M009,W001,81.8587875366211
2026-10-22,M009,W001,79.80467224121094
2026-10-23,M009,W001,78.83450317382812
2026-10-24,M009,W001,79.84866333007812
2026-10-25,M009,W001,72.31158447265625
2026-10-26,M009,W001,65.7059555053711
2026-10-27,M009,W001,82.72869873046875
2026-10-28,M009,W001,82.82778930664062
2026-10-29,M009,W001,80.81119537353516
2026-10-30,M009,W001,79.89189147949219
2026-10-01,M009,W002,59.899192810058594
2026-10-02,M009,W002,59.46526336669922
2026-10-03,M009,W002,59.402896881103516
2026-10-04,M009,W002,54.75505065917969
2026-10-05,M009,W002,49.90022659301758
2026-10-06,M009,W002,62.28737258911133
2026-10-07,M009,W002,59.68857192993164
2026-10-08,M009,W002,59.04136657714844
2026-10-09,M009,W002,58.67123031616211
2026-10-10,M009,W002,59.183372497558594
2026-10-11,M009,W002,54.410282135009766
2026-10-12,M009,W002,50.00139236450195
2026-10-13,M009,W002,61.87683868408203
2026-10-14,M009,W002,59.62837600708008
2026-10-15,M009,W002,58.75315856933594
2026-10-16,M009,W002,58.38615417480469
2026-10-17,M009,W002,59.017059326171875
2026-10-18,M009,W002,54.727630615234375
2026-10-19,M009,W002,50.13041687011719
2026-10-20,M009,W002,61.89092254638672
2026-10-21,M009,W002,60.070892333984375
2026-10-22,M009,W002,58.931488037109375
2026-10-23,M009,W002,58.64440155029297
2026-10-24,M009,W002,58.7835807800293
2026-10-25,M009,W002,54.160972595214844
2026-10-26,M009,W002,49.86650466918945
2026-10-27,M009,W002,61.50071334838867
2026-10-28,M009,W002,59.84562683105469
2026-10-29,M009,W002,58.73280334472656
2026-10-30,M009,W002,58.804359436035156
2026-10-01,M009,W003,72.07644653320312
2026-10-02,M009,W003,71.14059448242188
2026-10-03,M009,W003,71.33074951171875
2026-10-04,M009,W003,64.58113098144531
2026-10-05,M009,W003,58.09224319458008
2026-10-06,M009,W003,74.72846984863281
2026-10-07,M009,W003,73.68063354492188
2026-10-08,M009,W003,72.93328857421875
2026-10-09,M009,W003,72.1679916381836
2026-10-10,M009,W003,70.78800964355469
2026-10-11,M009,W003,63.61225891113281
2026-10-12,M009,W003,56.83904266357422
2026-10-13,M009,W003,72.79337310791016
2026-10-14,M009,W003,71.75485229492188
2026-10-15,M009,W003,71.80696868896484
2026-10-16,M009,W003,70.87361907958984
2026-10-17,M009,W003,71.42124938964844
2026-10-18,M009,W003,64.753662109375
2026-10-19,M009,W003,58.62015914916992
2026-10-20,M009,W003,74.43141174316406
2026-10-21,M009,W003,72.21288299560547
2026-10-22,M009,W003,70.0838851928711
2026-10-23,M009,W003,69.31522369384766
2026-10-24,M009,W003,68.86387634277344
2026-10-25,M009,W003,62.94349670410156
2026-10-26,M009,W003,57.00031280517578
2026-10-27,M009,W003,74.29022979736328
2026-10-28,M009,W003,72.75662994384766
2026-10-29,M009,W003,71.7781982421875
2026-10-30,M009,W003,71.86046600341797
2026-10-01,M009,W004,82.88113403320312
2026-10-02,M009,W004,81.25312042236328
2026-10-03,M009,W004,83.61754608154297
2026-10-04,M009,W004,75.04666137695312
2026-10-05,M009,W004,66.40695190429688
2026-10-06,M009,W004,83.70700073242188
2026-10-07,M009,W004,83.33757781982422
2026-10-08,M009,W004,81.73863983154297
2026-10-09,M009,W004,80.87962341308594
2026-10-10,M009,W004,83.23091888427734
2026-10-11,M009,W004,73.65318298339844
2026-10-12,M009,W004,66.9916763305664
2026-10-13,M009,W004,84.87367248535156
2026-10-14,M009,W004,83.66349029541016
2026-10-15,M009,W004,82.40576171875
2026-10-16,M009,W004,81.42951965332031
2026-10-17,M009,W004,83.54926300048828
2026-10-18,M009,W004,74.26128387451172
2026-10-19,M009,W004,67.46040344238281
2026-10-20,M009,W004,85.29054260253906
2026-10-21,M009,W004,83.39203643798828
2026-10-22,M009,W004,80.735595703125
2026-10-23,M009,W004,80.51510620117188
2026-10-24,M009,W004,82.07881164550781
2026-10-25,M009,W004,73.8359146118164
2026-10-26,M009,W004,67.55486297607422
2026-10-27,M009,W004,85.2437973022461
2026-10-28,M009,W004,83.48230743408203
2026-10-29,M009,W004,80.63166046142578
2026-10-30,M009,W004,80.73906707763672
2026-10-01,M009,W005,62.6719856262207
2026-10-02,M009,W005,61.5462760925293
2026-10-03,M009,W005,61.92451477050781
2026-10-04,M009,W005,56.366371154785156
2026-10-05,M009,W005,50.87965774536133
2026-10-06,M009,W005,66.34246063232422
2026-10-07,M009,W005,64.17152404785156
2026-10-08,M009,W005,63.802772521972656
2026-10-09,M009,W005,62.75275421142578
2026-10-10,M009,W005,62.54124450683594
2026-10-11,M009,W005,55.47724914550781
2026-10-12,M009,W005,50.64703369140625
2026-10-13,M009,W005,65.91326904296875
2026-10-14,M009,W005,64.38822937011719
2026-10-15,M009,W005,64.00951385498047
2026-10-16,M009,W005,62.74012756347656
2026-10-17,M009,W005,62.89944839477539
2026-10-18,M009,W005,57.41753005981445
2026-10-19,M009,W005,51.8878288269043
2026-10-20,M009,W005,66.60474395751953
2026-10-21,M009,W005,64.32498168945312
2026-10-22,M009,W005,63.26561737060547
2026-10-23,M009,W005,62.45209503173828
2026-10-24,M009,W005,62.659934997558594
2026-10-25,M009,W005,56.77214431762695
2026-10-26,M009,W005,52.033714294433594
2026-10-27,M009,W005,67.04571533203125
2026-10-28,M009,W005,65.01701354980469
2026-10-29,M009,W005,64.28672790527344
2026-10-30,M009,W005,63.483001708984375
2026-10-01,M009,W006,68.32218933105469
2026-10-02,M009,W006,68.20741271972656
2026-10-03,M009,W006,70.97242736816406
2026-10-04,M009,W006,63.30329132080078
2026-10-05,M009,W006,57.6844482421875
2026-10-06,M009,W006,72.53170013427734
2026-10-07,M009,W006,70.14388275146484
2026-10-08,M009,W006,66.95496368408203
2026-10-09,M009,W006,65.7225570678711
2026-10-10,M009,W006,68.13948059082031
2026-10-11,M009,W006,60.86176681518555
2026-10-12,M009,W006,57.29125213623047
2026-10-13,M009,W006,70.93425750732422
2026-10-14,M009,W006,70.38284301757812
2026-10-15,M009,W006,67.54550170898438
2026-10-16,M009,W006,67.23963928222656
2026-10-17,M009,W006,69.39916229248047
2026-10-18,M009,W006,60.95060729980469
2026-10-19,M009,W006,56.900779724121094
2026-10-20,M009,W006,71.6400146484375
2026-10-21,M009,W006,70.65135192871094
2026-10-22,M009,W006,67.56379699707031
2026-10-23,M009,W006,66.57467651367188
2026-10-24,M009,W006,68.92922973632812
2026-10-25,M009,W006,61.419410705566406
2026-10-26,M009,W006,57.75847244262695
2026-10-27,M009,W006,73.05738830566406
2026-10-28,M009,W006,71.6934585571289
2026-10-29,M009,W006,68.45208740234375
2026-10-30,M009,W006,67.90209197998047
2026-10-01,M010,W001,92.12098693847656
2026-10-02,M010,W001,89.7758560180664
2026-10-03,M010,W001,90.89279174804688
2026-10-04,M010,W001,81.2904281616211
2026-10-05,M010,W001,74.1392593383789
2026-10-06,M010,W001,95.07481384277344
2026-10-07,M010,W001,91.02735900878906
2026-10-08,M010,W001,91.75205993652344
2026-10-09,M010,W001,88.18246459960938
2026-10-10,M010,W001,88.39120483398438
2026-10-11,M010,W001,80.78246307373047
2026-10-12,M010,W001,74.94242095947266
2026-10-13,M010,W001,95.32457733154297
2026-10-14,M010,W001,92.07373046875
2026-10-15,M010,W001,92.63539123535156
2026-10-16,M010,W001,89.5085678100586
2026-10-17,M010,W001,90.75611114501953
2026-10-18,M010,W001,80.99136352539062
2026-10-19,M010,W001,72.54047393798828
2026-10-20,M010,W001,95.68807983398438
2026-10-21,M010,W001,90.65265655517578
2026-10-22,M010,W001,89.98162078857422
2026-10-23,M010,W001,88.90874481201172
2026-10-24,M010,W001,89.41574096679688
2026-10-25,M010,W001,80.7780990600586
2026-10-26,M010,W001,73.54715728759766
2026-10-27,M010,W001,95.19059753417969
2026-10-28,M010,W001,91.6533203125
2026-10-29,M010,W001,90.625
2026-10-30,M010,W001,89.35771942138672
2026-10-01,M010,W002,84.11617279052734
2026-10-02,M010,W002,80.69573974609375
2026-10-03,M010,W002,82.3832778930664
2026-10-04,M010,W002,74.7226333618164
2026-10-05,M010,W002,67.73793029785156
2026-10-06,M010,W002,85.31504821777344
2026-10-07,M010,W002,84.08003234863281
2026-10-08,M010,W002,83.41739654541016
2026-10-09,M010,W002,79.56977081298828
2026-10-10,M010,W002,80.23091888427734
2026-10-11,M010,W002,73.45066833496094
2026-10-12,M010,W002,67.88461303710938
2026-10-13,M010,W002,85.05279541015625
2026-10-14,M010,W002,83.88288116455078
2026-10-15,M010,W002,83.2357177734375
2026-10-16,M010,W002,78.78994750976562
2026-10-17,M010,W002,81.44709777832031
2026-10-18,M010,W002,73.47679138183594
2026-10-19,M010,W002,67.3964614868164
2026-10-20,M010,W002,85.30308532714844
2026-10-21,M010,W002,83.93482208251953
2026-10-22,M010,W002,82.14816284179688
2026-10-23,M010,W002,78.73657989501953
2026-10-24,M010,W002,80.22419738769531
2026-10-25,M010,W002,73.0137710571289
2026-10-26,M010,W002,67.08738708496094
2026-10-27,M010,W002,84.24724578857422
2026-10-28,M010,W002,83.53239440917969
2026-10-29,M010,W002,81.70770263671875
2026-10-30,M010,W002,78.98351287841797
2026-10-01,M010,W003,80.25960540771484
2026-10-02,M010,W003,79.00502014160156
2026-10-03,M010,W003,78.38230895996094
2026-10-04,M010,W003,71.6549301147461
2026-10-05,M010,W003,64.54783630371094
2026-10-06,M010,W003,81.48558807373047
2026-10-07,M010,W003,80.14505767822266
2026-10-08,M010,W003,79.69981384277344
2026-10-09,M010,W003,79.04450225830078
2026-10-10,M010,W003,78.23966979980469
2026-10-11,M010,W003,71.50799560546875
2026-10-12,M010,W003,65.20459747314453
2026-10-13,M010,W003,82.13932800292969
2026-10-14,M010,W003,80.85697174072266
2026-10-15,M010,W003,80.75013732910156
2026-10-16,M010,W003,79.74363708496094
2026-10-17,M010,W003,78.3211441040039
2026-10-18,M010,W003,71.87428283691406
2026-10-19,M010,W003,64.37694549560547
2026-10-20,M010,W003,82.99568176269531
2026-10-21,M010,W003,81.96219635009766
2026-10-22,M010,W003,80.21549987792969
2026-10-23,M010,W003,79.47506713867188
2026-10-24,M010,W003,78.541015625
2026-10-25,M010,W003,71.33056640625
2026-10-26,M010,W003,64.92510986328125
2026-10-27,M010,W003,83.4248275756836
2026-10-28,M010,W003,82.05711364746094
2026-10-29,M010,W003,80.13935089111328
2026-10-30,M010,W003,79.36093139648438
2026-10-01,M010,W004,100.51303100585938
2026-10-02,M010,W004,99.43427276611328
2026-10-03,M010,W004,99.9129409790039
2026-10-04,M010,W004,88.8612060546875
2026-10-05,M010,W004,82.81209564208984
2026-10-06,M010,W004,103.65154266357422
2026-10-07,M010,W004,101.54603576660156
2026-10-08,M010,W004,99.18838500976562
2026-10-09,M010,W004,98.46533203125
2026-10-10,M010,W004,98.06620025634766
2026-10-11,M010,W004,87.8644027709961
2026-10-12,M010,W004,82.59059143066406
2026-10-13,M010,W004,103.05144500732422
2026-10-14,M010,W004,101.53426361083984
2026-10-15,M010,W004,99.57588195800781
2026-10-16,M010,W004,98.32183837890625
2026-10-17,M010,W004,98.61609649658203
2026-10-18,M010,W004,88.11653137207031
2026-10-19,M010,W004,82.18052673339844
2026-10-20,M010,W004,102.1226806640625
2026-10-21,M010,W004,100.86509704589844
2026-10-22,M010,W004,97.73466491699219
2026-10-23,M010,W004,96.88848876953125
2026-10-24,M010,W004,97.09656524658203
2026-10-25,M010,W004,87.02598571777344
2026-10-26,M010,W004,82.3646240234375
2026-10-27,M010,W004,102.71527862548828
2026-10-28,M010,W004,101.04401397705078
2026-10-29,M010,W004,97.6175537109375
2026-10-30,M010,W004,97.24508666992188
2026-10-01,M010,W005,67.73731994628906
2026-10-02,M010,W005,67.72073364257812
2026-10-03,M010,W005,67.48616027832031
2026-10-04,M010,W005,61.94677734375
2026-10-05,M010,W005,54.477420806884766
2026-10-06,M010,W005,72.15077209472656
2026-10-07,M010,W005,70.40164184570312
2026-10-08,M010,W005,70.08309936523438
2026-10-09,M010,W005,69.05104064941406
2026-10-10,M010,W005,67.96218872070312
2026-10-11,M010,W005,62.16215515136719
2026-10-12,M010,W005,54.64578628540039
2026-10-13,M010,W005,71.62043762207031
2026-10-14,M010,W005,70.63197326660156
2026-10-15,M010,W005,70.46623229980469
2026-10-16,M010,W005,69.04042053222656
2026-10-17,M010,W005,68.1148910522461
2026-10-18,M010,W005,62.396968841552734
2026-10-19,M010,W005,54.898216247558594
2026-10-20,M010,W005,73.0488052368164
2026-10-21,M010,W005,71.39353942871094
2026-10-22,M010,W005,70.44432830810547
2026-10-23,M010,W005,68.90383911132812
2026-10-24,M010,W005,67.7518081665039
2026-10-25,M010,W005,62.46514129638672
2026-10-26,M010,W005,55.820682525634766
2026-10-27,M010,W005,73.08739471435547
2026-10-28,M010,W005,71.30409240722656
2026-10-29,M010,W005,70.7518310546875
2026-10-30,M010,W005,70.18439483642578
2026-10-01,M010,W006,78.9144287109375
2026-10-02,M010,W006,77.88048553466797
2026-10-03,M010,W006,78.49372100830078
2026-10-04,M010,W006,68.59546661376953
2026-10-05,M010,W006,63.45017623901367
2026-10-06,M010,W006,82.9227294921875
2026-10-07,M010,W006,79.41870880126953
2026-10-08,M010,W006,79.07904052734375
2026-10-09,M010,W006,78.57298278808594
2026-10-10,M010,W006,79.10421752929688
2026-10-11,M010,W006,68.4942626953125
2026-10-12,M010,W006,63.00175857543945
2026-10-13,M010,W006,82.63748931884766
2026-10-14,M010,W006,79.54520416259766
2026-10-15,M010,W006,78.91925048828125
2026-10-16,M010,W006,78.52212524414062
2026-10-17,M010,W006,78.96810913085938
2026-10-18,M010,W006,68.80255126953125
2026-10-19,M010,W006,64.00732421875
2026-10-20,M010,W006,82.98377227783203
2026-10-21,M010,W006,78.95234680175781
2026-10-22,M010,W006,78.01394653320312
2026-10-23,M010,W006,78.04331970214844
2026-10-24,M010,W006,78.27995300292969
2026-10-25,M010,W006,68.41844177246094
2026-10-26,M010,W006,63.52330017089844
2026-10-27,M010,W006,81.380126953125
2026-10-28,M010,W006,78.97952270507812
2026-10-29,M010,W006,78.08817291259766
2026-10-30,M010,W006,78.15282440185547
2026-10-01,M011,W001,87.77559661865234
2026-10-02,M011,W001,85.15785217285156
2026-10-03,M011,W001,85.7032470703125
2026-10-04,M011,W001,75.9971694946289
2026-10-05,M011,W001,68.05789947509766
2026-10-06,M011,W001,90.03021240234375
2026-10-07,M011,W001,89.31431579589844
2026-10-08,M011,W001,85.96293640136719
2026-10-09,M011,W001,83.30968475341797
2026-10-10,M011,W001,83.14810180664062
2026-10-11,M011,W001,73.51911163330078
2026-10-12,M011,W001,66.5480728149414
2026-10-13,M011,W001,88.06632232666016
2026-10-14,M011,W001,88.03831481933594
2026-10-15,M011,W001,84.80574035644531
2026-10-16,M011,W001,82.40275573730469
2026-10-17,M011,W001,84.85879516601562
2026-10-18,M011,W001,75.50040435791016
2026-10-19,M011,W001,67.34261322021484
2026-10-20,M011,W001,89.81898498535156
2026-10-21,M011,W001,88.53582763671875
2026-10-22,M011,W001,83.64915466308594
2026-10-23,M011,W001,82.42610168457031
2026-10-24,M011,W001,82.91412353515625
2026-10-25,M011,W001,73.83387756347656
2026-10-26,M011,W001,67.4597396850586
2026-10-27,M011,W001,88.16130065917969
2026-10-28,M011,W001,88.15123748779297
2026-10-29,M011,W001,84.69156646728516
2026-10-30,M011,W001,83.56758117675781
2026-10-01,M011,W002,78.46150207519531
2026-10-02,M011,W002,78.47964477539062
2026-10-03,M011,W002,78.78471374511719
2026-10-04,M011,W002,70.38360595703125
2026-10-05,M011,W002,65.05632019042969
2026-10-06,M011,W002,81.07658386230469
2026-10-07,M011,W002,79.61090850830078
2026-10-08,M011,W002,78.84529113769531
2026-10-09,M011,W002,78.50447082519531
2026-10-10,M011,W002,78.68890380859375
2026-10-11,M011,W002,70.92961883544922
2026-10-12,M011,W002,66.4805908203125
2026-10-13,M011,W002,80.78572082519531
2026-10-14,M011,W002,79.75105285644531
2026-10-15,M011,W002,78.76528930664062
2026-10-16,M011,W002,77.34356689453125
2026-10-17,M011,W002,79.4848403930664
2026-10-18,M011,W002,71.73421478271484
2026-10-19,M011,W002,66.37406158447266
2026-10-20,M011,W002,80.77021789550781
2026-10-21,M011,W002,78.70857238769531
2026-10-22,M011,W002,77.32521057128906
2026-10-23,M011,W002,77.32022094726562
2026-10-24,M011,W002,77.82772827148438
2026-10-25,M011,W002,70.37183380126953
2026-10-26,M011,W002,66.5572738647461
2026-10-27,M011,W002,81.52718353271484
2026-10-28,M011,W002,79.17644500732422
2026-10-29,M011,W002,78.58628845214844
2026-10-30,M011,W002,79.2706298828125
2026-10-01,M011,W003,77.53201293945312
2026-10-02,M011,W003,76.83411407470703
2026-10-03,M011,W003,77.98168182373047
2026-10-04,M011,W003,67.13251495361328
2026-10-05,M011,W003,62.27771759033203
2026-10-06,M011,W003,83.3208999633789
2026-10-07,M011,W003,80.42495727539062
2026-10-08,M011,W003,79.92926025390625
2026-10-09,M011,W003,78.64413452148438
2026-10-10,M011,W003,78.48161315917969
2026-10-11,M011,W003,67.48699188232422
2026-10-12,M011,W003,62.71720504760742
2026-10-13,M011,W003,82.53892517089844
2026-10-14,M011,W003,79.92949676513672
2026-10-15,M011,W003,79.17094421386719
2026-10-16,M011,W003,77.66719818115234
2026-10-17,M011,W003,78.97616577148438
2026-10-18,M011,W003,68.04258728027344
2026-10-19,M011,W003,62.108909606933594
2026-10-20,M011,W003,84.0672607421875
2026-10-21,M011,W003,80.67548370361328
2026-10-22,M011,W003,78.29403686523438
2026-10-23,M011,W003,77.31578826904297
2026-10-24,M011,W003,77.12628936767578
2026-10-25,M011,W003,67.21026611328125
2026-10-26,M011,W003,62.24000930786133
2026-10-27,M011,W003,83.34465026855469
2026-10-28,M011,W003,79.70140075683594
2026-10-29,M011,W003,78.93904876708984
2026-10-30,M011,W003,78.87786102294922
2026-10-01,M011,W004,92.07624816894531
2026-10-02,M011,W004,88.6873779296875
2026-10-03,M011,W004,89.0132827758789
2026-10-04,M011,W004,77.15623474121094
2026-10-05,M011,W004,68.70040893554688
2026-10-06,M011,W004,90.09986877441406
2026-10-07,M011,W004,89.16661071777344
2026-10-08,M011,W004,87.62113189697266
2026-10-09,M011,W004,84.936767578125
2026-10-10,M011,W004,85.7267837524414
2026-10-11,M011,W004,75.7807846069336
2026-10-12,M011,W004,68.86016845703125
2026-10-13,M011,W004,93.10345458984375
2026-10-14,M011,W004,90.78813934326172
2026-10-15,M011,W004,90.76332092285156
2026-10-16,M011,W004,86.71967315673828
2026-10-17,M011,W004,88.61034393310547
2026-10-18,M011,W004,76.24864959716797
2026-10-19,M011,W004,70.45122528076172
2026-10-20,M011,W004,92.25367736816406
2026-10-21,M011,W004,90.69160461425781
2026-10-22,M011,W004,87.6834945678711
2026-10-23,M011,W004,86.96631622314453
2026-10-24,M011,W004,88.72454071044922
2026-10-25,M011,W004,77.93733978271484
2026-10-26,M011,W004,72.79183959960938
2026-10-27,M011,W004,95.43441009521484
2026-10-28,M011,W004,93.52619171142578
2026-10-29,M011,W004,91.28372192382812
2026-10-30,M011,W004,88.766845703125
2026-10-01,M011,W005,66.21824645996094
2026-10-02,M011,W005,67.68667602539062
2026-10-03,M011,W005,66.30984497070312
2026-10-04,M011,W005,60.349143981933594
2026-10-05,M011,W005,56.35862731933594
2026-10-06,M011,W005,71.97773742675781
2026-10-07,M011,W005,70.28877258300781
2026-10-08,M011,W005,67.23536682128906
2026-10-09,M011,W005,67.37291717529297
2026-10-10,M011,W005,66.25003051757812
2026-10-11,M011,W005,60.416419982910156
2026-10-12,M011,W005,56.382957458496094
2026-10-13,M011,W005,70.81515502929688
2026-10-14,M011,W005,69.76950073242188
2026-10-15,M011,W005,67.22149658203125
2026-10-16,M011,W005,67.01365661621094
2026-10-17,M011,W005,66.29705810546875
2026-10-18,M011,W005,60.20882797241211
2026-10-19,M011,W005,55.6142463684082
2026-10-20,M011,W005,70.1855697631836
2026-10-21,M011,W005,69.40222930908203
2026-10-22,M011,W005,66.53668212890625
2026-10-23,M011,W005,67.34791564941406
2026-10-24,M011,W005,65.51495361328125
2026-10-25,M011,W005,60.49753189086914
2026-10-26,M011,W005,56.84539794921875
2026-10-27,M011,W005,71.45440673828125
2026-10-28,M011,W005,70.48348999023438
2026-10-29,M011,W005,68.20651245117188
2026-10-30,M011,W005,68.96693420410156
2026-10-01,M011,W006,86.17398834228516
2026-10-02,M011,W006,83.97525787353516
2026-10-03,M011,W006,82.64778137207031
2026-10-04,M011,W006,72.30549621582031
2026-10-05,M011,W006,65.61551666259766
2026-10-06,M011,W006,87.98880004882812
2026-10-07,M011,W006,86.83537292480469
2026-10-08,M011,W006,85.83683776855469
2026-10-09,M011,W006,85.17996215820312
2026-10-10,M011,W006,85.10076141357422
2026-10-11,M011,W006,75.70542907714844
2026-10-12,M011,W006,67.2890625
2026-10-13,M011,W006,89.02510833740234
2026-10-14,M011,W006,87.25456237792969
2026-10-15,M011,W006,85.30026245117188
2026-10-16,M011,W006,83.20155334472656
2026-10-17,M011,W006,84.00419616699219
2026-10-18,M011,W006,73.77339935302734
2026-10-19,M011,W006,67.15303039550781
2026-10-20,M011,W006,88.98046112060547
2026-10-21,M011,W006,87.43476867675781
2026-10-22,M011,W006,86.6369857788086
2026-10-23,M011,W006,85.58585357666016
2026-10-24,M011,W006,84.58885192871094
2026-10-25,M011,W006,74.2434310913086
2026-10-26,M011,W006,67.65513610839844
2026-10-27,M011,W006,86.99308013916016
2026-10-28,M011,W006,84.84107208251953
2026-10-29,M011,W006,84.37152099609375
2026-10-30,M011,W006,83.7369155883789
2026-10-01,M012,W001,110.74908447265625
2026-10-02,M012,W001,107.36881256103516
2026-10-03,M012,W001,111.91664123535156
2026-10-04,M012,W001,98.71662902832031
2026-10-05,M012,W001,86.2109146118164
2026-10-06,M012,W001,117.66432189941406
2026-10-07,M012,W001,113.46235656738281
2026-10-08,M012,W001,109.11134338378906
2026-10-09,M012,W001,107.42735290527344
2026-10-10,M012,W001,113.12860107421875
2026-10-11,M012,W001,99.5352783203125
2026-10-12,M012,W001,88.15489196777344
2026-10-13,M012,W001,121.82555389404297
2026-10-14,M012,W001,117.498046875
2026-10-15,M012,W001,111.98628997802734
2026-10-16,M012,W001,109.79857635498047
2026-10-17,M012,W001,114.18965911865234
2026-10-18,M012,W001,101.70447540283203
2026-10-19,M012,W001,88.64851379394531
2026-10-20,M012,W001,121.44746398925781
2026-10-21,M012,W001,115.5013198852539
2026-10-22,M012,W001,109.198974609375
2026-10-23,M012,W001,108.29995727539062
2026-10-24,M012,W001,113.2558822631836
2026-10-25,M012,W001,99.60702514648438
2026-10-26,M012,W001,87.5842056274414
2026-10-27,M012,W001,120.09541320800781
2026-10-28,M012,W001,114.86032104492188
2026-10-29,M012,W001,109.2535400390625
2026-10-30,M012,W001,106.55870819091797
2026-10-01,M012,W002,87.16150665283203
2026-10-02,M012,W002,87.06159973144531
2026-10-03,M012,W002,89.99211883544922
2026-10-04,M012,W002,79.22248077392578
2026-10-05,M012,W002,71.59002685546875
2026-10-06,M012,W002,92.14120483398438
2026-10-07,M012,W002,89.8419418334961
2026-10-08,M012,W002,89.1498031616211
2026-10-09,M012,W002,87.49269104003906
2026-10-10,M012,W002,88.23512268066406
2026-10-11,M012,W002,78.64672088623047
2026-10-12,M012,W002,72.55335998535156
2026-10-13,M012,W002,90.19591522216797
2026-10-14,M012,W002,88.17390441894531
2026-10-15,M012,W002,87.2267074584961
2026-10-16,M012,W002,85.61376953125
2026-10-17,M012,W002,85.43938446044922
2026-10-18,M012,W002,75.11202239990234
2026-10-19,M012,W002,71.77948760986328
2026-10-20,M012,W002,89.94661712646484
2026-10-21,M012,W002,85.3255386352539
2026-10-22,M012,W002,84.145751953125
2026-10-23,M012,W002,84.0009994506836
2026-10-24,M012,W002,84.97108459472656
2026-10-25,M012,W002,75.05401611328125
2026-10-26,M012,W002,71.51958465576172
2026-10-27,M012,W002,89.66441345214844
2026-10-28,M012,W002,86.75357055664062
2026-10-29,M012,W002,83.89712524414062
2026-10-30,M012,W002,83.9454345703125
2026-10-01,M012,W003,90.68174743652344
2026-10-02,M012,W003,89.89244079589844
2026-10-03,M012,W003,87.55397033691406
2026-10-04,M012,W003,79.38785552978516
2026-10-05,M012,W003,74.69554901123047
2026-10-06,M012,W003,98.97940063476562
2026-10-07,M012,W003,94.24126434326172
2026-10-08,M012,W003,92.11434936523438
2026-10-09,M012,W003,89.89210510253906
2026-10-10,M012,W003,87.11933898925781
2026-10-11,M012,W003,78.47743225097656
2026-10-12,M012,W003,73.93290710449219
2026-10-13,M012,W003,97.66281127929688
2026-10-14,M012,W003,94.26165771484375
2026-10-15,M012,W003,92.5499267578125
2026-10-16,M012,W003,89.5917739868164
2026-10-17,M012,W003,86.17694854736328
2026-10-18,M012,W003,79.38917541503906
2026-10-19,M012,W003,74.84123229980469
2026-10-20,M012,W003,98.61767578125
2026-10-21,M012,W003,93.70498657226562
2026-10-22,M012,W003,91.82950592041016
2026-10-23,M012,W003,89.55839538574219
2026-10-24,M012,W003,86.0799560546875
2026-10-25,M012,W003,78.19664764404297
2026-10-26,M012,W003,74.61199951171875
2026-10-27,M012,W003,97.68710327148438
2026-10-28,M012,W003,93.40450286865234
2026-10-29,M012,W003,92.35015106201172
2026-10-30,M012,W003,90.75945281982422
2026-10-01,M012,W004,106.71768951416016
2026-10-02,M012,W004,107.6976547241211
2026-10-03,M012,W004,110.75464630126953
2026-10-04,M012,W004,98.01846313476562
2026-10-05,M012,W004,90.788330078125
2026-10-06,M012,W004,117.35663604736328
2026-10-07,M012,W004,117.43524169921875
2026-10-08,M012,W004,111.72146606445312
2026-10-09,M012,W004,110.39825439453125
2026-10-10,M012,W004,112.12258911132812
2026-10-11,M012,W004,98.6195297241211
2026-10-12,M012,W004,91.11078643798828
2026-10-13,M012,W004,115.84851837158203
2026-10-14,M012,W004,114.81558227539062
2026-10-15,M012,W004,109.9872817993164
2026-10-16,M012,W004,108.43247985839844
2026-10-17,M012,W004,110.16064453125
2026-10-18,M012,W004,98.07305908203125
2026-10-19,M012,W004,93.1443099975586
2026-10-20,M012,W004,117.77513885498047
2026-10-21,M012,W004,115.81192016601562
2026-10-22,M012,W004,109.4119644165039
2026-10-23,M012,W004,108.92479705810547
2026-10-24,M012,W004,108.89054107666016
2026-10-25,M012,W004,96.34551239013672
2026-10-26,M012,W004,90.88992309570312
2026-10-27,M012,W004,115.3663330078125
2026-10-28,M012,W004,114.63566589355469
2026-10-29,M012,W004,108.91912841796875
2026-10-30,M012,W004,109.61908721923828
2026-10-01,M012,W005,89.85755920410156
2026-10-02,M012,W005,87.0810546875
2026-10-03,M012,W005,85.17323303222656
2026-10-04,M012,W005,77.19309997558594
2026-10-05,M012,W005,73.54634094238281
2026-10-06,M012,W005,89.27254486083984
2026-10-07,M012,W005,89.57893371582031
2026-10-08,M012,W005,89.6074447631836
2026-10-09,M012,W005,87.53643798828125
2026-10-10,M012,W005,84.63844299316406
2026-10-11,M012,W005,76.36323547363281
2026-10-12,M012,W005,73.76612854003906
2026-10-13,M012,W005,89.79399108886719
2026-10-14,M012,W005,89.52757263183594
2026-10-15,M012,W005,88.58477783203125
2026-10-16,M012,W005,87.10723876953125
2026-10-17,M012,W005,85.1805419921875
2026-10-18,M012,W005,75.92129516601562
2026-10-19,M012,W005,72.02830505371094
2026-10-20,M012,W005,88.96376037597656
2026-10-21,M012,W005,88.859375
2026-10-22,M012,W005,86.95263671875
2026-10-23,M012,W005,84.81344604492188
2026-10-24,M012,W005,83.8954849243164
2026-10-25,M012,W005,75.66598510742188
2026-10-26,M012,W005,71.30946350097656
2026-10-27,M012,W005,88.65348815917969
2026-10-28,M012,W005,88.43904876708984
2026-10-29,M012,W005,87.90219116210938
2026-10-30,M012,W005,86.02833557128906
2026-10-01,M012,W006,89.0257797241211
2026-10-02,M012,W006,87.6856460571289
2026-10-03,M012,W006,86.48794555664062
2026-10-04,M012,W006,79.05610656738281
2026-10-05,M012,W006,70.91595458984375
2026-10-06,M012,W006,87.36734771728516
2026-10-07,M012,W006,87.62352752685547
2026-10-08,M012,W006,87.11160278320312
2026-10-09,M012,W006,86.63002014160156
2026-10-10,M012,W006,86.04815673828125
2026-10-11,M012,W006,78.4319839477539
2026-10-12,M012,W006,71.20588684082031
2026-10-13,M012,W006,87.25503540039062
2026-10-14,M012,W006,87.00386047363281
2026-10-15,M012,W006,85.65460968017578
2026-10-16,M012,W006,84.87059020996094
2026-10-17,M012,W006,84.95533752441406
2026-10-18,M012,W006,77.98563385009766
2026-10-19,M012,W006,71.49443817138672
2026-10-20,M012,W006,88.17094421386719
2026-10-21,M012,W006,87.74824523925781
2026-10-22,M012,W006,85.97430419921875
2026-10-23,M012,W006,85.25930786132812
2026-10-24,M012,W006,85.29789733886719
2026-10-25,M012,W006,78.38997650146484
2026-10-26,M012,W006,71.90973663330078
2026-10-27,M012,W006,88.22706604003906
2026-10-28,M012,W006,87.67298889160156
2026-10-29,M012,W006,85.6744613647461
2026-10-30,M012,W006,85.53839111328125
2026-10-01,M013,W001,89.841552734375
2026-10-02,M013,W001,85.79348754882812
2026-10-03,M013,W001,86.7747573852539
2026-10-04,M013,W001,80.0074691772461
2026-10-05,M013,W001,69.59355926513672
2026-10-06,M013,W001,91.48400115966797
2026-10-07,M013,W001,85.88831329345703
2026-10-08,M013,W001,87.27879333496094
2026-10-09,M013,W001,83.48701477050781
2026-10-10,M013,W001,85.87517547607422
2026-10-11,M013,W001,78.3738784790039
2026-10-12,M013,W001,69.81134796142578
2026-10-13,M013,W001,92.789794921875
2026-10-14,M013,W001,87.27360534667969
2026-10-15,M013,W001,89.24554443359375
2026-10-16,M013,W001,85.54927062988281
2026-10-17,M013,W001,86.3888931274414
2026-10-18,M013,W001,79.25595092773438
2026-10-19,M013,W001,69.27806091308594
2026-10-20,M013,W001,90.02935028076172
2026-10-21,M013,W001,85.12140655517578
2026-10-22,M013,W001,86.79496765136719
2026-10-23,M013,W001,84.83636474609375
2026-10-24,M013,W001,85.22940063476562
2026-10-25,M013,W001,78.63223266601562
2026-10-26,M013,W001,69.78373718261719
2026-10-27,M013,W001,91.62443542480469
2026-10-28,M013,W001,86.30940246582031
2026-10-29,M013,W001,86.66961669921875
2026-10-30,M013,W001,85.24465942382812
2026-10-01,M013,W002,83.53007507324219
2026-10-02,M013,W002,84.80709838867188
2026-10-03,M013,W002,85.30776977539062
2026-10-04,M013,W002,75.49427032470703
2026-10-05,M013,W002,67.34856414794922
2026-10-06,M013,W002,89.09968566894531
2026-10-07,M013,W002,86.05307006835938
2026-10-08,M013,W002,84.88592529296875
2026-10-09,M013,W002,85.28531646728516
2026-10-10,M013,W002,85.51214599609375
2026-10-11,M013,W002,76.54232025146484
2026-10-12,M013,W002,69.08899688720703
2026-10-13,M013,W002,88.7870864868164
2026-10-14,M013,W002,86.05252075195312
2026-10-15,M013,W002,84.83208465576172
2026-10-16,M013,W002,85.19160461425781
2026-10-17,M013,W002,83.76364135742188
2026-10-18,M013,W002,76.1162109375
2026-10-19,M013,W002,70.32212829589844
2026-10-20,M013,W002,89.03335571289062
2026-10-21,M013,W002,85.8013916015625
2026-10-22,M013,W002,84.31233215332031
2026-10-23,M013,W002,86.09428405761719
2026-10-24,M013,W002,83.3531723022461
2026-10-25,M013,W002,74.40496063232422
2026-10-26,M013,W002,69.6126708984375
2026-10-27,M013,W002,89.89098358154297
2026-10-28,M013,W002,85.72319030761719
2026-10-29,M013,W002,83.6837387084961
2026-10-30,M013,W002,86.00093841552734
2026-10-01,M013,W003,82.77542877197266
2026-10-02,M013,W003,86.00358581542969
2026-10-03,M013,W003,88.67158508300781
2026-10-04,M013,W003,81.18231201171875
2026-10-05,M013,W003,79.78923034667969
2026-10-06,M013,W003,93.52426147460938
2026-10-07,M013,W003,90.79006958007812
2026-10-08,M013,W003,89.02410888671875
2026-10-09,M013,W003,87.9212417602539
2026-10-10,M013,W003,86.71776580810547
2026-10-11,M013,W003,77.97404479980469
2026-10-12,M013,W003,75.85191345214844
2026-10-13,M013,W003,90.36226654052734
2026-10-14,M013,W003,89.92410278320312
2026-10-15,M013,W003,88.8496322631836
2026-10-16,M013,W003,87.77271270751953
2026-10-17,M013,W003,86.27257537841797
2026-10-18,M013,W003,78.1478271484375
2026-10-19,M013,W003,73.96753692626953
2026-10-20,M013,W003,92.88206481933594
2026-10-21,M013,W003,89.1028060913086
2026-10-22,M013,W003,86.80199432373047
2026-10-23,M013,W003,87.30057525634766
2026-10-24,M013,W003,88.13298034667969
2026-10-25,M013,W003,78.89126586914062
2026-10-26,M013,W003,76.31488037109375
2026-10-27,M013,W003,91.92637634277344
2026-10-28,M013,W003,90.30301666259766
2026-10-29,M013,W003,88.26639556884766
2026-10-30,M013,W003,89.86393737792969
2026-10-01,M013,W004,98.6095962524414
2026-10-02,M013,W004,95.2429428100586
2026-10-03,M013,W004,95.70223999023438
2026-10-04,M013,W004,85.838134765625
2026-10-05,M013,W004,79.72547912597656
2026-10-06,M013,W004,103.77893829345703
2026-10-07,M013,W004,101.00848388671875
2026-10-08,M013,W004,98.72634887695312
2026-10-09,M013,W004,95.4693374633789
2026-10-10,M013,W004,96.11251068115234
2026-10-11,M013,W004,87.16609191894531
2026-10-12,M013,W004,79.4299087524414
2026-10-13,M013,W004,103.73480224609375
2026-10-14,M013,W004,101.59806823730469
2026-10-15,M013,W004,98.39523315429688
2026-10-16,M013,W004,95.15594482421875
2026-10-17,M013,W004,96.83464050292969
2026-10-18,M013,W004,88.47064208984375
2026-10-19,M013,W004,80.38186645507812
2026-10-20,M013,W004,106.01400756835938
2026-10-21,M013,W004,102.8834228515625
2026-10-22,M013,W004,99.31265258789062
2026-10-23,M013,W004,96.65846252441406
2026-10-24,M013,W004,96.54119873046875
2026-10-25,M013,W004,87.47681427001953
2026-10-26,M013,W004,80.15481567382812
2026-10-27,M013,W004,104.72567749023438
2026-10-28,M013,W004,101.50672912597656
2026-10-29,M013,W004,97.90147399902344
2026-10-30,M013,W004,95.85354614257812
2026-10-01,M013,W005,58.723472595214844
2026-10-02,M013,W005,60.92174530029297
2026-10-03,M013,W005,59.67253875732422
2026-10-04,M013,W005,54.91018295288086
2026-10-05,M013,W005,49.728675842285156
2026-10-06,M013,W005,64.62141418457031
2026-10-07,M013,W005,62.818359375
2026-10-08,M013,W005,63.43232727050781
2026-10-09,M013,W005,64.09587097167969
2026-10-10,M013,W005,62.6444206237793
2026-10-11,M013,W005,56.9376220703125
2026-10-12,M013,W005,51.4034423828125
2026-10-13,M013,W005,64.588623046875
2026-10-14,M013,W005,62.854270935058594
2026-10-15,M013,W005,62.434085845947266
2026-10-16,M013,W005,62.036888122558594
2026-10-17,M013,W005,59.95539093017578
2026-10-18,M013,W005,55.10664749145508
2026-10-19,M013,W005,49.436004638671875
2026-10-20,M013,W005,63.025394439697266
2026-10-21,M013,W005,60.44898223876953
2026-10-22,M013,W005,60.55331039428711
2026-10-23,M013,W005,60.794002532958984
2026-10-24,M013,W005,59.60161209106445
2026-10-25,M013,W005,54.96944808959961
2026-10-26,M013,W005,50.139888763427734
2026-10-27,M013,W005,63.49135971069336
2026-10-28,M013,W005,61.55009078979492
2026-10-29,M013,W005,61.87275695800781
2026-10-30,M013,W005,62.83951187133789
2026-10-01,M013,W006,90.096435546875
2026-10-02,M013,W006,87.24299621582031
2026-10-03,M013,W006,86.47872161865234
2026-10-04,M013,W006,77.79766845703125
2026-10-05,M013,W006,71.72467041015625
2026-10-06,M013,W006,90.85643005371094
2026-10-07,M013,W006,88.30278778076172
2026-10-08,M013,W006,87.39617156982422
2026-10-09,M013,W006,84.57462310791016
2026-10-10,M013,W006,85.2237548828125
2026-10-11,M013,W006,77.65238189697266
2026-10-12,M013,W006,74.73878479003906
2026-10-13,M013,W006,93.98991394042969
2026-10-14,M013,W006,91.1286392211914
2026-10-15,M013,W006,89.71311950683594
2026-10-16,M013,W006,87.9149398803711
2026-10-17,M013,W006,88.65863037109375
2026-10-18,M013,W006,77.95416259765625
2026-10-19,M013,W006,73.69212341308594
2026-10-20,M013,W006,91.48174285888672
2026-10-21,M013,W006,88.43343353271484
2026-10-22,M013,W006,86.72441101074219
2026-10-23,M013,W006,85.88388061523438
2026-10-24,M013,W006,87.50967407226562
2026-10-25,M013,W006,77.77116394042969
2026-10-26,M013,W006,73.73963928222656
2026-10-27,M013,W006,92.06069946289062
2026-10-28,M013,W006,90.31039428710938
2026-10-29,M013,W006,87.17537689208984
2026-10-30,M013,W006,85.43160247802734
2026-10-01,M014,W001,41.975467681884766
2026-10-02,M014,W001,40.5716438293457
2026-10-03,M014,W001,40.36526870727539
2026-10-04,M014,W001,36.34991455078125
2026-10-05,M014,W001,32.67221450805664
2026-10-06,M014,W001,43.756683349609375
2026-10-07,M014,W001,41.600215911865234
2026-10-08,M014,W001,41.45377731323242
2026-10-09,M014,W001,40.755062103271484
2026-10-10,M014,W001,40.42890930175781
2026-10-11,M014,W001,36.59679412841797
2026-10-12,M014,W001,32.831146240234375
2026-10-13,M014,W001,43.90283203125
2026-10-14,M014,W001,41.88625717163086
2026-10-15,M014,W001,41.860877990722656
2026-10-16,M014,W001,40.689781188964844
2026-10-17,M014,W001,40.75876998901367
2026-10-18,M014,W001,36.808753967285156
2026-10-19,M014,W001,32.94839859008789
2026-10-20,M014,W001,43.81597900390625
2026-10-21,M014,W001,41.82937240600586
2026-10-22,M014,W001,41.32487106323242
2026-10-23,M014,W001,40.63391876220703
2026-10-24,M014,W001,40.31772994995117
2026-10-25,M014,W001,36.71004867553711
2026-10-26,M014,W001,32.81322479248047
2026-10-27,M014,W001,43.505088806152344
2026-10-28,M014,W001,41.64591979980469
2026-10-29,M014,W001,41.58573532104492
2026-10-30,M014,W001,40.5267219543457
2026-10-01,M014,W002,43.63804626464844
2026-10-02,M014,W002,41.68941879272461
2026-10-03,M014,W002,41.5373420715332
2026-10-04,M014,W002,37.08729553222656
2026-10-05,M014,W002,34.74582290649414
2026-10-06,M014,W002,46.32223129272461
2026-10-07,M014,W002,44.84793472290039
2026-10-08,M014,W002,43.45018005371094
2026-10-09,M014,W002,41.73919677734375
2026-10-10,M014,W002,40.96200180053711
2026-10-11,M014,W002,36.38408660888672
2026-10-12,M014,W002,34.48063278198242
2026-10-13,M014,W002,46.46025848388672
2026-10-14,M014,W002,44.8571662902832
2026-10-15,M014,W002,43.28268814086914
2026-10-16,M014,W002,40.611572265625
2026-10-17,M014,W002,40.680503845214844
2026-10-18,M014,W002,36.63513946533203
2026-10-19,M014,W002,34.101600646972656
2026-10-20,M014,W002,45.805789947509766
2026-10-21,M014,W002,44.78026580810547
2026-10-22,M014,W002,43.05147933959961
2026-10-23,M014,W002,41.093658447265625
2026-10-24,M014,W002,40.923057556152344
2026-10-25,M014,W002,36.8009033203125
2026-10-26,M014,W002,34.43423843383789
2026-10-27,M014,W002,45.818382263183594
2026-10-28,M014,W002,44.5505485534668
2026-10-29,M014,W002,43.013572692871094
2026-10-30,M014,W002,40.86713409423828
2026-10-01,M014,W003,45.261348724365234
2026-10-02,M014,W003,43.61933517456055
2026-10-03,M014,W003,43.307376861572266
2026-10-04,M014,W003,38.81986999511719
2026-10-05,M014,W003,34.49042510986328
2026-10-06,M014,W003,45.46315383911133
2026-10-07,M014,W003,44.64727783203125
2026-10-08,M014,W003,44.360355377197266
2026-10-09,M014,W003,43.10896301269531
2026-10-10,M014,W003,42.89756393432617
2026-10-11,M014,W003,38.56843948364258
2026-10-12,M014,W003,34.294063568115234
2026-10-13,M014,W003,45.54991149902344
2026-10-14,M014,W003,44.27682876586914
2026-10-15,M014,W003,43.90926742553711
2026-10-16,M014,W003,42.78242874145508
2026-10-17,M014,W003,43.085670471191406
2026-10-18,M014,W003,38.409725189208984
2026-10-19,M014,W003,34.52220153808594
2026-10-20,M014,W003,45.41267395019531
2026-10-21,M014,W003,44.51234436035156
2026-10-22,M014,W003,43.56889343261719
2026-10-23,M014,W003,42.64067459106445
2026-10-24,M014,W003,42.83314895629883
2026-10-25,M014,W003,38.11195755004883
2026-10-26,M014,W003,34.245086669921875
2026-10-27,M014,W003,45.225120544433594
2026-10-28,M014,W003,44.50114822387695
2026-10-29,M014,W003,43.778358459472656
2026-10-30,M014,W003,42.90555953979492
2026-10-01,M014,W004,51.1051025390625
2026-10-02,M014,W004,50.51008605957031
2026-10-03,M014,W004,49.59965896606445
2026-10-04,M014,W004,45.715797424316406
2026-10-05,M014,W004,42.14345169067383
2026-10-06,M014,W004,55.25335693359375
2026-10-07,M014,W004,53.400352478027344
2026-10-08,M014,W004,51.87089157104492
2026-10-09,M014,W004,51.1762809753418
2026-10-10,M014,W004,52.11330795288086
2026-10-11,M014,W004,47.98231506347656
2026-10-12,M014,W004,42.707252502441406
2026-10-13,M014,W004,55.367958068847656
2026-10-14,M014,W004,53.47581481933594
2026-10-15,M014,W004,51.51842498779297
2026-10-16,M014,W004,50.093055725097656
2026-10-17,M014,W004,50.65748977661133
2026-10-18,M014,W004,46.844322204589844
2026-10-19,M014,W004,41.871803283691406
2026-10-20,M014,W004,55.42069625854492
2026-10-21,M014,W004,53.636409759521484
2026-10-22,M014,W004,51.45520782470703
2026-10-23,M014,W004,50.58561325073242
2026-10-24,M014,W004,50.94108581542969
2026-10-25,M014,W004,46.64690017700195
2026-10-26,M014,W004,42.72216796875
2026-10-27,M014,W004,55.134376525878906
2026-10-28,M014,W004,53.5740966796875
2026-10-29,M014,W004,51.60121154785156
2026-10-30,M014,W004,50.453277587890625
2026-10-01,M014,W005,36.53602600097656
2026-10-02,M014,W005,35.76164627075195
2026-10-03,M014,W005,36.70908737182617
2026-10-04,M014,W005,32.18524169921875
2026-10-05,M014,W005,29.351533889770508
2026-10-06,M014,W005,38.818138122558594
2026-10-07,M014,W005,37.64015197753906
2026-10-08,M014,W005,35.98476028442383
2026-10-09,M014,W005,35.86834716796875
2026-10-10,M014,W005,36.86895751953125
2026-10-11,M014,W005,32.33863830566406
2026-10-12,M014,W005,29.027935028076172
2026-10-13,M014,W005,38.562103271484375
2026-10-14,M014,W005,37.72218322753906
2026-10-15,M014,W005,36.39415740966797
2026-10-16,M014,W005,35.818782806396484
2026-10-17,M014,W005,37.025970458984375
2026-10-18,M014,W005,32.121673583984375
2026-10-19,M014,W005,28.83657455444336
2026-10-20,M014,W005,38.35455322265625
2026-10-21,M014,W005,37.63980484008789
2026-10-22,M014,W005,35.998634338378906
2026-10-23,M014,W005,35.83395004272461
2026-10-24,M014,W005,37.18461990356445
2026-10-25,M014,W005,32.1983528137207
2026-10-26,M014,W005,28.97644805908203
2026-10-27,M014,W005,38.52199935913086
2026-10-28,M014,W005,37.58747100830078
2026-10-29,M014,W005,36.31534194946289
2026-10-30,M014,W005,35.81251907348633
2026-10-01,M014,W006,44.34275436401367
2026-10-02,M014,W006,44.801151275634766
2026-10-03,M014,W006,45.56923294067383
2026-10-04,M014,W006,40.4981803894043
2026-10-05,M014,W006,36.70110321044922
2026-10-06,M014,W006,48.03827667236328
2026-10-07,M014,W006,47.81423568725586
2026-10-08,M014,W006,45.688209533691406
2026-10-09,M014,W006,44.38054275512695
2026-10-10,M014,W006,43.97639846801758
2026-10-11,M014,W006,39.17802047729492
2026-10-12,M014,W006,35.70708084106445
2026-10-13,M014,W006,47.29661178588867
2026-10-14,M014,W006,45.860816955566406
2026-10-15,M014,W006,44.28305435180664
2026-10-16,M014,W006,44.20216751098633
2026-10-17,M014,W006,44.838443756103516
2026-10-18,M014,W006,38.929500579833984
2026-10-19,M014,W006,35.20443344116211
2026-10-20,M014,W006,47.296043395996094
2026-10-21,M014,W006,46.13923645019531
2026-10-22,M014,W006,43.66426086425781
2026-10-23,M014,W006,43.36639404296875
2026-10-24,M014,W006,43.823631286621094
2026-10-25,M014,W006,38.524681091308594
2026-10-26,M014,W006,35.24000549316406
2026-10-27,M014,W006,46.891510009765625
2026-10-28,M014,W006,45.757591247558594
2026-10-29,M014,W006,43.85972595214844
2026-10-30,M014,W006,43.688350677490234
2026-10-01,M015,W001,37.400856018066406
2026-10-02,M015,W001,36.12797164916992
2026-10-03,M015,W001,35.81979751586914
2026-10-04,M015,W001,31.274106979370117
2026-10-05,M015,W001,28.862844467163086
2026-10-06,M015,W001,38.361270904541016
2026-10-07,M015,W001,36.75084686279297
2026-10-08,M015,W001,36.466331481933594
2026-10-09,M015,W001,35.76963424682617
2026-10-10,M015,W001,35.882301330566406
2026-10-11,M015,W001,31.012792587280273
2026-10-12,M015,W001,28.919116973876953
2026-10-13,M015,W001,38.523983001708984
2026-10-14,M015,W001,36.951053619384766
2026-10-15,M015,W001,36.71598434448242
2026-10-16,M015,W001,35.569156646728516
2026-10-17,M015,W001,35.44794464111328
2026-10-18,M015,W001,31.255779266357422
2026-10-19,M015,W001,28.61856460571289
2026-10-20,M015,W001,38.02249526977539
2026-10-21,M015,W001,37.02769088745117
2026-10-22,M015,W001,36.722591400146484
2026-10-23,M015,W001,35.769161224365234
2026-10-24,M015,W001,35.694480895996094
2026-10-25,M015,W001,31.117122650146484
2026-10-26,M015,W001,28.852294921875
2026-10-27,M015,W001,38.35704040527344
2026-10-28,M015,W001,37.266395568847656
2026-10-29,M015,W001,36.68647766113281
2026-10-30,M015,W001,35.58468246459961
2026-10-01,M015,W002,30.315139770507812
2026-10-02,M015,W002,29.478734970092773
2026-10-03,M015,W002,29.302932739257812
2026-10-04,M015,W002,26.10222053527832
2026-10-05,M015,W002,23.45660400390625
2026-10-06,M015,W002,31.307710647583008
2026-10-07,M015,W002,30.524682998657227
2026-10-08,M015,W002,29.345521926879883
2026-10-09,M015,W002,28.6768798828125
2026-10-10,M015,W002,28.762662887573242
2026-10-11,M015,W002,25.943431854248047
2026-10-12,M015,W002,23.28937339782715
2026-10-13,M015,W002,31.179288864135742
2026-10-14,M015,W002,30.366182327270508
2026-10-15,M015,W002,29.632854461669922
2026-10-16,M015,W002,28.655073165893555
2026-10-17,M015,W002,29.025583267211914
2026-10-18,M015,W002,25.776151657104492
2026-10-19,M015,W002,23.297924041748047
2026-10-20,M015,W002,31.37065887451172
2026-10-21,M015,W002,30.49271011352539
2026-10-22,M015,W002,29.424253463745117
2026-10-23,M015,W002,28.986196517944336
2026-10-24,M015,W002,29.121009826660156
2026-10-25,M015,W002,25.858495712280273
2026-10-26,M015,W002,23.297893524169922
2026-10-27,M015,W002,31.353309631347656
2026-10-28,M015,W002,30.51953125
2026-10-29,M015,W002,29.537385940551758
2026-10-30,M015,W002,28.673004150390625
2026-10-01,M015,W003,28.41901397705078
2026-10-02,M015,W003,27.936418533325195
2026-10-03,M015,W003,28.12177276611328
2026-10-04,M015,W003,24.979631423950195
2026-10-05,M015,W003,22.630615234375
2026-10-06,M015,W003,29.742300033569336
2026-10-07,M015,W003,29.247589111328125
2026-10-08,M015,W003,28.694671630859375
2026-10-09,M015,W003,28.208742141723633
2026-10-10,M015,W003,28.456594467163086
2026-10-11,M015,W003,25.201635360717773
2026-10-12,M015,W003,22.994606018066406
2026-10-13,M015,W003,30.111909866333008
2026-10-14,M015,W003,29.499919891357422
2026-10-15,M015,W003,28.758522033691406
2026-10-16,M015,W003,28.33897590637207
2026-10-17,M015,W003,28.616212844848633
2026-10-18,M015,W003,25.322410583496094
2026-10-19,M015,W003,22.779518127441406
2026-10-20,M015,W003,29.947826385498047
2026-10-21,M015,W003,29.27935028076172
2026-10-22,M015,W003,28.538734436035156
2026-10-23,M015,W003,28.05194664001465
2026-10-24,M015,W003,28.45866584777832
2026-10-25,M015,W003,25.201921463012695
2026-10-26,M015,W003,22.7266845703125
2026-10-27,M015,W003,29.709218978881836
2026-10-28,M015,W003,29.376789093017578
2026-10-29,M015,W003,28.62754249572754
2026-10-30,M015,W003,27.69399070739746
2026-10-01,M015,W004,33.65934371948242
2026-10-02,M015,W004,33.66790771484375
2026-10-03,M015,W004,33.78523635864258
2026-10-04,M015,W004,30.734670639038086
2026-10-05,M015,W004,27.895713806152344
2026-10-06,M015,W004,36.045372009277344
2026-10-07,M015,W004,34.366371154785156
2026-10-08,M015,W004,33.66813659667969
2026-10-09,M015,W004,33.852500915527344
2026-10-10,M015,W004,34.036720275878906
2026-10-11,M015,W004,30.54952621459961
2026-10-12,M015,W004,27.949064254760742
2026-10-13,M015,W004,36.10567092895508
2026-10-14,M015,W004,34.62101745605469
2026-10-15,M015,W004,33.853782653808594
2026-10-16,M015,W004,33.68436050415039
2026-10-17,M015,W004,34.039058685302734
2026-10-18,M015,W004,30.56235694885254
2026-10-19,M015,W004,27.887102127075195
2026-10-20,M015,W004,36.214874267578125
2026-10-21,M015,W004,34.3988037109375
2026-10-22,M015,W004,33.64799118041992
2026-10-23,M015,W004,33.91139221191406
2026-10-24,M015,W004,33.83073806762695
2026-10-25,M015,W004,30.184898376464844
2026-10-26,M015,W004,27.995553970336914
2026-10-27,M015,W004,35.8996467590332
2026-10-28,M015,W004,34.71257781982422
2026-10-29,M015,W004,34.03652572631836
2026-10-30,M015,W004,33.72392654418945
2026-10-01,M015,W005,25.02121925354004
2026-10-02,M015,W005,24.488744735717773
2026-10-03,M015,W005,24.82588768005371
2026-10-04,M015,W005,22.06442642211914
2026-10-05,M015,W005,19.669057846069336
2026-10-06,M015,W005,25.751319885253906
2026-10-07,M015,W005,25.57609748840332
2026-10-08,M015,W005,25.10158920288086
2026-10-09,M015,W005,24.76758575439453
2026-10-10,M015,W005,24.83914566040039
2026-10-11,M015,W005,21.994426727294922
2026-10-12,M015,W005,19.642419815063477
2026-10-13,M015,W005,25.731708526611328
2026-10-14,M015,W005,25.547176361083984
2026-10-15,M015,W005,25.00918960571289
2026-10-16,M015,W005,24.52215576171875
2026-10-17,M015,W005,24.79254150390625
2026-10-18,M015,W005,22.203317642211914
2026-10-19,M015,W005,19.80244255065918
2026-10-20,M015,W005,25.853696823120117
2026-10-21,M015,W005,25.67425537109375
2026-10-22,M015,W005,25.116090774536133
2026-10-23,M015,W005,24.88865089416504
2026-10-24,M015,W005,25.014324188232422
2026-10-25,M015,W005,22.050378799438477
2026-10-26,M015,W005,19.64368438720703
2026-10-27,M015,W005,25.902990341186523
2026-10-28,M015,W005,25.792787551879883
2026-10-29,M015,W005,25.21240234375
2026-10-30,M015,W005,24.7315616607666
2026-10-01,M015,W006,29.824216842651367
2026-10-02,M015,W006,28.156911849975586
2026-10-03,M015,W006,27.26176643371582
2026-10-04,M015,W006,24.14649200439453
2026-10-05,M015,W006,21.843948364257812
2026-10-06,M015,W006,28.75442123413086
2026-10-07,M015,W006,28.3768367767334
2026-10-08,M015,W006,27.494367599487305
2026-10-09,M015,W006,26.732746124267578
2026-10-10,M015,W006,26.534330368041992
2026-10-11,M015,W006,23.790916442871094
2026-10-12,M015,W006,21.683000564575195
2026-10-13,M015,W006,28.569618225097656
2026-10-14,M015,W006,27.95986557006836
2026-10-15,M015,W006,27.209274291992188
2026-10-16,M015,W006,26.727458953857422
2026-10-17,M015,W006,26.58722686767578
2026-10-18,M015,W006,23.512178421020508
2026-10-19,M015,W006,21.7061710357666
2026-10-20,M015,W006,28.30350685119629
2026-10-21,M015,W006,28.33673858642578
2026-10-22,M015,W006,27.260164260864258
2026-10-23,M015,W006,26.63936996459961
2026-10-24,M015,W006,26.38507843017578
2026-10-25,M015,W006,23.475473403930664
2026-10-26,M015,W006,21.604793548583984
2026-10-27,M015,W006,28.47020149230957
2026-10-28,M015,W006,27.964702606201172
2026-10-29,M015,W006,27.18259620666504
2026-10-30,M015,W006,26.55565071105957
2026-10-01,M016,W001,60.59208679199219
2026-10-02,M016,W001,59.273868560791016
2026-10-03,M016,W001,59.562313079833984
2026-10-04,M016,W001,53.4450569152832
2026-10-05,M016,W001,48.75169372558594
2026-10-06,M016,W001,64.33067321777344
2026-10-07,M016,W001,62.74041748046875
2026-10-08,M016,W001,61.64753341674805
2026-10-09,M016,W001,60.39902114868164
2026-10-10,M016,W001,60.79977798461914
2026-10-11,M016,W001,53.469642639160156
2026-10-12,M016,W001,48.2593994140625
2026-10-13,M016,W001,65.69007110595703
2026-10-14,M016,W001,61.613555908203125
2026-10-15,M016,W001,59.66051483154297
2026-10-16,M016,W001,57.4893684387207
2026-10-17,M016,W001,58.076255798339844
2026-10-18,M016,W001,51.17534255981445
2026-10-19,M016,W001,46.72328186035156
2026-10-20,M016,W001,62.53416061401367
2026-10-21,M016,W001,60.63812255859375
2026-10-22,M016,W001,58.56061935424805
2026-10-23,M016,W001,57.609161376953125
2026-10-24,M016,W001,58.551231384277344
2026-10-25,M016,W001,51.370628356933594
2026-10-26,M016,W001,47.095787048339844
2026-10-27,M016,W001,62.043190002441406
2026-10-28,M016,W001,59.70725631713867
2026-10-29,M016,W001,58.425392150878906
2026-10-30,M016,W001,56.36176681518555
2026-10-01,M016,W002,51.49245834350586
2026-10-02,M016,W002,50.90708923339844
2026-10-03,M016,W002,49.97264099121094
2026-10-04,M016,W002,45.771461486816406
2026-10-05,M016,W002,41.783790588378906
2026-10-06,M016,W002,54.183719635009766
2026-10-07,M016,W002,52.2703971862793
2026-10-08,M016,W002,51.73893737792969
2026-10-09,M016,W002,51.4139404296875
2026-10-10,M016,W002,50.38312911987305
2026-10-11,M016,W002,46.31088638305664
2026-10-12,M016,W002,42.09635543823242
2026-10-13,M016,W002,54.11821746826172
2026-10-14,M016,W002,52.08311462402344
2026-10-15,M016,W002,51.520111083984375
2026-10-16,M016,W002,50.3980712890625
2026-10-17,M016,W002,49.8406982421875
2026-10-18,M016,W002,45.87745666503906
2026-10-19,M016,W002,42.01151657104492
2026-10-20,M016,W002,54.43699645996094
2026-10-21,M016,W002,52.12091827392578
2026-10-22,M016,W002,51.50189971923828
2026-10-23,M016,W002,50.90939712524414
2026-10-24,M016,W002,49.98698425292969
2026-10-25,M016,W002,45.75568389892578
2026-10-26,M016,W002,41.658103942871094
2026-10-27,M016,W002,53.727752685546875
2026-10-28,M016,W002,51.6757926940918
2026-10-29,M016,W002,51.29086685180664
2026-10-30,M016,W002,50.40615463256836
2026-10-01,M016,W003,51.62165069580078
2026-10-02,M016,W003,50.91755676269531
2026-10-03,M016,W003,51.1649055480957
2026-10-04,M016,W003,45.44584655761719
2026-10-05,M016,W003,41.83988952636719
2026-10-06,M016,W003,54.5007438659668
2026-10-07,M016,W003,53.44035720825195
2026-10-08,M016,W003,51.44447326660156
2026-10-09,M016,W003,50.843685150146484
2026-10-10,M016,W003,51.349037170410156
2026-10-11,M016,W003,45.45799255371094
2026-10-12,M016,W003,42.14189147949219
2026-10-13,M016,W003,54.59960174560547
2026-10-14,M016,W003,53.93152618408203
2026-10-15,M016,W003,51.8979606628418
2026-10-16,M016,W003,51.00947189331055
2026-10-17,M016,W003,52.21561813354492
2026-10-18,M016,W003,46.38998794555664
2026-10-19,M016,W003,41.60393524169922
2026-10-20,M016,W003,54.58915328979492
2026-10-21,M016,W003,54.77050018310547
2026-10-22,M016,W003,51.81474304199219
2026-10-23,M016,W003,51.57814407348633
2026-10-24,M016,W003,51.9618034362793
2026-10-25,M016,W003,45.929542541503906
2026-10-26,M016,W003,41.70991516113281
2026-10-27,M016,W003,54.095619201660156
2026-10-28,M016,W003,53.99946212768555
2026-10-29,M016,W003,52.177677154541016
2026-10-30,M016,W003,51.74443435668945
2026-10-01,M016,W004,61.46049499511719
2026-10-02,M016,W004,59.23731994628906
2026-10-03,M016,W004,59.001930236816406
2026-10-04,M016,W004,52.18381118774414
2026-10-05,M016,W004,47.93671798706055
2026-10-06,M016,W004,63.37937927246094
2026-10-07,M016,W004,62.505958557128906
2026-10-08,M016,W004,61.17289352416992
2026-10-09,M016,W004,59.09420394897461
2026-10-10,M016,W004,58.40134048461914
2026-10-11,M016,W004,52.31787872314453
2026-10-12,M016,W004,48.38057327270508
2026-10-13,M016,W004,64.34791564941406
2026-10-14,M016,W004,62.563575744628906
2026-10-15,M016,W004,61.09751510620117
2026-10-16,M016,W004,59.1030158996582
2026-10-17,M016,W004,59.14273452758789
2026-10-18,M016,W004,52.219120025634766
2026-10-19,M016,W004,48.178924560546875
2026-10-20,M016,W004,64.1184310913086
2026-10-21,M016,W004,62.91714096069336
2026-10-22,M016,W004,61.03468704223633
2026-10-23,M016,W004,59.38920211791992
2026-10-24,M016,W004,59.18157958984375
2026-10-25,M016,W004,52.58820343017578
2026-10-26,M016,W004,48.402183532714844
2026-10-27,M016,W004,64.54534149169922
2026-10-28,M016,W004,62.62042999267578
2026-10-29,M016,W004,61.45344924926758
2026-10-30,M016,W004,59.62379455566406
2026-10-01,M016,W005,44.8828125
2026-10-02,M016,W005,43.86315155029297
2026-10-03,M016,W005,42.85243225097656
2026-10-04,M016,W005,38.13508605957031
2026-10-05,M016,W005,33.93110656738281
2026-10-06,M016,W005,46.132537841796875
2026-10-07,M016,W005,45.25920867919922
2026-10-08,M016,W005,44.27482604980469
2026-10-09,M016,W005,43.38418960571289
2026-10-10,M016,W005,42.80988693237305
2026-10-11,M016,W005,38.278316497802734
2026-10-12,M016,W005,34.26679992675781
2026-10-13,M016,W005,46.284725189208984
2026-10-14,M016,W005,45.069580078125
2026-10-15,M016,W005,44.11431121826172
2026-10-16,M016,W005,43.0625114440918
2026-10-17,M016,W005,42.87125778198242
2026-10-18,M016,W005,38.02120590209961
2026-10-19,M016,W005,33.93395233154297
2026-10-20,M016,W005,45.77045440673828
2026-10-21,M016,W005,44.91609191894531
2026-10-22,M016,W005,43.76301956176758
2026-10-23,M016,W005,43.26606369018555
2026-10-24,M016,W005,42.60599136352539
2026-10-25,M016,W005,37.857845306396484
2026-10-26,M016,W005,33.80607604980469
2026-10-27,M016,W005,45.66057586669922
2026-10-28,M016,W005,44.572513580322266
2026-10-29,M016,W005,43.40980529785156
2026-10-30,M016,W005,42.96869659423828
2026-10-01,M016,W006,46.07902145385742
2026-10-02,M016,W006,45.23810577392578
2026-10-03,M016,W006,45.02311325073242
2026-10-04,M016,W006,40.56635665893555
2026-10-05,M016,W006,37.13700866699219
2026-10-06,M016,W006,47.20744705200195
2026-10-07,M016,W006,47.010765075683594
2026-10-08,M016,W006,45.81651306152344
2026-10-09,M016,W006,45.31693649291992
2026-10-10,M016,W006,45.20450973510742
2026-10-11,M016,W006,40.365116119384766
2026-10-12,M016,W006,36.86820983886719
2026-10-13,M016,W006,47.29486083984375
2026-10-14,M016,W006,47.05112838745117
2026-10-15,M016,W006,46.0322151184082
2026-10-16,M016,W006,45.02606201171875
2026-10-17,M016,W006,44.95562744140625
2026-10-18,M016,W006,40.32722854614258
2026-10-19,M016,W006,36.396907806396484
2026-10-20,M016,W006,47.34244155883789
2026-10-21,M016,W006,46.54308319091797
2026-10-22,M016,W006,45.34261703491211
2026-10-23,M016,W006,44.96680450439453
2026-10-24,M016,W006,44.9542121887207
2026-10-25,M016,W006,40.00822067260742
2026-10-26,M016,W006,36.1694450378418
2026-10-27,M016,W006,46.95431137084961
2026-10-28,M016,W006,46.6169319152832
2026-10-29,M016,W006,45.83700180053711
2026-10-30,M016,W006,45.176544189453125
2026-10-01,M017,W001,45.36742401123047
2026-10-02,M017,W001,44.508628845214844
2026-10-03,M017,W001,43.637630462646484
2026-10-04,M017,W001,38.9147834777832
2026-10-05,M017,W001,35.53110122680664
2026-10-06,M017,W001,47.36984634399414
2026-10-07,M017,W001,46.53043746948242
2026-10-08,M017,W001,45.31643295288086
2026-10-09,M017,W001,44.75074768066406
2026-10-10,M017,W001,43.586578369140625
2026-10-11,M017,W001,39.11018753051758
2026-10-12,M017,W001,35.50777053833008
2026-10-13,M017,W001,47.13222122192383
2026-10-14,M017,W001,46.345272064208984
2026-10-15,M017,W001,45.275089263916016
2026-10-16,M017,W001,44.33789825439453
2026-10-17,M017,W001,43.714900970458984
2026-10-18,M017,W001,38.812110900878906
2026-10-19,M017,W001,35.591732025146484
2026-10-20,M017,W001,47.457820892333984
2026-10-21,M017,W001,46.31508255004883
2026-10-22,M017,W001,45.28290557861328
2026-10-23,M017,W001,44.544673919677734
2026-10-24,M017,W001,43.43189239501953
2026-10-25,M017,W001,39.00372314453125
2026-10-26,M017,W001,35.39289093017578
2026-10-27,M017,W001,47.06010818481445
2026-10-28,M017,W001,46.38340377807617
2026-10-29,M017,W001,45.30805206298828
2026-10-30,M017,W001,44.31539535522461
2026-10-01,M017,W002,37.35371398925781
2026-10-02,M017,W002,35.366268157958984
2026-10-03,M017,W002,36.24860382080078
2026-10-04,M017,W002,31.349651336669922
2026-10-05,M017,W002,28.10956573486328
2026-10-06,M017,W002,38.32301330566406
2026-10-07,M017,W002,37.04002380371094
2026-10-08,M017,W002,35.77661895751953
2026-10-09,M017,W002,35.04115295410156
2026-10-10,M017,W002,36.12803268432617
2026-10-11,M017,W002,32.01076889038086
2026-10-12,M017,W002,28.509370803833008
2026-10-13,M017,W002,38.838279724121094
2026-10-14,M017,W002,37.52555847167969
2026-10-15,M017,W002,36.16648483276367
2026-10-16,M017,W002,35.29256057739258
2026-10-17,M017,W002,36.58942413330078
2026-10-18,M017,W002,31.869226455688477
2026-10-19,M017,W002,28.257179260253906
2026-10-20,M017,W002,38.72842788696289
2026-10-21,M017,W002,37.46751022338867
2026-10-22,M017,W002,36.25694274902344
2026-10-23,M017,W002,35.466861724853516
2026-10-24,M017,W002,35.786712646484375
2026-10-25,M017,W002,31.69240951538086
2026-10-26,M017,W002,28.516695022583008
2026-10-27,M017,W002,38.51103210449219
2026-10-28,M017,W002,37.68877029418945
2026-10-29,M017,W002,36.24203872680664
2026-10-30,M017,W002,35.60633850097656
2026-10-01,M017,W003,35.42925262451172
2026-10-02,M017,W003,34.84257888793945
2026-10-03,M017,W003,35.20979309082031
2026-10-04,M017,W003,31.93140983581543
2026-10-05,M017,W003,28.34940528869629
2026-10-06,M017,W003,37.550559997558594
2026-10-07,M017,W003,36.79505157470703
2026-10-08,M017,W003,35.36695098876953
2026-10-09,M017,W003,34.755550384521484
2026-10-10,M017,W003,34.933712005615234
2026-10-11,M017,W003,31.748191833496094
2026-10-12,M017,W003,28.343095779418945
2026-10-13,M017,W003,37.37800598144531
2026-10-14,M017,W003,36.616146087646484
2026-10-15,M017,W003,35.3552131652832
2026-10-16,M017,W003,34.9970817565918
2026-10-17,M017,W003,35.130821228027344
2026-10-18,M017,W003,31.822355270385742
2026-10-19,M017,W003,28.472686767578125
2026-10-20,M017,W003,37.42943572998047
2026-10-21,M017,W003,36.663185119628906
2026-10-22,M017,W003,35.1922721862793
2026-10-23,M017,W003,34.69514465332031
2026-10-24,M017,W003,34.930763244628906
2026-10-25,M017,W003,31.81800079345703
2026-10-26,M017,W003,28.365325927734375
2026-10-27,M017,W003,37.480140686035156
2026-10-28,M017,W003,36.723167419433594
2026-10-29,M017,W003,35.62907028198242
2026-10-30,M017,W003,34.98185348510742
2026-10-01,M017,W004,37.87922668457031
2026-10-02,M017,W004,37.198486328125
2026-10-03,M017,W004,36.67755126953125
2026-10-04,M017,W004,34.04997253417969
2026-10-05,M017,W004,30.8395938873291
2026-10-06,M017,W004,41.019920349121094
2026-10-07,M017,W004,39.136932373046875
2026-10-08,M017,W004,38.122047424316406
2026-10-09,M017,W004,37.496219635009766
2026-10-10,M017,W004,36.98595428466797
2026-10-11,M017,W004,33.99283981323242
2026-10-12,M017,W004,30.83685874938965
2026-10-13,M017,W004,40.72297286987305
2026-10-14,M017,W004,38.89714813232422
2026-10-15,M017,W004,37.826297760009766
2026-10-16,M017,W004,37.147117614746094
2026-10-17,M017,W004,36.94857406616211
2026-10-18,M017,W004,33.70693588256836
2026-10-19,M017,W004,30.679529190063477
2026-10-20,M017,W004,40.298091888427734
2026-10-21,M017,W004,39.01927947998047
2026-10-22,M017,W004,37.805702209472656
2026-10-23,M017,W004,36.87678527832031
2026-10-24,M017,W004,36.36541748046875
2026-10-25,M017,W004,33.52476501464844
2026-10-26,M017,W004,30.81377601623535
2026-10-27,M017,W004,40.24200439453125
2026-10-28,M017,W004,39.20500946044922
2026-10-29,M017,W004,38.16386795043945
2026-10-30,M017,W004,37.07787322998047
2026-10-01,M017,W005,32.28535461425781
2026-10-02,M017,W005,31.666446685791016
2026-10-03,M017,W005,31.07616424560547
2026-10-04,M017,W005,28.09800910949707
2026-10-05,M017,W005,25.57415199279785
2026-10-06,M017,W005,34.0468864440918
2026-10-07,M017,W005,32.89280319213867
2026-10-08,M017,W005,32.6416130065918
2026-10-09,M017,W005,31.73137092590332
2026-10-10,M017,W005,31.247888565063477
2026-10-11,M017,W005,28.044795989990234
2026-10-12,M017,W005,25.78476333618164
2026-10-13,M017,W005,34.46494674682617
2026-10-14,M017,W005,33.09134292602539
2026-10-15,M017,W005,33.011688232421875
2026-10-16,M017,W005,31.952346801757812
2026-10-17,M017,W005,31.19051170349121
2026-10-18,M017,W005,28.127296447753906
2026-10-19,M017,W005,25.590185165405273
2026-10-20,M017,W005,34.50374984741211
2026-10-21,M017,W005,33.11781692504883
2026-10-22,M017,W005,32.606056213378906
2026-10-23,M017,W005,31.836633682250977
2026-10-24,M017,W005,31.46660041809082
2026-10-25,M017,W005,28.194692611694336
2026-10-26,M017,W005,25.76818084716797
2026-10-27,M017,W005,34.3667106628418
2026-10-28,M017,W005,33.18204116821289
2026-10-29,M017,W005,32.82815170288086
2026-10-30,M017,W005,31.84050941467285
2026-10-01,M017,W006,33.47371292114258
2026-10-02,M017,W006,33.41364669799805
2026-10-03,M017,W006,33.406917572021484
2026-10-04,M017,W006,29.41531753540039
2026-10-05,M017,W006,27.237079620361328
2026-10-06,M017,W006,35.93218231201172
2026-10-07,M017,W006,35.65432357788086
2026-10-08,M017,W006,34.6479606628418
2026-10-09,M017,W006,34.104984283447266
2026-10-10,M017,W006,34.056907653808594
2026-10-11,M017,W006,29.82979393005371
2026-10-12,M017,W006,27.040966033935547
2026-10-13,M017,W006,35.515899658203125
2026-10-14,M017,W006,34.76710510253906
2026-10-15,M017,W006,33.8587532043457
2026-10-16,M017,W006,33.49871826171875
2026-10-17,M017,W006,33.85961151123047
2026-10-18,M017,W006,29.627853393554688
2026-10-19,M017,W006,27.348915100097656
2026-10-20,M017,W006,36.43153762817383
2026-10-21,M017,W006,35.7444953918457
2026-10-22,M017,W006,34.50526809692383
2026-10-23,M017,W006,33.95399856567383
2026-10-24,M017,W006,34.09286117553711
2026-10-25,M017,W006,29.258935928344727
2026-10-26,M017,W006,26.676799774169922
2026-10-27,M017,W006,35.89482116699219
2026-10-28,M017,W006,34.908447265625
2026-10-29,M017,W006,34.18471908569336
2026-10-30,M017,W006,33.85317611694336
2026-10-01,M018,W001,41.658470153808594
2026-10-02,M018,W001,42.12834167480469
2026-10-03,M018,W001,41.484832763671875
2026-10-04,M018,W001,36.074249267578125
2026-10-05,M018,W001,32.40277099609375
2026-10-06,M018,W001,43.17787551879883
2026-10-07,M018,W001,42.47285079956055
2026-10-08,M018,W001,41.587371826171875
2026-10-09,M018,W001,41.5563850402832
2026-10-10,M018,W001,41.0621337890625
2026-10-11,M018,W001,35.763511657714844
2026-10-12,M018,W001,32.1026496887207
2026-10-13,M018,W001,42.81684112548828
2026-10-14,M018,W001,42.394203186035156
2026-10-15,M018,W001,41.23681640625
2026-10-16,M018,W001,41.29973602294922
2026-10-17,M018,W001,41.433631896972656
2026-10-18,M018,W001,35.88115692138672
2026-10-19,M018,W001,32.42306137084961
2026-10-20,M018,W001,43.10503005981445
2026-10-21,M018,W001,42.09585952758789
2026-10-22,M018,W001,41.06401062011719
2026-10-23,M018,W001,41.34212875366211
2026-10-24,M018,W001,40.99406051635742
2026-10-25,M018,W001,35.7059326171875
2026-10-26,M018,W001,32.366485595703125
2026-10-27,M018,W001,42.7216682434082
2026-10-28,M018,W001,42.246788024902344
2026-10-29,M018,W001,40.75075149536133
2026-10-30,M018,W001,41.506343841552734
2026-10-01,M018,W002,41.227210998535156
2026-10-02,M018,W002,40.035762786865234
2026-10-03,M018,W002,40.25968551635742
2026-10-04,M018,W002,36.23912048339844
2026-10-05,M018,W002,32.72296905517578
2026-10-06,M018,W002,43.76616287231445
2026-10-07,M018,W002,42.24489974975586
2026-10-08,M018,W002,40.972076416015625
2026-10-09,M018,W002,39.99089813232422
2026-10-10,M018,W002,40.313968658447266
2026-10-11,M018,W002,36.42369079589844
2026-10-12,M018,W002,32.77981185913086
2026-10-13,M018,W002,44.038028717041016
2026-10-14,M018,W002,42.495567321777344
2026-10-15,M018,W002,41.46726608276367
2026-10-16,M018,W002,39.97264862060547
2026-10-17,M018,W002,40.511409759521484
2026-10-18,M018,W002,36.17321014404297
2026-10-19,M018,W002,32.53644943237305
2026-10-20,M018,W002,43.75281524658203
2026-10-21,M018,W002,42.33170700073242
2026-10-22,M018,W002,41.12569808959961
2026-10-23,M018,W002,40.085208892822266
2026-10-24,M018,W002,39.981170654296875
2026-10-25,M018,W002,36.355438232421875
2026-10-26,M018,W002,32.77671432495117
2026-10-27,M018,W002,43.901851654052734
2026-10-28,M018,W002,42.445037841796875
2026-10-29,M018,W002,41.30665969848633
2026-10-30,M018,W002,40.29206085205078
2026-10-01,M018,W003,41.707847595214844
2026-10-02,M018,W003,41.19881057739258
2026-10-03,M018,W003,40.720367431640625
2026-10-04,M018,W003,37.420005798339844
2026-10-05,M018,W003,33.841983795166016
2026-10-06,M018,W003,43.398109436035156
2026-10-07,M018,W003,41.93592071533203
2026-10-08,M018,W003,40.737571716308594
2026-10-09,M018,W003,40.5931396484375
2026-10-10,M018,W003,40.71467971801758
2026-10-11,M018,W003,37.29020690917969
2026-10-12,M018,W003,33.70029830932617
2026-10-13,M018,W003,43.16922378540039
2026-10-14,M018,W003,41.860321044921875
2026-10-15,M018,W003,41.190773010253906
2026-10-16,M018,W003,40.658050537109375
2026-10-17,M018,W003,40.63018035888672
2026-10-18,M018,W003,37.1879997253418
2026-10-19,M018,W003,34.04960632324219
2026-10-20,M018,W003,43.21207809448242
2026-10-21,M018,W003,42.098026275634766
2026-10-22,M018,W003,41.07210159301758
2026-10-23,M018,W003,40.69841384887695
2026-10-24,M018,W003,40.49086380004883
2026-10-25,M018,W003,36.822940826416016
2026-10-26,M018,W003,33.728572845458984
2026-10-27,M018,W003,42.820762634277344
2026-10-28,M018,W003,41.87016296386719
2026-10-29,M018,W003,41.15121841430664
2026-10-30,M018,W003,40.63420867919922
2026-10-01,M018,W004,47.462188720703125
2026-10-02,M018,W004,46.6075439453125
2026-10-03,M018,W004,46.15416717529297
2026-10-04,M018,W004,42.121028900146484
2026-10-05,M018,W004,37.1222038269043
2026-10-06,M018,W004,49.00448226928711
2026-10-07,M018,W004,48.3651123046875
2026-10-08,M018,W004,46.865867614746094
2026-10-09,M018,W004,45.732173919677734
2026-10-10,M018,W004,46.37781524658203
2026-10-11,M018,W004,41.47777557373047
2026-10-12,M018,W004,37.083648681640625
2026-10-13,M018,W004,49.03558349609375
2026-10-14,M018,W004,47.533973693847656
2026-10-15,M018,W004,46.39842224121094
2026-10-16,M018,W004,46.04682922363281
2026-10-17,M018,W004,46.205875396728516
2026-10-18,M018,W004,40.84793472290039
2026-10-19,M018,W004,36.3535041809082
2026-10-20,M018,W004,48.73786926269531
2026-10-21,M018,W004,47.901268005371094
2026-10-22,M018,W004,46.39870834350586
2026-10-23,M018,W004,45.60085678100586
2026-10-24,M018,W004,46.241756439208984
2026-10-25,M018,W004,40.721275329589844
2026-10-26,M018,W004,36.44438171386719
2026-10-27,M018,W004,48.377708435058594
2026-10-28,M018,W004,47.50784683227539
2026-10-29,M018,W004,46.034019470214844
2026-10-30,M018,W004,45.261070251464844
2026-10-01,M018,W005,38.84688186645508
2026-10-02,M018,W005,38.13842010498047
2026-10-03,M018,W005,37.736717224121094
2026-10-04,M018,W005,32.81355667114258
2026-10-05,M018,W005,30.363780975341797
2026-10-06,M018,W005,41.08794403076172
2026-10-07,M018,W005,40.26421356201172
2026-10-08,M018,W005,39.8891487121582
2026-10-09,M018,W005,39.088924407958984
2026-10-10,M018,W005,38.37709045410156
2026-10-11,M018,W005,33.059288024902344
2026-10-12,M018,W005,30.30999755859375
2026-10-13,M018,W005,41.03314971923828
2026-10-14,M018,W005,39.570587158203125
2026-10-15,M018,W005,39.18497085571289
2026-10-16,M018,W005,38.60160446166992
2026-10-17,M018,W005,38.44042205810547
2026-10-18,M018,W005,33.28228759765625
2026-10-19,M018,W005,30.70844078063965
2026-10-20,M018,W005,41.03310012817383
2026-10-21,M018,W005,40.14952850341797
2026-10-22,M018,W005,39.36048889160156
2026-10-23,M018,W005,38.5295524597168
2026-10-24,M018,W005,38.06220626831055
2026-10-25,M018,W005,32.746803283691406
2026-10-26,M018,W005,30.262941360473633
2026-10-27,M018,W005,40.78501892089844
2026-10-28,M018,W005,40.016658782958984
2026-10-29,M018,W005,39.56197738647461
2026-10-30,M018,W005,38.775489807128906
2026-10-01,M018,W006,36.736915588378906
2026-10-02,M018,W006,35.998287200927734
2026-10-03,M018,W006,35.969024658203125
2026-10-04,M018,W006,32.46854019165039
2026-10-05,M018,W006,29.387161254882812
2026-10-06,M018,W006,38.0775032043457
2026-10-07,M018,W006,37.59056854248047
2026-10-08,M018,W006,36.76530075073242
2026-10-09,M018,W006,36.025482177734375
2026-10-10,M018,W006,35.97673797607422
2026-10-11,M018,W006,32.63771438598633
2026-10-12,M018,W006,29.64913558959961
2026-10-13,M018,W006,38.31182098388672
2026-10-14,M018,W006,37.3707160949707
2026-10-15,M018,W006,36.26313018798828
2026-10-16,M018,W006,35.71778869628906
2026-10-17,M018,W006,35.99201965332031
2026-10-18,M018,W006,32.38471221923828
2026-10-19,M018,W006,29.360849380493164
2026-10-20,M018,W006,38.043331146240234
2026-10-21,M018,W006,37.84343719482422
2026-10-22,M018,W006,36.74560546875
2026-10-23,M018,W006,36.004539489746094
2026-10-24,M018,W006,35.93215560913086
2026-10-25,M018,W006,32.350833892822266
2026-10-26,M018,W006,29.306644439697266
2026-10-27,M018,W006,38.023681640625
2026-10-28,M018,W006,37.480140686035156
2026-10-29,M018,W006,36.4217414855957
2026-10-30,M018,W006,35.91901779174805
2026-10-01,M019,W001,31.869709014892578
2026-10-02,M019,W001,30.836618423461914
2026-10-03,M019,W001,30.285104751586914
2026-10-04,M019,W001,27.577104568481445
2026-10-05,M019,W001,24.173683166503906
2026-10-06,M019,W001,32.43132400512695
2026-10-07,M019,W001,31.951946258544922
2026-10-08,M019,W001,32.09261703491211
2026-10-09,M019,W001,31.423377990722656
2026-10-10,M019,W001,30.951032638549805
2026-10-11,M019,W001,27.86174201965332
2026-10-12,M019,W001,24.62824821472168
2026-10-13,M019,W001,32.985836029052734
2026-10-14,M019,W001,31.626087188720703
2026-10-15,M019,W001,31.157379150390625
2026-10-16,M019,W001,30.82725715637207
2026-10-17,M019,W001,30.52577781677246
2026-10-18,M019,W001,27.22763442993164
2026-10-19,M019,W001,24.005962371826172
2026-10-20,M019,W001,33.153072357177734
2026-10-21,M019,W001,32.7370491027832
2026-10-22,M019,W001,31.87130355834961
2026-10-23,M019,W001,31.295989990234375
2026-10-24,M019,W001,31.084810256958008
2026-10-25,M019,W001,27.94434356689453
2026-10-26,M019,W001,24.56033706665039
2026-10-27,M019,W001,33.467376708984375
2026-10-28,M019,W001,32.581085205078125
2026-10-29,M019,W001,31.21812629699707
2026-10-30,M019,W001,30.78289794921875
2026-10-01,M019,W002,29.95203399658203
2026-10-02,M019,W002,29.521154403686523
2026-10-03,M019,W002,29.40497589111328
2026-10-04,M019,W002,26.789562225341797
2026-10-05,M019,W002,23.979690551757812
2026-10-06,M019,W002,32.43320846557617
2026-10-07,M019,W002,31.66455078125
2026-10-08,M019,W002,30.79370880126953
2026-10-09,M019,W002,30.44220733642578
2026-10-10,M019,W002,29.998939514160156
2026-10-11,M019,W002,26.897064208984375
2026-10-12,M019,W002,23.830039978027344
2026-10-13,M019,W002,32.30364990234375
2026-10-14,M019,W002,31.087207794189453
2026-10-15,M019,W002,30.120241165161133
2026-10-16,M019,W002,30.019046783447266
2026-10-17,M019,W002,29.995967864990234
2026-10-18,M019,W002,27.015352249145508
2026-10-19,M019,W002,24.296485900878906
2026-10-20,M019,W002,32.46548843383789
2026-10-21,M019,W002,31.885364532470703
2026-10-22,M019,W002,30.85700225830078
2026-10-23,M019,W002,30.306045532226562
2026-10-24,M019,W002,29.41243553161621
2026-10-25,M019,W002,26.435884475708008
2026-10-26,M019,W002,23.69959831237793
2026-10-27,M019,W002,32.02843475341797
2026-10-28,M019,W002,31.404542922973633
2026-10-29,M019,W002,30.249366760253906
2026-10-30,M019,W002,30.21605110168457
2026-10-01,M019,W003,29.941417694091797
2026-10-02,M019,W003,29.243135452270508
2026-10-03,M019,W003,28.96944808959961
2026-10-04,M019,W003,26.323049545288086
2026-10-05,M019,W003,23.50098419189453
2026-10-06,M019,W003,30.42403221130371
2026-10-07,M019,W003,30.23365592956543
2026-10-08,M019,W003,29.96276092529297
2026-10-09,M019,W003,29.168521881103516
2026-10-10,M019,W003,29.050947189331055
2026-10-11,M019,W003,26.15154457092285
2026-10-12,M019,W003,23.293405532836914
2026-10-13,M019,W003,30.062910079956055
2026-10-14,M019,W003,29.711891174316406
2026-10-15,M019,W003,29.50115203857422
2026-10-16,M019,W003,28.969131469726562
2026-10-17,M019,W003,29.324413299560547
2026-10-18,M019,W003,26.469799041748047
2026-10-19,M019,W003,23.543380737304688
2026-10-20,M019,W003,30.588773727416992
2026-10-21,M019,W003,30.173261642456055
2026-10-22,M019,W003,29.75778579711914
2026-10-23,M019,W003,29.238136291503906
2026-10-24,M019,W003,29.20111846923828
2026-10-25,M019,W003,26.307886123657227
2026-10-26,M019,W003,23.2633056640625
2026-10-27,M019,W003,30.209930419921875
2026-10-28,M019,W003,30.031076431274414
2026-10-29,M019,W003,29.823509216308594
2026-10-30,M019,W003,29.195337295532227
2026-10-01,M019,W004,32.232582092285156
2026-10-02,M019,W004,32.026180267333984
2026-10-03,M019,W004,31.662214279174805
2026-10-04,M019,W004,28.435394287109375
2026-10-05,M019,W004,25.963420867919922
2026-10-06,M019,W004,34.0442008972168
2026-10-07,M019,W004,33.89280700683594
2026-10-08,M019,W004,32.75318145751953
2026-10-09,M019,W004,32.12664031982422
2026-10-10,M019,W004,31.802366256713867
2026-10-11,M019,W004,27.749252319335938
2026-10-12,M019,W004,25.69758415222168
2026-10-13,M019,W004,34.017982482910156
2026-10-14,M019,W004,33.732826232910156
2026-10-15,M019,W004,33.210113525390625
2026-10-16,M019,W004,32.61472702026367
2026-10-17,M019,W004,32.27755355834961
2026-10-18,M019,W004,28.41537857055664
2026-10-19,M019,W004,25.735071182250977
2026-10-20,M019,W004,34.15067672729492
2026-10-21,M019,W004,33.36335754394531
2026-10-22,M019,W004,32.795475006103516
2026-10-23,M019,W004,32.31587600708008
2026-10-24,M019,W004,32.16685485839844
2026-10-25,M019,W004,28.510461807250977
2026-10-26,M019,W004,25.817079544067383
2026-10-27,M019,W004,34.457115173339844
2026-10-28,M019,W004,33.87263870239258
2026-10-29,M019,W004,33.02641296386719
2026-10-30,M019,W004,32.17709732055664
2026-10-01,M019,W005,25.418079376220703
2026-10-02,M019,W005,25.176448822021484
2026-10-03,M019,W005,24.576602935791016
2026-10-04,M019,W005,22.031356811523438
2026-10-05,M019,W005,19.93390655517578
2026-10-06,M019,W005,26.23072052001953
2026-10-07,M019,W005,26.19132423400879
2026-10-08,M019,W005,25.39590072631836
2026-10-09,M019,W005,25.05280876159668
2026-10-10,M019,W005,24.406373977661133
2026-10-11,M019,W005,22.112424850463867
2026-10-12,M019,W005,19.89552879333496
2026-10-13,M019,W005,26.415197372436523
2026-10-14,M019,W005,26.10870361328125
2026-10-15,M019,W005,25.617443084716797
2026-10-16,M019,W005,25.167999267578125
2026-10-17,M019,W005,24.525930404663086
2026-10-18,M019,W005,21.930578231811523
2026-10-19,M019,W005,19.72770118713379
2026-10-20,M019,W005,26.44530487060547
2026-10-21,M019,W005,26.229137420654297
2026-10-22,M019,W005,25.287378311157227
2026-10-23,M019,W005,24.88079833984375
2026-10-24,M019,W005,24.384557723999023
2026-10-25,M019,W005,21.969406127929688
2026-10-26,M019,W005,19.631446838378906
2026-10-27,M019,W005,26.354360580444336
2026-10-28,M019,W005,25.863767623901367
2026-10-29,M019,W005,25.337961196899414
2026-10-30,M019,W005,24.978029251098633
2026-10-01,M019,W006,26.403060913085938
2026-10-02,M019,W006,26.029388427734375
2026-10-03,M019,W006,26.322935104370117
2026-10-04,M019,W006,23.75597381591797
2026-10-05,M019,W006,21.262081146240234
2026-10-06,M019,W006,27.463104248046875
2026-10-07,M019,W006,26.564233779907227
2026-10-08,M019,W006,26.211231231689453
2026-10-09,M019,W006,26.141864776611328
2026-10-10,M019,W006,26.343896865844727
2026-10-11,M019,W006,23.585952758789062
2026-10-12,M019,W006,21.097925186157227
2026-10-13,M019,W006,27.536659240722656
2026-10-14,M019,W006,26.55169105529785
2026-10-15,M019,W006,26.18608856201172
2026-10-16,M019,W006,26.012584686279297
2026-10-17,M019,W006,26.523841857910156
2026-10-18,M019,W006,23.593355178833008
2026-10-19,M019,W006,21.10818099975586
2026-10-20,M019,W006,27.557262420654297
2026-10-21,M019,W006,26.653152465820312
2026-10-22,M019,W006,26.354351043701172
2026-10-23,M019,W006,26.219730377197266
2026-10-24,M019,W006,26.330318450927734
2026-10-25,M019,W006,23.472904205322266
2026-10-26,M019,W006,21.23996353149414
2026-10-27,M019,W006,27.501745223999023
2026-10-28,M019,W006,26.656593322753906
2026-10-29,M019,W006,26.260229110717773
2026-10-30,M019,W006,26.100772857666016
2026-10-01,M020,W001,34.55544662475586
2026-10-02,M020,W001,33.5960807800293
2026-10-03,M020,W001,32.74549865722656
2026-10-04,M020,W001,28.84682846069336
2026-10-05,M020,W001,27.28009796142578
2026-10-06,M020,W001,35.461360931396484
2026-10-07,M020,W001,34.85811996459961
2026-10-08,M020,W001,33.925785064697266
2026-10-09,M020,W001,33.56304931640625
2026-10-10,M020,W001,32.6416130065918
2026-10-11,M020,W001,29.49892807006836
2026-10-12,M020,W001,27.377601623535156
2026-10-13,M020,W001,35.81974411010742
2026-10-14,M020,W001,34.8758544921875
2026-10-15,M020,W001,34.08082580566406
2026-10-16,M020,W001,33.15861511230469
2026-10-17,M020,W001,32.688480377197266
2026-10-18,M020,W001,29.34445571899414
2026-10-19,M020,W001,26.263656616210938
2026-10-20,M020,W001,35.28669357299805
2026-10-21,M020,W001,34.15337371826172
2026-10-22,M020,W001,33.40630340576172
2026-10-23,M020,W001,33.08498001098633
2026-10-24,M020,W001,32.435630798339844
2026-10-25,M020,W001,29.753469467163086
2026-10-26,M020,W001,26.373611450195312
2026-10-27,M020,W001,35.00621795654297
2026-10-28,M020,W001,34.213462829589844
2026-10-29,M020,W001,33.22755432128906
2026-10-30,M020,W001,33.00402069091797
2026-10-01,M020,W002,33.446258544921875
2026-10-02,M020,W002,33.08222579956055
2026-10-03,M020,W002,32.483306884765625
2026-10-04,M020,W002,28.88567352294922
2026-10-05,M020,W002,26.307289123535156
2026-10-06,M020,W002,34.38750076293945
2026-10-07,M020,W002,33.74290084838867
2026-10-08,M020,W002,33.51895523071289
2026-10-09,M020,W002,32.907447814941406
2026-10-10,M020,W002,32.27817153930664
2026-10-11,M020,W002,28.324995040893555
2026-10-12,M020,W002,26.044998168945312
2026-10-13,M020,W002,34.312744140625
2026-10-14,M020,W002,33.582176208496094
2026-10-15,M020,W002,33.201534271240234
2026-10-16,M020,W002,32.875877380371094
2026-10-17,M020,W002,32.882720947265625
2026-10-18,M020,W002,28.212324142456055
2026-10-19,M020,W002,25.549135208129883
2026-10-20,M020,W002,34.68198013305664
2026-10-21,M020,W002,33.62401580810547
2026-10-22,M020,W002,33.07075881958008
2026-10-23,M020,W002,32.05655288696289
2026-10-24,M020,W002,32.266273498535156
2026-10-25,M020,W002,28.386091232299805
2026-10-26,M020,W002,25.97844123840332
2026-10-27,M020,W002,34.478084564208984
2026-10-28,M020,W002,33.348838806152344
2026-10-29,M020,W002,33.1904296875
2026-10-30,M020,W002,32.58110427856445
2026-10-01,M020,W003,35.50923156738281
2026-10-02,M020,W003,34.9060173034668
2026-10-03,M020,W003,34.55324172973633
2026-10-04,M020,W003,31.6302490234375
2026-10-05,M020,W003,28.931299209594727
2026-10-06,M020,W003,37.92338943481445
2026-10-07,M020,W003,36.342681884765625
2026-10-08,M020,W003,35.46381378173828
2026-10-09,M020,W003,34.93803405761719
2026-10-10,M020,W003,34.54431915283203
2026-10-11,M020,W003,31.43581771850586
2026-10-12,M020,W003,28.836740493774414
2026-10-13,M020,W003,38.20000076293945
2026-10-14,M020,W003,36.246028900146484
2026-10-15,M020,W003,35.62712860107422
2026-10-16,M020,W003,35.15304183959961
2026-10-17,M020,W003,34.6773567199707
2026-10-18,M020,W003,31.415088653564453
2026-10-19,M020,W003,28.61949920654297
2026-10-20,M020,W003,37.40806198120117
2026-10-21,M020,W003,36.08670425415039
2026-10-22,M020,W003,35.533992767333984
2026-10-23,M020,W003,34.9683952331543
2026-10-24,M020,W003,34.31576919555664
2026-10-25,M020,W003,30.84210968017578
2026-10-26,M020,W003,28.512874603271484
2026-10-27,M020,W003,37.75294494628906
2026-10-28,M020,W003,36.1590461730957
2026-10-29,M020,W003,35.829612731933594
2026-10-30,M020,W003,35.41362762451172
2026-10-01,M020,W004,37.20722961425781
2026-10-02,M020,W004,36.95279312133789
2026-10-03,M020,W004,36.77366256713867
2026-10-04,M020,W004,32.52640151977539
2026-10-05,M020,W004,29.330930709838867
2026-10-06,M020,W004,38.94683074951172
2026-10-07,M020,W004,38.38547897338867
2026-10-08,M020,W004,37.38917541503906
2026-10-09,M020,W004,37.21639633178711
2026-10-10,M020,W004,37.19453048706055
2026-10-11,M020,W004,32.7675666809082
2026-10-12,M020,W004,29.62155532836914
2026-10-13,M020,W004,39.03170394897461
2026-10-14,M020,W004,38.620765686035156
2026-10-15,M020,W004,37.777626037597656
2026-10-16,M020,W004,37.2576789855957
2026-10-17,M020,W004,37.151405334472656
2026-10-18,M020,W004,32.63950729370117
2026-10-19,M020,W004,29.24612045288086
2026-10-20,M020,W004,38.932891845703125
2026-10-21,M020,W004,38.54472351074219
2026-10-22,M020,W004,37.48223876953125
2026-10-23,M020,W004,37.189056396484375
2026-10-24,M020,W004,37.20901870727539
2026-10-25,M020,W004,32.859561920166016
2026-10-26,M020,W004,29.505287170410156
2026-10-27,M020,W004,38.637081146240234
2026-10-28,M020,W004,38.4078254699707
2026-10-29,M020,W004,37.30872344970703
2026-10-30,M020,W004,36.93149185180664
2026-10-01,M020,W005,33.34315872192383
2026-10-02,M020,W005,32.67580795288086
2026-10-03,M020,W005,31.266462326049805
2026-10-04,M020,W005,27.487253189086914
2026-10-05,M020,W005,24.51607322692871
2026-10-06,M020,W005,33.164188385009766
2026-10-07,M020,W005,33.18483352661133
2026-10-08,M020,W005,32.375431060791016
2026-10-09,M020,W005,31.9777889251709
2026-10-10,M020,W005,31.212804794311523
2026-10-11,M020,W005,27.736469268798828
2026-10-12,M020,W005,24.84842872619629
2026-10-13,M020,W005,33.0345344543457
2026-10-14,M020,W005,32.817726135253906
2026-10-15,M020,W005,31.868247985839844
2026-10-16,M020,W005,31.392711639404297
2026-10-17,M020,W005,30.75770378112793
2026-10-18,M020,W005,27.04656219482422
2026-10-19,M020,W005,24.446481704711914
2026-10-20,M020,W005,33.18911361694336
2026-10-21,M020,W005,32.85251235961914
2026-10-22,M020,W005,31.7485408782959
2026-10-23,M020,W005,31.43067169189453
2026-10-24,M020,W005,30.956768035888672
2026-10-25,M020,W005,27.330373764038086
2026-10-26,M020,W005,24.58523178100586
2026-10-27,M020,W005,32.8173828125
2026-10-28,M020,W005,32.70216369628906
2026-10-29,M020,W005,31.67051124572754
2026-10-30,M020,W005,31.374481201171875
2026-10-01,M020,W006,29.982467651367188
2026-10-02,M020,W006,30.013748168945312
2026-10-03,M020,W006,29.981815338134766
2026-10-04,M020,W006,27.511720657348633
2026-10-05,M020,W006,24.817230224609375
2026-10-06,M020,W006,32.04664611816406
2026-10-07,M020,W006,30.963476181030273
2026-10-08,M020,W006,29.90331268310547
2026-10-09,M020,W006,29.849872589111328
2026-10-10,M020,W006,30.080224990844727
2026-10-11,M020,W006,27.10004425048828
2026-10-12,M020,W006,24.52853775024414
2026-10-13,M020,W006,32.018096923828125
2026-10-14,M020,W006,30.88167381286621
2026-10-15,M020,W006,29.91834831237793
2026-10-16,M020,W006,29.708375930786133
2026-10-17,M020,W006,29.942523956298828
2026-10-18,M020,W006,27.292530059814453
2026-10-19,M020,W006,24.457294464111328
2026-10-20,M020,W006,32.18911361694336
2026-10-21,M020,W006,31.14478302001953
2026-10-22,M020,W006,30.29067611694336
2026-10-23,M020,W006,29.8505859375
2026-10-24,M020,W006,29.790382385253906
2026-10-25,M020,W006,27.11942481994629
2026-10-26,M020,W006,24.578514099121094
2026-10-27,M020,W006,32.07302474975586
2026-10-28,M020,W006,31.17152976989746
2026-10-29,M020,W006,30.316776275634766
2026-10-30,M020,W006,29.594585418701172
2026-10-01,M021,W001,48.66685485839844
2026-10-02,M021,W001,48.225181579589844
2026-10-03,M021,W001,47.53288650512695
2026-10-04,M021,W001,41.90106964111328
2026-10-05,M021,W001,38.41181945800781
2026-10-06,M021,W001,50.586551666259766
2026-10-07,M021,W001,49.376224517822266
2026-10-08,M021,W001,48.29342269897461
2026-10-09,M021,W001,48.20421600341797
2026-10-10,M021,W001,47.7956428527832
2026-10-11,M021,W001,41.758338928222656
2026-10-12,M021,W001,38.30027389526367
2026-10-13,M021,W001,50.082035064697266
2026-10-14,M021,W001,49.30896759033203
2026-10-15,M021,W001,48.207801818847656
2026-10-16,M021,W001,47.763816833496094
2026-10-17,M021,W001,47.999881744384766
2026-10-18,M021,W001,41.68059158325195
2026-10-19,M021,W001,38.12149429321289
2026-10-20,M021,W001,50.28227233886719
2026-10-21,M021,W001,49.280799865722656
2026-10-22,M021,W001,47.911373138427734
2026-10-23,M021,W001,47.881046295166016
2026-10-24,M021,W001,47.77801513671875
2026-10-25,M021,W001,40.901554107666016
2026-10-26,M021,W001,37.8223991394043
2026-10-27,M021,W001,49.77515411376953
2026-10-28,M021,W001,49.25276184082031
2026-10-29,M021,W001,48.02303695678711
2026-10-30,M021,W001,47.861610412597656
2026-10-01,M021,W002,41.924034118652344
2026-10-02,M021,W002,41.137603759765625
2026-10-03,M021,W002,40.75272750854492
2026-10-04,M021,W002,36.77484130859375
2026-10-05,M021,W002,32.820579528808594
2026-10-06,M021,W002,43.079063415527344
2026-10-07,M021,W002,41.950401306152344
2026-10-08,M021,W002,41.879432678222656
2026-10-09,M021,W002,40.936859130859375
2026-10-10,M021,W002,40.79524612426758
2026-10-11,M021,W002,36.61730194091797
2026-10-12,M021,W002,33.01348876953125
2026-10-13,M021,W002,42.888832092285156
2026-10-14,M021,W002,42.01248550415039
2026-10-15,M021,W002,41.671592712402344
2026-10-16,M021,W002,40.67792510986328
2026-10-17,M021,W002,40.7182502746582
2026-10-18,M021,W002,36.78711700439453
2026-10-19,M021,W002,32.79241180419922
2026-10-20,M021,W002,42.96329879760742
2026-10-21,M021,W002,41.865257263183594
2026-10-22,M021,W002,41.32844924926758
2026-10-23,M021,W002,40.98809051513672
2026-10-24,M021,W002,40.82605743408203
2026-10-25,M021,W002,36.842674255371094
2026-10-26,M021,W002,32.93854522705078
2026-10-27,M021,W002,42.89651107788086
2026-10-28,M021,W002,42.10298538208008
2026-10-29,M021,W002,41.473106384277344
2026-10-30,M021,W002,40.84980010986328
2026-10-01,M021,W003,39.877525329589844
2026-10-02,M021,W003,39.39406967163086
2026-10-03,M021,W003,39.68195343017578
2026-10-04,M021,W003,35.348453521728516
2026-10-05,M021,W003,31.52248191833496
2026-10-06,M021,W003,41.88816452026367
2026-10-07,M021,W003,41.35831069946289
2026-10-08,M021,W003,39.95889663696289
2026-10-09,M021,W003,39.298988342285156
2026-10-10,M021,W003,39.58935546875
2026-10-11,M021,W003,34.815895080566406
2026-10-12,M021,W003,31.366527557373047
2026-10-13,M021,W003,41.40889358520508
2026-10-14,M021,W003,40.903114318847656
2026-10-15,M021,W003,39.78290557861328
2026-10-16,M021,W003,38.878360748291016
2026-10-17,M021,W003,39.3997688293457
2026-10-18,M021,W003,35.34016418457031
2026-10-19,M021,W003,31.91251564025879
2026-10-20,M021,W003,41.743221282958984
2026-10-21,M021,W003,40.972557067871094
2026-10-22,M021,W003,39.790435791015625
2026-10-23,M021,W003,38.94821548461914
2026-10-24,M021,W003,38.902286529541016
2026-10-25,M021,W003,34.449832916259766
2026-10-26,M021,W003,31.412906646728516
2026-10-27,M021,W003,41.33686065673828
2026-10-28,M021,W003,40.59819412231445
2026-10-29,M021,W003,39.678897857666016
2026-10-30,M021,W003,39.415714263916016
2026-10-01,M021,W004,47.78184127807617
2026-10-02,M021,W004,46.72281265258789
2026-10-03,M021,W004,46.092063903808594
2026-10-04,M021,W004,40.65385437011719
2026-10-05,M021,W004,37.88133239746094
2026-10-06,M021,W004,49.14988327026367
2026-10-07,M021,W004,48.86748123168945
2026-10-08,M021,W004,47.684669494628906
2026-10-09,M021,W004,46.195091247558594
2026-10-10,M021,W004,46.20479965209961
2026-10-11,M021,W004,40.70149230957031
2026-10-12,M021,W004,37.89474105834961
2026-10-13,M021,W004,49.23595428466797
2026-10-14,M021,W004,48.56898880004883
2026-10-15,M021,W004,47.43711471557617
2026-10-16,M021,W004,45.95771789550781
2026-10-17,M021,W004,46.73152542114258
2026-10-18,M021,W004,41.08953094482422
2026-10-19,M021,W004,37.97986602783203
2026-10-20,M021,W004,49.75836944580078
2026-10-21,M021,W004,48.84589385986328
2026-10-22,M021,W004,47.211463928222656
2026-10-23,M021,W004,46.314857482910156
2026-10-24,M021,W004,47.127197265625
2026-10-25,M021,W004,41.556785583496094
2026-10-26,M021,W004,38.26234436035156
2026-10-27,M021,W004,49.68853759765625
2026-10-28,M021,W004,48.77814865112305
2026-10-29,M021,W004,47.47810745239258
2026-10-30,M021,W004,46.34634017944336
2026-10-01,M021,W005,33.30835723876953
2026-10-02,M021,W005,32.204734802246094
2026-10-03,M021,W005,32.56452560424805
2026-10-04,M021,W005,28.685386657714844
2026-10-05,M021,W005,26.21209716796875
2026-10-06,M021,W005,34.8055534362793
2026-10-07,M021,W005,33.908416748046875
2026-10-08,M021,W005,33.15530014038086
2026-10-09,M021,W005,31.95034408569336
2026-10-10,M021,W005,32.350746154785156
2026-10-11,M021,W005,28.672924041748047
2026-10-12,M021,W005,26.32467269897461
2026-10-13,M021,W005,34.96473693847656
2026-10-14,M021,W005,33.88845443725586
2026-10-15,M021,W005,32.96315383911133
2026-10-16,M021,W005,32.01265335083008
2026-10-17,M021,W005,32.56926727294922
2026-10-18,M021,W005,28.81938362121582
2026-10-19,M021,W005,26.325687408447266
2026-10-20,M021,W005,34.76335906982422
2026-10-21,M021,W005,33.8378791809082
2026-10-22,M021,W005,33.119789123535156
2026-10-23,M021,W005,31.929018020629883
2026-10-24,M021,W005,32.343746185302734
2026-10-25,M021,W005,28.517478942871094
2026-10-26,M021,W005,26.346712112426758
2026-10-27,M021,W005,34.738525390625
2026-10-28,M021,W005,33.778934478759766
2026-10-29,M021,W005,33.20606994628906
2026-10-30,M021,W005,32.05024719238281
2026-10-01,M021,W006,43.39464569091797
2026-10-02,M021,W006,42.30128479003906
2026-10-03,M021,W006,41.35817337036133
2026-10-04,M021,W006,36.92537307739258
2026-10-05,M021,W006,33.3674201965332
2026-10-06,M021,W006,46.16576385498047
2026-10-07,M021,W006,44.599609375
2026-10-08,M021,W006,43.46684265136719
2026-10-09,M021,W006,42.03763198852539
2026-10-10,M021,W006,41.01616287231445
2026-10-11,M021,W006,37.226951599121094
2026-10-12,M021,W006,33.58167266845703
2026-10-13,M021,W006,45.96247863769531
2026-10-14,M021,W006,44.46928405761719
2026-10-15,M021,W006,43.14582061767578
2026-10-16,M021,W006,42.113914489746094
2026-10-17,M021,W006,41.431610107421875
2026-10-18,M021,W006,37.12824630737305
2026-10-19,M021,W006,33.52464294433594
2026-10-20,M021,W006,45.93417739868164
2026-10-21,M021,W006,44.609439849853516
2026-10-22,M021,W006,43.53477096557617
2026-10-23,M021,W006,42.25224685668945
2026-10-24,M021,W006,41.23214340209961
2026-10-25,M021,W006,37.428428649902344
2026-10-26,M021,W006,33.53121566772461
2026-10-27,M021,W006,45.438899993896484
2026-10-28,M021,W006,44.07164001464844
2026-10-29,M021,W006,43.03538131713867
2026-10-30,M021,W006,42.055419921875
2026-10-01,M022,W001,60.02748489379883
2026-10-02,M022,W001,59.04759979248047
2026-10-03,M022,W001,58.74309539794922
2026-10-04,M022,W001,52.93617248535156
2026-10-05,M022,W001,48.76488494873047
2026-10-06,M022,W001,62.636878967285156
2026-10-07,M022,W001,60.72864532470703
2026-10-08,M022,W001,59.399330139160156
2026-10-09,M022,W001,59.02222442626953
2026-10-10,M022,W001,58.78547286987305
2026-10-11,M022,W001,52.128448486328125
2026-10-12,M022,W001,48.323604583740234
2026-10-13,M022,W001,62.52040100097656
2026-10-14,M022,W001,61.1033935546875
2026-10-15,M022,W001,59.5180549621582
2026-10-16,M022,W001,58.91342544555664
2026-10-17,M022,W001,59.2449951171875
2026-10-18,M022,W001,52.91474151611328
2026-10-19,M022,W001,49.01106262207031
2026-10-20,M022,W001,62.86858367919922
2026-10-21,M022,W001,61.454769134521484
2026-10-22,M022,W001,59.6515007019043
2026-10-23,M022,W001,59.05079650878906
2026-10-24,M022,W001,58.94499206542969
2026-10-25,M022,W001,52.1219482421875
2026-10-26,M022,W001,48.56534194946289
2026-10-27,M022,W001,62.780372619628906
2026-10-28,M022,W001,61.509647369384766
2026-10-29,M022,W001,60.03664016723633
2026-10-30,M022,W001,59.138370513916016
2026-10-01,M022,W002,46.96870422363281
2026-10-02,M022,W002,45.84946060180664
2026-10-03,M022,W002,45.46355056762695
2026-10-04,M022,W002,40.59069061279297
2026-10-05,M022,W002,36.69987487792969
2026-10-06,M022,W002,47.8865966796875
2026-10-07,M022,W002,47.32390213012695
2026-10-08,M022,W002,46.0899658203125
2026-10-09,M022,W002,45.658145904541016
2026-10-10,M022,W002,45.4918327331543
2026-10-11,M022,W002,40.87073516845703
2026-10-12,M022,W002,36.799381256103516
2026-10-13,M022,W002,47.93445587158203
2026-10-14,M022,W002,47.384864807128906
2026-10-15,M022,W002,46.30868148803711
2026-10-16,M022,W002,45.09428024291992
2026-10-17,M022,W002,44.913116455078125
2026-10-18,M022,W002,40.578125
2026-10-19,M022,W002,37.03443145751953
2026-10-20,M022,W002,48.16046142578125
2026-10-21,M022,W002,47.54677963256836
2026-10-22,M022,W002,46.22425079345703
2026-10-23,M022,W002,45.42853546142578
2026-10-24,M022,W002,45.05729675292969
2026-10-25,M022,W002,40.654022216796875
2026-10-26,M022,W002,37.03773880004883
2026-10-27,M022,W002,48.626827239990234
2026-10-28,M022,W002,47.694522857666016
2026-10-29,M022,W002,46.89570999145508
2026-10-30,M022,W002,45.68439483642578
2026-10-01,M022,W003,49.607688903808594
2026-10-02,M022,W003,48.9448356628418
2026-10-03,M022,W003,47.990116119384766
2026-10-04,M022,W003,43.43785858154297
2026-10-05,M022,W003,39.038536071777344
2026-10-06,M022,W003,51.769901275634766
2026-10-07,M022,W003,50.189083099365234
2026-10-08,M022,W003,49.17536926269531
2026-10-09,M022,W003,48.89511489868164
2026-10-10,M022,W003,48.21859359741211
2026-10-11,M022,W003,43.40809631347656
2026-10-12,M022,W003,39.047054290771484
2026-10-13,M022,W003,51.88302993774414
2026-10-14,M022,W003,50.26710510253906
2026-10-15,M022,W003,49.159915924072266
2026-10-16,M022,W003,48.77393341064453
2026-10-17,M022,W003,48.105770111083984
2026-10-18,M022,W003,43.238651275634766
2026-10-19,M022,W003,38.77633285522461
2026-10-20,M022,W003,52.12720489501953
2026-10-21,M022,W003,50.08403015136719
2026-10-22,M022,W003,49.096458435058594
2026-10-23,M022,W003,48.44837188720703
2026-10-24,M022,W003,48.219573974609375
2026-10-25,M022,W003,43.57506561279297
2026-10-26,M022,W003,38.6913948059082
2026-10-27,M022,W003,51.63329315185547
2026-10-28,M022,W003,50.32145309448242
2026-10-29,M022,W003,49.376251220703125
2026-10-30,M022,W003,48.49553298950195
2026-10-01,M022,W004,62.946197509765625
2026-10-02,M022,W004,60.712554931640625
2026-10-03,M022,W004,57.84120178222656
2026-10-04,M022,W004,53.29169845581055
2026-10-05,M022,W004,48.82802963256836
2026-10-06,M022,W004,63.106590270996094
2026-10-07,M022,W004,61.553688049316406
2026-10-08,M022,W004,61.15498733520508
2026-10-09,M022,W004,59.63583755493164
2026-10-10,M022,W004,57.28145217895508
2026-10-11,M022,W004,52.90192794799805
2026-10-12,M022,W004,48.48905944824219
2026-10-13,M022,W004,62.87604522705078
2026-10-14,M022,W004,61.23161697387695
2026-10-15,M022,W004,60.60222625732422
2026-10-16,M022,W004,58.85233688354492
2026-10-17,M022,W004,57.47795486450195
2026-10-18,M022,W004,52.56301498413086
2026-10-19,M022,W004,48.14386749267578
2026-10-20,M022,W004,63.69651412963867
2026-10-21,M022,W004,61.43049240112305
2026-10-22,M022,W004,60.68313217163086
2026-10-23,M022,W004,59.472442626953125
2026-10-24,M022,W004,57.51686477661133
2026-10-25,M022,W004,52.699790954589844
2026-10-26,M022,W004,48.25896453857422
2026-10-27,M022,W004,63.40172576904297
2026-10-28,M022,W004,61.928245544433594
2026-10-29,M022,W004,60.80010223388672
2026-10-30,M022,W004,59.434425354003906
2026-10-01,M022,W005,39.15859603881836
2026-10-02,M022,W005,38.70628356933594
2026-10-03,M022,W005,39.72514343261719
2026-10-04,M022,W005,34.819942474365234
2026-10-05,M022,W005,31.06031036376953
2026-10-06,M022,W005,41.65948486328125
2026-10-07,M022,W005,40.29733657836914
2026-10-08,M022,W005,39.37683868408203
2026-10-09,M022,W005,38.87649917602539
2026-10-10,M022,W005,39.52684020996094
2026-10-11,M022,W005,34.87495803833008
2026-10-12,M022,W005,31.268898010253906
2026-10-13,M022,W005,41.846282958984375
2026-10-14,M022,W005,40.18792724609375
2026-10-15,M022,W005,39.31538772583008
2026-10-16,M022,W005,38.618526458740234
2026-10-17,M022,W005,39.6497688293457
2026-10-18,M022,W005,34.99491882324219
2026-10-19,M022,W005,31.221176147460938
2026-10-20,M022,W005,41.94091796875
2026-10-21,M022,W005,40.41958236694336
2026-10-22,M022,W005,39.498077392578125
2026-10-23,M022,W005,38.923583984375
2026-10-24,M022,W005,39.48027420043945
2026-10-25,M022,W005,35.33859634399414
2026-10-26,M022,W005,31.562145233154297
2026-10-27,M022,W005,41.86758041381836
2026-10-28,M022,W005,40.25962448120117
2026-10-29,M022,W005,39.31229782104492
2026-10-30,M022,W005,38.84926223754883
2026-10-01,M022,W006,54.461753845214844
2026-10-02,M022,W006,53.258018493652344
2026-10-03,M022,W006,52.54960632324219
2026-10-04,M022,W006,46.888492584228516
2026-10-05,M022,W006,41.030906677246094
2026-10-06,M022,W006,56.4921760559082
2026-10-07,M022,W006,54.7221565246582
2026-10-08,M022,W006,53.1495475769043
2026-10-09,M022,W006,52.489662170410156
2026-10-10,M022,W006,52.695777893066406
2026-10-11,M022,W006,46.50233459472656
2026-10-12,M022,W006,40.629844665527344
2026-10-13,M022,W006,56.49391174316406
2026-10-14,M022,W006,54.95859146118164
2026-10-15,M022,W006,53.24077224731445
2026-10-16,M022,W006,52.60819625854492
2026-10-17,M022,W006,52.55555725097656
2026-10-18,M022,W006,46.64509963989258
2026-10-19,M022,W006,41.161983489990234
2026-10-20,M022,W006,56.122798919677734
2026-10-21,M022,W006,54.3179817199707
2026-10-22,M022,W006,52.822303771972656
2026-10-23,M022,W006,51.90789031982422
2026-10-24,M022,W006,51.70549392700195
2026-10-25,M022,W006,46.06471633911133
2026-10-26,M022,W006,40.88262176513672
2026-10-27,M022,W006,56.270347595214844
2026-10-28,M022,W006,54.86767578125
2026-10-29,M022,W006,52.91490173339844
2026-10-30,M022,W006,52.390045166015625
2026-10-01,M023,W001,65.06548309326172
2026-10-02,M023,W001,64.27497863769531
2026-10-03,M023,W001,62.98040771484375
2026-10-04,M023,W001,57.493309020996094
2026-10-05,M023,W001,53.156410217285156
2026-10-06,M023,W001,68.21110534667969
2026-10-07,M023,W001,66.77656555175781
2026-10-08,M023,W001,65.76689910888672
2026-10-09,M023,W001,64.89916229248047
2026-10-10,M023,W001,64.61595153808594
2026-10-11,M023,W001,58.47917938232422
2026-10-12,M023,W001,53.588294982910156
2026-10-13,M023,W001,68.90033721923828
2026-10-14,M023,W001,67.14974975585938
2026-10-15,M023,W001,65.60852813720703
2026-10-16,M023,W001,64.79816436767578
2026-10-17,M023,W001,64.21631622314453
2026-10-18,M023,W001,58.12067413330078
2026-10-19,M023,W001,53.3630485534668
2026-10-20,M023,W001,69.47453308105469
2026-10-21,M023,W001,67.12673950195312
2026-10-22,M023,W001,65.77776336669922
2026-10-23,M023,W001,64.41944885253906
2026-10-24,M023,W001,63.8414306640625
2026-10-25,M023,W001,57.58220291137695
2026-10-26,M023,W001,52.8272590637207
2026-10-27,M023,W001,68.63165283203125
2026-10-28,M023,W001,65.9406509399414
2026-10-29,M023,W001,65.63887786865234
2026-10-30,M023,W001,64.77450561523438
2026-10-01,M023,W002,56.88578414916992
2026-10-02,M023,W002,55.149539947509766
2026-10-03,M023,W002,55.11940002441406
2026-10-04,M023,W002,49.33700942993164
2026-10-05,M023,W002,44.311100006103516
2026-10-06,M023,W002,58.369781494140625
2026-10-07,M023,W002,57.49488067626953
2026-10-08,M023,W002,56.283164978027344
2026-10-09,M023,W002,55.26902389526367
2026-10-10,M023,W002,55.28181457519531
2026-10-11,M023,W002,49.39756774902344
2026-10-12,M023,W002,44.31989669799805
2026-10-13,M023,W002,58.39885330200195
2026-10-14,M023,W002,57.317481994628906
2026-10-15,M023,W002,56.13453674316406
2026-10-16,M023,W002,54.832847595214844
2026-10-17,M023,W002,55.052093505859375
2026-10-18,M023,W002,49.06611251831055
2026-10-19,M023,W002,44.22317123413086
2026-10-20,M023,W002,58.38487243652344
2026-10-21,M023,W002,57.15216064453125
2026-10-22,M023,W002,55.93233108520508
2026-10-23,M023,W002,55.272483825683594
2026-10-24,M023,W002,55.24748229980469
2026-10-25,M023,W002,49.4146728515625
2026-10-26,M023,W002,44.27621078491211
2026-10-27,M023,W002,58.18829345703125
2026-10-28,M023,W002,57.456214904785156
2026-10-29,M023,W002,56.28394317626953
2026-10-30,M023,W002,54.90098190307617
2026-10-01,M023,W003,69.01201629638672
2026-10-02,M023,W003,66.59513854980469
2026-10-03,M023,W003,64.94764709472656
2026-10-04,M023,W003,57.813385009765625
2026-10-05,M023,W003,49.91568374633789
2026-10-06,M023,W003,69.48503875732422
2026-10-07,M023,W003,68.6195297241211
2026-10-08,M023,W003,66.03824615478516
2026-10-09,M023,W003,64.40279388427734
2026-10-10,M023,W003,64.36659240722656
2026-10-11,M023,W003,58.044654846191406
2026-10-12,M023,W003,49.71291732788086
2026-10-13,M023,W003,68.72067260742188
2026-10-14,M023,W003,68.32708740234375
2026-10-15,M023,W003,66.3936767578125
2026-10-16,M023,W003,64.34246826171875
2026-10-17,M023,W003,64.33135986328125
2026-10-18,M023,W003,57.25202560424805
2026-10-19,M023,W003,49.65933609008789
2026-10-20,M023,W003,68.52490997314453
2026-10-21,M023,W003,67.48175811767578
2026-10-22,M023,W003,64.41461944580078
2026-10-23,M023,W003,64.16271209716797
2026-10-24,M023,W003,63.89767074584961
2026-10-25,M023,W003,56.75897979736328
2026-10-26,M023,W003,49.31389617919922
2026-10-27,M023,W003,68.10376739501953
2026-10-28,M023,W003,67.56556701660156
2026-10-29,M023,W003,65.26876831054688
2026-10-30,M023,W003,64.19770050048828
2026-10-01,M023,W004,57.66944122314453
2026-10-02,M023,W004,56.876155853271484
2026-10-03,M023,W004,56.55074691772461
2026-10-04,M023,W004,50.961181640625
2026-10-05,M023,W004,46.236663818359375
2026-10-06,M023,W004,59.733299255371094
2026-10-07,M023,W004,59.24373245239258
2026-10-08,M023,W004,57.1574592590332
2026-10-09,M023,W004,56.197853088378906
2026-10-10,M023,W004,56.18083572387695
2026-10-11,M023,W004,51.09516525268555
2026-10-12,M023,W004,46.4339599609375
2026-10-13,M023,W004,59.79402160644531
2026-10-14,M023,W004,58.98099899291992
2026-10-15,M023,W004,57.21625518798828
2026-10-16,M023,W004,56.844303131103516
2026-10-17,M023,W004,56.605804443359375
2026-10-18,M023,W004,51.09735107421875
2026-10-19,M023,W004,46.11163330078125
2026-10-20,M023,W004,59.60877227783203
2026-10-21,M023,W004,59.137168884277344
2026-10-22,M023,W004,57.10075759887695
2026-10-23,M023,W004,56.1434440612793
2026-10-24,M023,W004,56.72953414916992
2026-10-25,M023,W004,51.159793853759766
2026-10-26,M023,W004,46.35857391357422
2026-10-27,M023,W004,59.93273162841797
2026-10-28,M023,W004,58.98151779174805
2026-10-29,M023,W004,57.4573974609375
2026-10-30,M023,W004,56.59607696533203
2026-10-01,M023,W005,45.121864318847656
2026-10-02,M023,W005,43.67466354370117
2026-10-03,M023,W005,42.408111572265625
2026-10-04,M023,W005,38.5455322265625
2026-10-05,M023,W005,34.43555450439453
2026-10-06,M023,W005,44.98786926269531
2026-10-07,M023,W005,45.045501708984375
2026-10-08,M023,W005,43.8245735168457
2026-10-09,M023,W005,42.906070709228516
2026-10-10,M023,W005,42.20232009887695
2026-10-11,M023,W005,37.982913970947266
2026-10-12,M023,W005,35.02792739868164
2026-10-13,M023,W005,45.74970245361328
2026-10-14,M023,W005,45.51875305175781
2026-10-15,M023,W005,44.27378463745117
2026-10-16,M023,W005,43.42235565185547
2026-10-17,M023,W005,42.94608688354492
2026-10-18,M023,W005,38.665767669677734
2026-10-19,M023,W005,35.31243133544922
2026-10-20,M023,W005,45.441287994384766
2026-10-21,M023,W005,46.006256103515625
2026-10-22,M023,W005,44.60410690307617
2026-10-23,M023,W005,43.25404357910156
2026-10-24,M023,W005,42.700618743896484
2026-10-25,M023,W005,38.21300506591797
2026-10-26,M023,W005,35.06534957885742
2026-10-27,M023,W005,45.22956848144531
2026-10-28,M023,W005,45.421363830566406
2026-10-29,M023,W005,43.889488220214844
2026-10-30,M023,W005,42.73286437988281
2026-10-01,M023,W006,50.62388610839844
2026-10-02,M023,W006,49.789554595947266
2026-10-03,M023,W006,49.73246765136719
2026-10-04,M023,W006,44.59220886230469
2026-10-05,M023,W006,41.632904052734375
2026-10-06,M023,W006,53.36478805541992
2026-10-07,M023,W006,52.24272537231445
2026-10-08,M023,W006,50.47431945800781
2026-10-09,M023,W006,49.99695587158203
2026-10-10,M023,W006,49.994041442871094
2026-10-11,M023,W006,44.74647521972656
2026-10-12,M023,W006,41.9331169128418
2026-10-13,M023,W006,53.00081253051758
2026-10-14,M023,W006,51.87628936767578
2026-10-15,M023,W006,50.221160888671875
2026-10-16,M023,W006,49.76020050048828
2026-10-17,M023,W006,50.05093002319336
2026-10-18,M023,W006,44.99549865722656
2026-10-19,M023,W006,41.52537536621094
2026-10-20,M023,W006,53.43644332885742
2026-10-21,M023,W006,52.06163024902344
2026-10-22,M023,W006,50.41994094848633
2026-10-23,M023,W006,50.184547424316406
2026-10-24,M023,W006,50.20895004272461
2026-10-25,M023,W006,44.46636962890625
2026-10-26,M023,W006,41.19366455078125
2026-10-27,M023,W006,53.245643615722656
2026-10-28,M023,W006,52.248634338378906
2026-10-29,M023,W006,50.23961639404297
2026-10-30,M023,W006,50.135276794433594
2026-10-01,M024,W001,46.10137176513672
2026-10-02,M024,W001,45.26102828979492
2026-10-03,M024,W001,44.61003112792969
2026-10-04,M024,W001,39.64363098144531
2026-10-05,M024,W001,35.920936584472656
2026-10-06,M024,W001,47.42121887207031
2026-10-07,M024,W001,46.57395935058594
2026-10-08,M024,W001,46.02187728881836
2026-10-09,M024,W001,45.560794830322266
2026-10-10,M024,W001,44.877079010009766
2026-10-11,M024,W001,40.1022834777832
2026-10-12,M024,W001,36.326351165771484
2026-10-13,M024,W001,47.612464904785156
2026-10-14,M024,W001,46.60752868652344
2026-10-15,M024,W001,45.88444137573242
2026-10-16,M024,W001,44.90271759033203
2026-10-17,M024,W001,44.62230682373047
2026-10-18,M024,W001,39.615135192871094
2026-10-19,M024,W001,35.94354248046875
2026-10-20,M024,W001,47.6801643371582
2026-10-21,M024,W001,46.864315032958984
2026-10-22,M024,W001,45.670753479003906
2026-10-23,M024,W001,45.026004791259766
2026-10-24,M024,W001,44.86075210571289
2026-10-25,M024,W001,39.81715393066406
2026-10-26,M024,W001,36.26203918457031
2026-10-27,M024,W001,47.40108871459961
2026-10-28,M024,W001,46.616416931152344
2026-10-29,M024,W001,45.45654296875
2026-10-30,M024,W001,44.73719024658203
2026-10-01,M024,W002,34.635215759277344
2026-10-02,M024,W002,34.661293029785156
2026-10-03,M024,W002,33.346893310546875
2026-10-04,M024,W002,30.31238555908203
2026-10-05,M024,W002,27.17923355102539
2026-10-06,M024,W002,36.76312255859375
2026-10-07,M024,W002,35.84047317504883
2026-10-08,M024,W002,34.88338088989258
2026-10-09,M024,W002,34.63592529296875
2026-10-10,M024,W002,33.35197448730469
2026-10-11,M024,W002,30.573286056518555
2026-10-12,M024,W002,27.36420440673828
2026-10-13,M024,W002,36.79349899291992
2026-10-14,M024,W002,35.679656982421875
2026-10-15,M024,W002,34.78901672363281
2026-10-16,M024,W002,34.21501159667969
2026-10-17,M024,W002,32.7920036315918
2026-10-18,M024,W002,30.45600128173828
2026-10-19,M024,W002,27.30838966369629
2026-10-20,M024,W002,37.530670166015625
2026-10-21,M024,W002,37.005611419677734
2026-10-22,M024,W002,35.72089385986328
2026-10-23,M024,W002,35.671566009521484
2026-10-24,M024,W002,34.34575653076172
2026-10-25,M024,W002,30.833396911621094
2026-10-26,M024,W002,27.402324676513672
2026-10-27,M024,W002,36.62496566772461
2026-10-28,M024,W002,35.569942474365234
2026-10-29,M024,W002,34.24106216430664
2026-10-30,M024,W002,34.08919143676758
2026-10-01,M024,W003,43.455230712890625
2026-10-02,M024,W003,42.717979431152344
2026-10-03,M024,W003,41.921810150146484
2026-10-04,M024,W003,38.369850158691406
2026-10-05,M024,W003,34.46208953857422
2026-10-06,M024,W003,44.39314651489258
2026-10-07,M024,W003,43.80266571044922
2026-10-08,M024,W003,43.24458694458008
2026-10-09,M024,W003,42.14373779296875
2026-10-10,M024,W003,42.000274658203125
2026-10-11,M024,W003,38.517757415771484
2026-10-12,M024,W003,34.972354888916016
2026-10-13,M024,W003,45.12744903564453
2026-10-14,M024,W003,44.22277069091797
2026-10-15,M024,W003,43.399044036865234
2026-10-16,M024,W003,42.35099411010742
2026-10-17,M024,W003,43.001129150390625
2026-10-18,M024,W003,38.82545471191406
2026-10-19,M024,W003,34.162437438964844
2026-10-20,M024,W003,44.421810150146484
2026-10-21,M024,W003,43.39436340332031
2026-10-22,M024,W003,42.55119323730469
2026-10-23,M024,W003,41.74869155883789
2026-10-24,M024,W003,41.75048065185547
2026-10-25,M024,W003,38.35222625732422
2026-10-26,M024,W003,34.35600280761719
2026-10-27,M024,W003,44.25982666015625
2026-10-28,M024,W003,43.53828811645508
2026-10-29,M024,W003,42.537376403808594
2026-10-30,M024,W003,41.77167892456055
2026-10-01,M024,W004,40.53890609741211
2026-10-02,M024,W004,40.36492156982422
2026-10-03,M024,W004,39.598777770996094
2026-10-04,M024,W004,35.387718200683594
2026-10-05,M024,W004,32.67179870605469
2026-10-06,M024,W004,43.43435287475586
2026-10-07,M024,W004,41.95675277709961
2026-10-08,M024,W004,40.69613265991211
2026-10-09,M024,W004,40.1230354309082
2026-10-10,M024,W004,39.619110107421875
2026-10-11,M024,W004,35.78519821166992
2026-10-12,M024,W004,32.90456008911133
2026-10-13,M024,W004,43.706886291503906
2026-10-14,M024,W004,42.27217483520508
2026-10-15,M024,W004,40.92449951171875
2026-10-16,M024,W004,40.389522552490234
2026-10-17,M024,W004,39.98796463012695
2026-10-18,M024,W004,35.54433059692383
2026-10-19,M024,W004,32.915042877197266
2026-10-20,M024,W004,43.333988189697266
2026-10-21,M024,W004,41.871490478515625
2026-10-22,M024,W004,40.70594024658203
2026-10-23,M024,W004,40.29530334472656
2026-10-24,M024,W004,39.72315216064453
2026-10-25,M024,W004,35.69566345214844
2026-10-26,M024,W004,32.95348358154297
2026-10-27,M024,W004,43.08081817626953
2026-10-28,M024,W004,42.359622955322266
2026-10-29,M024,W004,40.84029006958008
2026-10-30,M024,W004,40.57003402709961
2026-10-01,M024,W005,35.911354064941406
2026-10-02,M024,W005,35.10254669189453
2026-10-03,M024,W005,34.47816467285156
2026-10-04,M024,W005,31.270713806152344
2026-10-05,M024,W005,28.851905822753906
2026-10-06,M024,W005,37.36616134643555
2026-10-07,M024,W005,36.669124603271484
2026-10-08,M024,W005,35.65945053100586
2026-10-09,M024,W005,34.68303298950195
2026-10-10,M024,W005,34.1887092590332
2026-10-11,M024,W005,30.984073638916016
2026-10-12,M024,W005,28.643840789794922
2026-10-13,M024,W005,37.22322082519531
2026-10-14,M024,W005,36.49868392944336
2026-10-15,M024,W005,35.49580001831055
2026-10-16,M024,W005,34.629913330078125
2026-10-17,M024,W005,34.45658874511719
2026-10-18,M024,W005,31.07342529296875
2026-10-19,M024,W005,28.70872688293457
2026-10-20,M024,W005,37.20510482788086
2026-10-21,M024,W005,36.47785949707031
2026-10-22,M024,W005,35.5786018371582
2026-10-23,M024,W005,34.71592712402344
2026-10-24,M024,W005,34.215087890625
2026-10-25,M024,W005,31.05605125427246
2026-10-26,M024,W005,28.58124542236328
2026-10-27,M024,W005,37.42007064819336
2026-10-28,M024,W005,36.909305572509766
2026-10-29,M024,W005,35.63344192504883
2026-10-30,M024,W005,34.70357894897461
2026-10-01,M024,W006,38.61617660522461
2026-10-02,M024,W006,37.833282470703125
2026-10-03,M024,W006,37.875423431396484
2026-10-04,M024,W006,34.301841735839844
2026-10-05,M024,W006,30.811687469482422
2026-10-06,M024,W006,41.04197311401367
2026-10-07,M024,W006,40.130226135253906
2026-10-08,M024,W006,38.384368896484375
2026-10-09,M024,W006,37.583465576171875
2026-10-10,M024,W006,37.77448272705078
2026-10-11,M024,W006,34.094017028808594
2026-10-12,M024,W006,30.891464233398438
2026-10-13,M024,W006,41.22344970703125
2026-10-14,M024,W006,40.194034576416016
2026-10-15,M024,W006,38.46708679199219
2026-10-16,M024,W006,37.79192352294922
2026-10-17,M024,W006,38.39836883544922
2026-10-18,M024,W006,34.1610107421875
2026-10-19,M024,W006,30.489845275878906
2026-10-20,M024,W006,40.916725158691406
2026-10-21,M024,W006,40.16543197631836
2026-10-22,M024,W006,38.45633316040039
2026-10-23,M024,W006,37.873435974121094
2026-10-24,M024,W006,38.09556579589844
2026-10-25,M024,W006,34.03345489501953
2026-10-26,M024,W006,30.652620315551758
2026-10-27,M024,W006,40.88357162475586
2026-10-28,M024,W006,40.16702651977539
2026-10-29,M024,W006,38.50706100463867
2026-10-30,M024,W006,37.62626266479492
2026-10-01,M025,W001,53.02959060668945
2026-10-02,M025,W001,52.10063934326172
2026-10-03,M025,W001,51.723751068115234
2026-10-04,M025,W001,46.1596565246582
2026-10-05,M025,W001,41.98069381713867
2026-10-06,M025,W001,54.16416931152344
2026-10-07,M025,W001,52.673492431640625
2026-10-08,M025,W001,52.00843048095703
2026-10-09,M025,W001,51.677425384521484
2026-10-10,M025,W001,51.4611930847168
2026-10-11,M025,W001,45.71892547607422
2026-10-12,M025,W001,41.59811019897461
2026-10-13,M025,W001,53.85763931274414
2026-10-14,M025,W001,52.088134765625
2026-10-15,M025,W001,51.372188568115234
2026-10-16,M025,W001,51.00918960571289
2026-10-17,M025,W001,51.48114776611328
2026-10-18,M025,W001,45.46096420288086
2026-10-19,M025,W001,41.33750915527344
2026-10-20,M025,W001,53.61583709716797
2026-10-21,M025,W001,52.349788665771484
2026-10-22,M025,W001,51.765602111816406
2026-10-23,M025,W001,51.03866195678711
2026-10-24,M025,W001,51.51607131958008
2026-10-25,M025,W001,45.0495491027832
2026-10-26,M025,W001,41.22621536254883
2026-10-27,M025,W001,53.304351806640625
2026-10-28,M025,W001,52.11362075805664
2026-10-29,M025,W001,51.59760665893555
2026-10-30,M025,W001,51.27433776855469
2026-10-01,M025,W002,54.28847885131836
2026-10-02,M025,W002,51.999515533447266
2026-10-03,M025,W002,50.13923263549805
2026-10-04,M025,W002,45.30342483520508
2026-10-05,M025,W002,41.906185150146484
2026-10-06,M025,W002,54.923866271972656
2026-10-07,M025,W002,53.873077392578125
2026-10-08,M025,W002,52.529388427734375
2026-10-09,M025,W002,50.790985107421875
2026-10-10,M025,W002,49.75454330444336
2026-10-11,M025,W002,44.99866485595703
2026-10-12,M025,W002,41.385047912597656
2026-10-13,M025,W002,54.41826629638672
2026-10-14,M025,W002,53.707069396972656
2026-10-15,M025,W002,52.279640197753906
2026-10-16,M025,W002,50.17722702026367
2026-10-17,M025,W002,50.051387786865234
2026-10-18,M025,W002,45.12342834472656
2026-10-19,M025,W002,41.457984924316406
2026-10-20,M025,W002,54.374359130859375
2026-10-21,M025,W002,52.9847297668457
2026-10-22,M025,W002,51.566551208496094
2026-10-23,M025,W002,49.86970138549805
2026-10-24,M025,W002,49.171546936035156
2026-10-25,M025,W002,44.56678009033203
2026-10-26,M025,W002,41.238582611083984
2026-10-27,M025,W002,54.10995101928711
2026-10-28,M025,W002,53.25736618041992
2026-10-29,M025,W002,52.205204010009766
2026-10-30,M025,W002,50.426536560058594
2026-10-01,M025,W003,55.570152282714844
2026-10-02,M025,W003,55.42255401611328
2026-10-03,M025,W003,54.348880767822266
2026-10-04,M025,W003,49.05443572998047
2026-10-05,M025,W003,44.6160888671875
2026-10-06,M025,W003,57.64387893676758
2026-10-07,M025,W003,56.18788146972656
2026-10-08,M025,W003,56.25800323486328
2026-10-09,M025,W003,55.68509292602539
2026-10-10,M025,W003,55.24773025512695
2026-10-11,M025,W003,49.76620864868164
2026-10-12,M025,W003,45.25117111206055
2026-10-13,M025,W003,58.3095588684082
2026-10-14,M025,W003,56.397953033447266
2026-10-15,M025,W003,55.66368865966797
2026-10-16,M025,W003,55.016876220703125
2026-10-17,M025,W003,54.648193359375
2026-10-18,M025,W003,48.22831726074219
2026-10-19,M025,W003,44.291107177734375
2026-10-20,M025,W003,58.073936462402344
2026-10-21,M025,W003,56.37257385253906
2026-10-22,M025,W003,55.84080505371094
2026-10-23,M025,W003,55.27743148803711
2026-10-24,M025,W003,55.066566467285156
2026-10-25,M025,W003,49.096092224121094
2026-10-26,M025,W003,44.55775451660156
2026-10-27,M025,W003,57.82073974609375
2026-10-28,M025,W003,56.79096221923828
2026-10-29,M025,W003,56.00246810913086
2026-10-30,M025,W003,54.444541931152344
2026-10-01,M025,W004,63.423362731933594
2026-10-02,M025,W004,62.516719818115234
2026-10-03,M025,W004,62.35977554321289
2026-10-04,M025,W004,56.759742736816406
2026-10-05,M025,W004,50.63274383544922
2026-10-06,M025,W004,68.53334045410156
2026-10-07,M025,W004,65.11481475830078
2026-10-08,M025,W004,62.986785888671875
2026-10-09,M025,W004,62.36933898925781
2026-10-10,M025,W004,62.6901741027832
2026-10-11,M025,W004,56.09390640258789
2026-10-12,M025,W004,49.85591125488281
2026-10-13,M025,W004,68.18492889404297
2026-10-14,M025,W004,65.00154113769531
2026-10-15,M025,W004,63.43832778930664
2026-10-16,M025,W004,61.79806900024414
2026-10-17,M025,W004,62.7017936706543
2026-10-18,M025,W004,55.566688537597656
2026-10-19,M025,W004,49.84765625
2026-10-20,M025,W004,67.34654235839844
2026-10-21,M025,W004,64.48387145996094
2026-10-22,M025,W004,62.0797119140625
2026-10-23,M025,W004,61.38029861450195
2026-10-24,M025,W004,62.661468505859375
2026-10-25,M025,W004,55.65113067626953
2026-10-26,M025,W004,49.871002197265625
2026-10-27,M025,W004,68.13748168945312
2026-10-28,M025,W004,65.50963592529297
2026-10-29,M025,W004,63.47032928466797
2026-10-30,M025,W004,61.56085968017578
2026-10-01,M025,W005,45.276283264160156
2026-10-02,M025,W005,44.14925003051758
2026-10-03,M025,W005,43.784420013427734
2026-10-04,M025,W005,39.471519470214844
2026-10-05,M025,W005,35.587989807128906
2026-10-06,M025,W005,47.29624557495117
2026-10-07,M025,W005,45.7328987121582
2026-10-08,M025,W005,44.854461669921875
2026-10-09,M025,W005,44.16941452026367
2026-10-10,M025,W005,43.825931549072266
2026-10-11,M025,W005,39.36111831665039
2026-10-12,M025,W005,35.61111068725586
2026-10-13,M025,W005,47.455501556396484
2026-10-14,M025,W005,45.59832763671875
2026-10-15,M025,W005,44.92658615112305
2026-10-16,M025,W005,43.73982620239258
2026-10-17,M025,W005,43.79320526123047
2026-10-18,M025,W005,39.37330627441406
2026-10-19,M025,W005,35.5452995300293
2026-10-20,M025,W005,47.372371673583984
2026-10-21,M025,W005,45.367706298828125
2026-10-22,M025,W005,44.67609405517578
2026-10-23,M025,W005,44.204708099365234
2026-10-24,M025,W005,43.47956085205078
2026-10-25,M025,W005,39.266845703125
2026-10-26,M025,W005,35.634193420410156
2026-10-27,M025,W005,47.01350784301758
2026-10-28,M025,W005,45.452186584472656
2026-10-29,M025,W005,44.737972259521484
2026-10-30,M025,W005,43.85874557495117
2026-10-01,M025,W006,45.76482009887695
2026-10-02,M025,W006,45.21739959716797
2026-10-03,M025,W006,44.53214645385742
2026-10-04,M025,W006,39.92245864868164
2026-10-05,M025,W006,35.81712341308594
2026-10-06,M025,W006,48.14029312133789
2026-10-07,M025,W006,47.202980041503906
2026-10-08,M025,W006,45.73899459838867
2026-10-09,M025,W006,45.275535583496094
2026-10-10,M025,W006,44.538360595703125
2026-10-11,M025,W006,39.65610122680664
2026-10-12,M025,W006,35.85586166381836
2026-10-13,M025,W006,48.21917724609375
2026-10-14,M025,W006,46.77183151245117
2026-10-15,M025,W006,46.05364990234375
2026-10-16,M025,W006,45.4941291809082
2026-10-17,M025,W006,44.79856872558594
2026-10-18,M025,W006,39.88987350463867
2026-10-19,M025,W006,35.917236328125
2026-10-20,M025,W006,47.7436637878418
2026-10-21,M025,W006,46.49977111816406
2026-10-22,M025,W006,45.30454635620117
2026-10-23,M025,W006,45.16872787475586
2026-10-24,M025,W006,44.513710021972656
2026-10-25,M025,W006,39.71104049682617
2026-10-26,M025,W006,35.977169036865234
2026-10-27,M025,W006,47.778079986572266
2026-10-28,M025,W006,46.866455078125
2026-10-29,M025,W006,45.83966064453125
2026-10-30,M025,W006,45.309165954589844
2026-10-01,M026,W001,33.358802795410156
2026-10-02,M026,W001,32.83043670654297
2026-10-03,M026,W001,33.04799270629883
2026-10-04,M026,W001,29.496479034423828
2026-10-05,M026,W001,25.97673988342285
2026-10-06,M026,W001,34.66156005859375
2026-10-07,M026,W001,33.94633102416992
2026-10-08,M026,W001,33.54600143432617
2026-10-09,M026,W001,33.18767166137695
2026-10-10,M026,W001,33.03186798095703
2026-10-11,M026,W001,29.357257843017578
2026-10-12,M026,W001,26.058500289916992
2026-10-13,M026,W001,34.398231506347656
2026-10-14,M026,W001,33.49416732788086
2026-10-15,M026,W001,32.99300765991211
2026-10-16,M026,W001,32.71796798706055
2026-10-17,M026,W001,33.32994842529297
2026-10-18,M026,W001,29.48500633239746
2026-10-19,M026,W001,25.935199737548828
2026-10-20,M026,W001,34.53932189941406
2026-10-21,M026,W001,33.739540100097656
2026-10-22,M026,W001,33.03486251831055
2026-10-23,M026,W001,32.56062316894531
2026-10-24,M026,W001,33.10403823852539
2026-10-25,M026,W001,29.235309600830078
2026-10-26,M026,W001,25.998722076416016
2026-10-27,M026,W001,34.364051818847656
2026-10-28,M026,W001,33.67729568481445
2026-10-29,M026,W001,33.23176574707031
2026-10-30,M026,W001,32.83412170410156
2026-10-01,M026,W002,29.615537643432617
2026-10-02,M026,W002,29.20787811279297
2026-10-03,M026,W002,29.209745407104492
2026-10-04,M026,W002,26.428314208984375
2026-10-05,M026,W002,23.83903694152832
2026-10-06,M026,W002,31.215017318725586
2026-10-07,M026,W002,30.50409507751465
2026-10-08,M026,W002,29.718276977539062
2026-10-09,M026,W002,29.30862045288086
2026-10-10,M026,W002,29.424468994140625
2026-10-11,M026,W002,26.51134490966797
2026-10-12,M026,W002,23.99069595336914
2026-10-13,M026,W002,31.355087280273438
2026-10-14,M026,W002,30.20535659790039
2026-10-15,M026,W002,29.69679832458496
2026-10-16,M026,W002,29.219200134277344
2026-10-17,M026,W002,29.16130256652832
2026-10-18,M026,W002,26.418485641479492
2026-10-19,M026,W002,24.10810089111328
2026-10-20,M026,W002,31.341428756713867
2026-10-21,M026,W002,30.491775512695312
2026-10-22,M026,W002,29.74846076965332
2026-10-23,M026,W002,29.20779800415039
2026-10-24,M026,W002,29.383636474609375
2026-10-25,M026,W002,26.45500373840332
2026-10-26,M026,W002,24.048583984375
2026-10-27,M026,W002,31.35532569885254
2026-10-28,M026,W002,30.162357330322266
2026-10-29,M026,W002,29.720136642456055
2026-10-30,M026,W002,29.165266036987305
2026-10-01,M026,W003,35.25055694580078
2026-10-02,M026,W003,34.391841888427734
2026-10-03,M026,W003,34.36370086669922
2026-10-04,M026,W003,30.88187599182129
2026-10-05,M026,W003,28.73829460144043
2026-10-06,M026,W003,37.83566665649414
2026-10-07,M026,W003,36.433509826660156
2026-10-08,M026,W003,35.36727523803711
2026-10-09,M026,W003,34.36717224121094
2026-10-10,M026,W003,34.527099609375
2026-10-11,M026,W003,30.85780143737793
2026-10-12,M026,W003,28.7453670501709
2026-10-13,M026,W003,37.97829055786133
2026-10-14,M026,W003,36.39127731323242
2026-10-15,M026,W003,35.19559860229492
2026-10-16,M026,W003,34.46236038208008
2026-10-17,M026,W003,34.84446334838867
2026-10-18,M026,W003,31.039730072021484
2026-10-19,M026,W003,28.77808380126953
2026-10-20,M026,W003,37.75119400024414
2026-10-21,M026,W003,36.33659744262695
2026-10-22,M026,W003,35.278968811035156
2026-10-23,M026,W003,34.30768966674805
2026-10-24,M026,W003,34.5178108215332
2026-10-25,M026,W003,30.970603942871094
2026-10-26,M026,W003,28.855512619018555
2026-10-27,M026,W003,37.605812072753906
2026-10-28,M026,W003,36.16926956176758
2026-10-29,M026,W003,35.26140594482422
2026-10-30,M026,W003,34.44610595703125
2026-10-01,M026,W004,41.576698303222656
2026-10-02,M026,W004,39.8373908996582
2026-10-03,M026,W004,39.38689041137695
2026-10-04,M026,W004,35.38872146606445
2026-10-05,M026,W004,32.98005294799805
2026-10-06,M026,W004,43.4375
2026-10-07,M026,W004,42.834083557128906
2026-10-08,M026,W004,41.16749572753906
2026-10-09,M026,W004,39.54511642456055
2026-10-10,M026,W004,39.07514572143555
2026-10-11,M026,W004,35.069580078125
2026-10-12,M026,W004,33.10200500488281
2026-10-13,M026,W004,43.574363708496094
2026-10-14,M026,W004,42.729557037353516
2026-10-15,M026,W004,40.78123474121094
2026-10-16,M026,W004,39.391014099121094
2026-10-17,M026,W004,39.528228759765625
2026-10-18,M026,W004,35.174259185791016
2026-10-19,M026,W004,33.4783935546875
2026-10-20,M026,W004,44.02409744262695
2026-10-21,M026,W004,43.0373420715332
2026-10-22,M026,W004,41.01972579956055
2026-10-23,M026,W004,40.130714416503906
2026-10-24,M026,W004,39.75325012207031
2026-10-25,M026,W004,35.412410736083984
2026-10-26,M026,W004,33.760467529296875
2026-10-27,M026,W004,43.77955627441406
2026-10-28,M026,W004,43.085487365722656
2026-10-29,M026,W004,41.00101089477539
2026-10-30,M026,W004,40.0695915222168
2026-10-01,M026,W005,29.356536865234375
2026-10-02,M026,W005,29.671611785888672
2026-10-03,M026,W005,29.77066421508789
2026-10-04,M026,W005,26.596275329589844
2026-10-05,M026,W005,24.496341705322266
2026-10-06,M026,W005,31.461584091186523
2026-10-07,M026,W005,31.035539627075195
2026-10-08,M026,W005,29.741500854492188
2026-10-09,M026,W005,29.69524574279785
2026-10-10,M026,W005,29.8659610748291
2026-10-11,M026,W005,26.50204849243164
2026-10-12,M026,W005,24.237892150878906
2026-10-13,M026,W005,31.0373592376709
2026-10-14,M026,W005,30.646432876586914
2026-10-15,M026,W005,29.768239974975586
2026-10-16,M026,W005,29.990097045898438
2026-10-17,M026,W005,29.806982040405273
2026-10-18,M026,W005,26.655803680419922
2026-10-19,M026,W005,24.17180633544922
2026-10-20,M026,W005,30.8228816986084
2026-10-21,M026,W005,30.489917755126953
2026-10-22,M026,W005,29.284191131591797
2026-10-23,M026,W005,29.539615631103516
2026-10-24,M026,W005,29.471092224121094
2026-10-25,M026,W005,26.319059371948242
2026-10-26,M026,W005,24.05799102783203
2026-10-27,M026,W005,30.817766189575195
2026-10-28,M026,W005,30.88663673400879
2026-10-29,M026,W005,29.77496337890625
2026-10-30,M026,W005,29.814847946166992
2026-10-01,M026,W006,34.33034133911133
2026-10-02,M026,W006,32.51363754272461
2026-10-03,M026,W006,32.68374252319336
2026-10-04,M026,W006,28.352067947387695
2026-10-05,M026,W006,25.115734100341797
2026-10-06,M026,W006,34.29691696166992
2026-10-07,M026,W006,33.418216705322266
2026-10-08,M026,W006,32.648529052734375
2026-10-09,M026,W006,32.59930419921875
2026-10-10,M026,W006,32.65180969238281
2026-10-11,M026,W006,28.862642288208008
2026-10-12,M026,W006,25.525917053222656
2026-10-13,M026,W006,34.10816955566406
2026-10-14,M026,W006,33.37864303588867
2026-10-15,M026,W006,32.30964279174805
2026-10-16,M026,W006,31.952190399169922
2026-10-17,M026,W006,32.515968322753906
2026-10-18,M026,W006,28.726703643798828
2026-10-19,M026,W006,25.16730499267578
2026-10-20,M026,W006,33.6546745300293
2026-10-21,M026,W006,33.377769470214844
2026-10-22,M026,W006,32.34306716918945
2026-10-23,M026,W006,31.849206924438477
2026-10-24,M026,W006,32.31586456298828
2026-10-25,M026,W006,28.779619216918945
2026-10-26,M026,W006,25.317758560180664
2026-10-27,M026,W006,33.785858154296875
2026-10-28,M026,W006,33.3536376953125
2026-10-29,M026,W006,32.352420806884766
2026-10-30,M026,W006,31.663156509399414
2026-10-01,M027,W001,57.372520446777344
2026-10-02,M027,W001,56.767425537109375
2026-10-03,M027,W001,55.343353271484375
2026-10-04,M027,W001,49.894065856933594
2026-10-05,M027,W001,46.012176513671875
2026-10-06,M027,W001,59.11179733276367
2026-10-07,M027,W001,57.77265548706055
2026-10-08,M027,W001,56.684783935546875
2026-10-09,M027,W001,56.2070198059082
2026-10-10,M027,W001,55.088382720947266
2026-10-11,M027,W001,50.28732681274414
2026-10-12,M027,W001,45.92398452758789
2026-10-13,M027,W001,59.53169631958008
2026-10-14,M027,W001,57.71366500854492
2026-10-15,M027,W001,56.968502044677734
2026-10-16,M027,W001,56.1370964050293
2026-10-17,M027,W001,55.44083023071289
2026-10-18,M027,W001,50.03379821777344
2026-10-19,M027,W001,45.91193389892578
2026-10-20,M027,W001,58.87873458862305
2026-10-21,M027,W001,57.56111526489258
2026-10-22,M027,W001,56.36293411254883
2026-10-23,M027,W001,55.93109893798828
2026-10-24,M027,W001,54.83531188964844
2026-10-25,M027,W001,49.98912811279297
2026-10-26,M027,W001,45.92032241821289
2026-10-27,M027,W001,59.58381652832031
2026-10-28,M027,W001,57.2623291015625
2026-10-29,M027,W001,56.29071044921875
2026-10-30,M027,W001,55.767574310302734
2026-10-01,M027,W002,53.664615631103516
2026-10-02,M027,W002,53.45441436767578
2026-10-03,M027,W002,52.52582931518555
2026-10-04,M027,W002,47.6693115234375
2026-10-05,M027,W002,42.358131408691406
2026-10-06,M027,W002,56.903018951416016
2026-10-07,M027,W002,56.01849365234375
2026-10-08,M027,W002,54.02812576293945
2026-10-09,M027,W002,53.92853546142578
2026-10-10,M027,W002,53.19287109375
2026-10-11,M027,W002,48.14448165893555
2026-10-12,M027,W002,42.89082336425781
2026-10-13,M027,W002,57.00808334350586
2026-10-14,M027,W002,55.61477279663086
2026-10-15,M027,W002,53.608516693115234
2026-10-16,M027,W002,53.582401275634766
2026-10-17,M027,W002,53.168701171875
2026-10-18,M027,W002,47.63203048706055
2026-10-19,M027,W002,42.66043472290039
2026-10-20,M027,W002,56.69466781616211
2026-10-21,M027,W002,55.98154067993164
2026-10-22,M027,W002,53.80264663696289
2026-10-23,M027,W002,53.897193908691406
2026-10-24,M027,W002,53.457801818847656
2026-10-25,M027,W002,48.13252258300781
2026-10-26,M027,W002,42.7584342956543
2026-10-27,M027,W002,56.98086929321289
2026-10-28,M027,W002,55.924476623535156
2026-10-29,M027,W002,53.89472579956055
2026-10-30,M027,W002,53.4731330871582
2026-10-01,M027,W003,60.37453079223633
2026-10-02,M027,W003,59.212318420410156
2026-10-03,M027,W003,59.67173767089844
2026-10-04,M027,W003,52.158660888671875
2026-10-05,M027,W003,48.198692321777344
2026-10-06,M027,W003,61.70949172973633
2026-10-07,M027,W003,60.966487884521484
2026-10-08,M027,W003,59.62965393066406
2026-10-09,M027,W003,59.424652099609375
2026-10-10,M027,W003,59.883575439453125
2026-10-11,M027,W003,53.40095901489258
2026-10-12,M027,W003,49.089256286621094
2026-10-13,M027,W003,62.44728088378906
2026-10-14,M027,W003,61.56031799316406
2026-10-15,M027,W003,60.290992736816406
2026-10-16,M027,W003,59.99066162109375
2026-10-17,M027,W003,61.009559631347656
2026-10-18,M027,W003,53.630653381347656
2026-10-19,M027,W003,49.07947540283203
2026-10-20,M027,W003,62.915592193603516
2026-10-21,M027,W003,61.55253219604492
2026-10-22,M027,W003,59.87272644042969
2026-10-23,M027,W003,59.54537582397461
2026-10-24,M027,W003,59.98713302612305
2026-10-25,M027,W003,53.0462646484375
2026-10-26,M027,W003,49.310890197753906
2026-10-27,M027,W003,63.04410171508789
2026-10-28,M027,W003,61.53304672241211
2026-10-29,M027,W003,60.29911804199219
2026-10-30,M027,W003,59.5063591003418
2026-10-01,M027,W004,58.59270477294922
2026-10-02,M027,W004,57.01614761352539
2026-10-03,M027,W004,56.6016731262207
2026-10-04,M027,W004,51.20508575439453
2026-10-05,M027,W004,47.45553970336914
2026-10-06,M027,W004,61.473941802978516
2026-10-07,M027,W004,61.282188415527344
2026-10-08,M027,W004,59.293243408203125
2026-10-09,M027,W004,57.80978775024414
2026-10-10,M027,W004,56.64598846435547
2026-10-11,M027,W004,51.02812194824219
2026-10-12,M027,W004,47.4015998840332
2026-10-13,M027,W004,61.8856086730957
2026-10-14,M027,W004,61.40511703491211
2026-10-15,M027,W004,59.64276123046875
2026-10-16,M027,W004,58.00951385498047
2026-10-17,M027,W004,57.1182861328125
2026-10-18,M027,W004,51.440216064453125
2026-10-19,M027,W004,47.20136260986328
2026-10-20,M027,W004,61.614906311035156
2026-10-21,M027,W004,61.29199981689453
2026-10-22,M027,W004,59.689815521240234
2026-10-23,M027,W004,58.31998062133789
2026-10-24,M027,W004,56.92287826538086
2026-10-25,M027,W004,51.5753059387207
2026-10-26,M027,W004,47.18270492553711
2026-10-27,M027,W004,61.817317962646484
2026-10-28,M027,W004,61.444664001464844
2026-10-29,M027,W004,59.91456985473633
2026-10-30,M027,W004,58.1270866394043
2026-10-01,M027,W005,41.65250778198242
2026-10-02,M027,W005,40.944061279296875
2026-10-03,M027,W005,40.596649169921875
2026-10-04,M027,W005,37.41468811035156
2026-10-05,M027,W005,34.32516098022461
2026-10-06,M027,W005,44.73969268798828
2026-10-07,M027,W005,42.68448257446289
2026-10-08,M027,W005,41.886077880859375
2026-10-09,M027,W005,41.139251708984375
2026-10-10,M027,W005,40.49540328979492
2026-10-11,M027,W005,37.03905487060547
2026-10-12,M027,W005,34.36165237426758
2026-10-13,M027,W005,44.990028381347656
2026-10-14,M027,W005,42.80911636352539
2026-10-15,M027,W005,41.98969650268555
2026-10-16,M027,W005,41.45344161987305
2026-10-17,M027,W005,40.62934112548828
2026-10-18,M027,W005,37.25787353515625
2026-10-19,M027,W005,34.18613052368164
2026-10-20,M027,W005,44.65921401977539
2026-10-21,M027,W005,42.64691925048828
2026-10-22,M027,W005,41.723140716552734
2026-10-23,M027,W005,41.29283142089844
2026-10-24,M027,W005,40.90309143066406
2026-10-25,M027,W005,37.57052230834961
2026-10-26,M027,W005,34.35983657836914
2026-10-27,M027,W005,44.96916961669922
2026-10-28,M027,W005,42.767662048339844
2026-10-29,M027,W005,41.914405822753906
2026-10-30,M027,W005,41.337890625
2026-10-01,M027,W006,54.75551223754883
2026-10-02,M027,W006,53.79972839355469
2026-10-03,M027,W006,52.59287643432617
2026-10-04,M027,W006,46.61915969848633
2026-10-05,M027,W006,43.11673355102539
2026-10-06,M027,W006,57.11320877075195
2026-10-07,M027,W006,56.21921157836914
2026-10-08,M027,W006,54.869171142578125
2026-10-09,M027,W006,53.82637023925781
2026-10-10,M027,W006,52.86578369140625
2026-10-11,M027,W006,47.123233795166016
2026-10-12,M027,W006,43.76170349121094
2026-10-13,M027,W006,57.568660736083984
2026-10-14,M027,W006,55.98347854614258
2026-10-15,M027,W006,54.76813507080078
2026-10-16,M027,W006,53.39320755004883
2026-10-17,M027,W006,52.62212371826172
2026-10-18,M027,W006,46.43889617919922
2026-10-19,M027,W006,43.63859558105469
2026-10-20,M027,W006,57.83173370361328
2026-10-21,M027,W006,56.24203109741211
2026-10-22,M027,W006,54.64446258544922
2026-10-23,M027,W006,53.42167282104492
2026-10-24,M027,W006,52.458045959472656
2026-10-25,M027,W006,47.077354431152344
2026-10-26,M027,W006,43.938690185546875
2026-10-27,M027,W006,57.68981170654297
2026-10-28,M027,W006,55.91459655761719
2026-10-29,M027,W006,54.41515350341797
2026-10-30,M027,W006,53.350830078125
2026-10-01,M028,W001,49.367149353027344
2026-10-02,M028,W001,48.743377685546875
2026-10-03,M028,W001,48.187355041503906
2026-10-04,M028,W001,43.18836212158203
2026-10-05,M028,W001,39.16856002807617
2026-10-06,M028,W001,52.39081954956055
2026-10-07,M028,W001,50.721221923828125
2026-10-08,M028,W001,49.47867202758789
2026-10-09,M028,W001,48.86405563354492
2026-10-10,M028,W001,48.682613372802734
2026-10-11,M028,W001,43.72739028930664
2026-10-12,M028,W001,39.156890869140625
2026-10-13,M028,W001,52.962982177734375
2026-10-14,M028,W001,50.998687744140625
2026-10-15,M028,W001,49.96318817138672
2026-10-16,M028,W001,49.10673522949219
2026-10-17,M028,W001,48.51053237915039
2026-10-18,M028,W001,43.50125503540039
2026-10-19,M028,W001,39.09717559814453
2026-10-20,M028,W001,53.049560546875
2026-10-21,M028,W001,51.51155471801758
2026-10-22,M028,W001,50.18650817871094
2026-10-23,M028,W001,49.49397277832031
2026-10-24,M028,W001,48.74983215332031
2026-10-25,M028,W001,43.19009017944336
2026-10-26,M028,W001,39.207096099853516
2026-10-27,M028,W001,53.18045425415039
2026-10-28,M028,W001,51.65965270996094
2026-10-29,M028,W001,50.33870315551758
2026-10-30,M028,W001,48.79883575439453
2026-10-01,M028,W002,50.931339263916016
2026-10-02,M028,W002,49.511741638183594
2026-10-03,M028,W002,49.853553771972656
2026-10-04,M028,W002,44.861751556396484
2026-10-05,M028,W002,39.690006256103516
2026-10-06,M028,W002,52.43592071533203
2026-10-07,M028,W002,51.746978759765625
2026-10-08,M028,W002,51.410484313964844
2026-10-09,M028,W002,49.90437698364258
2026-10-10,M028,W002,50.17092514038086
2026-10-11,M028,W002,45.223697662353516
2026-10-12,M028,W002,40.26850128173828
2026-10-13,M028,W002,53.04090118408203
2026-10-14,M028,W002,51.82933044433594
2026-10-15,M028,W002,51.50145721435547
2026-10-16,M028,W002,50.35514831542969
2026-10-17,M028,W002,50.418983459472656
2026-10-18,M028,W002,45.2899169921875
2026-10-19,M028,W002,40.052825927734375
2026-10-20,M028,W002,52.996925354003906
2026-10-21,M028,W002,51.85379409790039
2026-10-22,M028,W002,51.661983489990234
2026-10-23,M028,W002,50.21757125854492
2026-10-24,M028,W002,50.307044982910156
2026-10-25,M028,W002,45.184242248535156
2026-10-26,M028,W002,40.19598388671875
2026-10-27,M028,W002,53.06361770629883
2026-10-28,M028,W002,51.613128662109375
2026-10-29,M028,W002,51.526851654052734
2026-10-30,M028,W002,50.01486587524414
2026-10-01,M028,W003,52.76978302001953
2026-10-02,M028,W003,53.1783332824707
2026-10-03,M028,W003,51.640926361083984
2026-10-04,M028,W003,45.326507568359375
2026-10-05,M028,W003,40.296287536621094
2026-10-06,M028,W003,54.968780517578125
2026-10-07,M028,W003,53.59244918823242
2026-10-08,M028,W003,52.51900100708008
2026-10-09,M028,W003,52.58243942260742
2026-10-10,M028,W003,51.5892219543457
2026-10-11,M028,W003,45.32908630371094
2026-10-12,M028,W003,40.62133026123047
2026-10-13,M028,W003,55.04665756225586
2026-10-14,M028,W003,53.8360481262207
2026-10-15,M028,W003,52.944427490234375
2026-10-16,M028,W003,52.474979400634766
2026-10-17,M028,W003,51.66154861450195
2026-10-18,M028,W003,45.4842643737793
2026-10-19,M028,W003,40.456817626953125
2026-10-20,M028,W003,55.40372085571289
2026-10-21,M028,W003,53.61695861816406
2026-10-22,M028,W003,52.62419128417969
2026-10-23,M028,W003,52.23761749267578
2026-10-24,M028,W003,51.593257904052734
2026-10-25,M028,W003,46.14966583251953
2026-10-26,M028,W003,41.19832992553711
2026-10-27,M028,W003,55.467674255371094
2026-10-28,M028,W003,53.87940979003906
2026-10-29,M028,W003,52.49894714355469
2026-10-30,M028,W003,52.283111572265625
2026-10-01,M028,W004,59.12725830078125
2026-10-02,M028,W004,58.29977798461914
2026-10-03,M028,W004,57.908592224121094
2026-10-04,M028,W004,51.147125244140625
2026-10-05,M028,W004,46.170284271240234
2026-10-06,M028,W004,61.80270004272461
2026-10-07,M028,W004,59.24982833862305
2026-10-08,M028,W004,59.105350494384766
2026-10-09,M028,W004,57.231624603271484
2026-10-10,M028,W004,57.4133415222168
2026-10-11,M028,W004,50.06064224243164
2026-10-12,M028,W004,45.600318908691406
2026-10-13,M028,W004,61.73130798339844
2026-10-14,M028,W004,58.94309616088867
2026-10-15,M028,W004,58.959228515625
2026-10-16,M028,W004,57.596168518066406
2026-10-17,M028,W004,58.0291748046875
2026-10-18,M028,W004,51.067100524902344
2026-10-19,M028,W004,46.109195709228516
2026-10-20,M028,W004,62.6868782043457
2026-10-21,M028,W004,59.91847610473633
2026-10-22,M028,W004,58.95356750488281
2026-10-23,M028,W004,57.658992767333984
2026-10-24,M028,W004,58.1722297668457
2026-10-25,M028,W004,49.92444610595703
2026-10-26,M028,W004,45.9200439453125
2026-10-27,M028,W004,62.31879425048828
2026-10-28,M028,W004,59.51547622680664
2026-10-29,M028,W004,59.75102996826172
2026-10-30,M028,W004,58.42407989501953
2026-10-01,M028,W005,45.89606475830078
2026-10-02,M028,W005,45.01736831665039
2026-10-03,M028,W005,44.870609283447266
2026-10-04,M028,W005,40.23134231567383
2026-10-05,M028,W005,36.66463088989258
2026-10-06,M028,W005,46.51606750488281
2026-10-07,M028,W005,45.591339111328125
2026-10-08,M028,W005,45.37784957885742
2026-10-09,M028,W005,44.67304611206055
2026-10-10,M028,W005,44.76261520385742
2026-10-11,M028,W005,39.917503356933594
2026-10-12,M028,W005,36.60847473144531
2026-10-13,M028,W005,46.71337127685547
2026-10-14,M028,W005,45.492069244384766
2026-10-15,M028,W005,45.259708404541016
2026-10-16,M028,W005,44.22954177856445
2026-10-17,M028,W005,45.02336883544922
2026-10-18,M028,W005,39.729801177978516
2026-10-19,M028,W005,36.44620132446289
2026-10-20,M028,W005,46.57447814941406
2026-10-21,M028,W005,45.478965759277344
2026-10-22,M028,W005,44.932010650634766
2026-10-23,M028,W005,43.922386169433594
2026-10-24,M028,W005,44.34401321411133
2026-10-25,M028,W005,39.5403938293457
2026-10-26,M028,W005,36.26582336425781
2026-10-27,M028,W005,45.98841094970703
2026-10-28,M028,W005,45.15652847290039
2026-10-29,M028,W005,44.81566619873047
2026-10-30,M028,W005,44.02236557006836
2026-10-01,M028,W006,46.80439376831055
2026-10-02,M028,W006,45.36793518066406
2026-10-03,M028,W006,44.780818939208984
2026-10-04,M028,W006,39.87883758544922
2026-10-05,M028,W006,37.00639343261719
2026-10-06,M028,W006,47.91157531738281
2026-10-07,M028,W006,47.525245666503906
2026-10-08,M028,W006,46.795921325683594
2026-10-09,M028,W006,45.33812713623047
2026-10-10,M028,W006,44.72026062011719
2026-10-11,M028,W006,39.73122024536133
2026-10-12,M028,W006,37.00053405761719
2026-10-13,M028,W006,48.72105407714844
2026-10-14,M028,W006,47.85059356689453
2026-10-15,M028,W006,46.679622650146484
2026-10-16,M028,W006,45.2764778137207
2026-10-17,M028,W006,44.616966247558594
2026-10-18,M028,W006,39.70230484008789
2026-10-19,M028,W006,37.0072135925293
2026-10-20,M028,W006,48.30528259277344
2026-10-21,M028,W006,47.71459197998047
2026-10-22,M028,W006,46.5294075012207
2026-10-23,M028,W006,44.8935661315918
2026-10-24,M028,W006,44.79849624633789
2026-10-25,M028,W006,39.540740966796875
2026-10-26,M028,W006,36.94703674316406
2026-10-27,M028,W006,48.47898483276367
2026-10-28,M028,W006,47.36035919189453
2026-10-29,M028,W006,46.06727981567383
2026-10-30,M028,W006,45.18503952026367
2026-10-01,M029,W001,47.40182876586914
2026-10-02,M029,W001,45.996761322021484
2026-10-03,M029,W001,46.30019760131836
2026-10-04,M029,W001,42.165706634521484
2026-10-05,M029,W001,38.12508010864258
2026-10-06,M029,W001,49.77827453613281
2026-10-07,M029,W001,49.11705017089844
2026-10-08,M029,W001,47.78227996826172
2026-10-09,M029,W001,46.76799011230469
2026-10-10,M029,W001,46.996177673339844
2026-10-11,M029,W001,42.1375846862793
2026-10-12,M029,W001,38.37110900878906
2026-10-13,M029,W001,49.34565734863281
2026-10-14,M029,W001,48.35541534423828
2026-10-15,M029,W001,47.31074142456055
2026-10-16,M029,W001,45.89162063598633
2026-10-17,M029,W001,46.58848190307617
2026-10-18,M029,W001,42.06551742553711
2026-10-19,M029,W001,37.96764373779297
2026-10-20,M029,W001,49.01919937133789
2026-10-21,M029,W001,48.21474075317383
2026-10-22,M029,W001,47.34111022949219
2026-10-23,M029,W001,45.84632873535156
2026-10-24,M029,W001,46.66791915893555
2026-10-25,M029,W001,41.38439178466797
2026-10-26,M029,W001,37.762046813964844
2026-10-27,M029,W001,48.9256477355957
2026-10-28,M029,W001,48.18383026123047
2026-10-29,M029,W001,47.33049774169922
2026-10-30,M029,W001,45.95309066772461
2026-10-01,M029,W002,39.500572204589844
2026-10-02,M029,W002,38.43661117553711
2026-10-03,M029,W002,37.829219818115234
2026-10-04,M029,W002,34.35268783569336
2026-10-05,M029,W002,31.52750015258789
2026-10-06,M029,W002,41.33295440673828
2026-10-07,M029,W002,40.584136962890625
2026-10-08,M029,W002,40.379295349121094
2026-10-09,M029,W002,39.260318756103516
2026-10-10,M029,W002,38.29356384277344
2026-10-11,M029,W002,34.83563995361328
2026-10-12,M029,W002,32.19844436645508
2026-10-13,M029,W002,42.07616424560547
2026-10-14,M029,W002,40.63160705566406
2026-10-15,M029,W002,40.42676544189453
2026-10-16,M029,W002,39.00551986694336
2026-10-17,M029,W002,38.18705749511719
2026-10-18,M029,W002,34.8297119140625
2026-10-19,M029,W002,32.08235549926758
2026-10-20,M029,W002,41.66558074951172
2026-10-21,M029,W002,40.6417236328125
2026-10-22,M029,W002,40.22960662841797
2026-10-23,M029,W002,39.00001907348633
2026-10-24,M029,W002,38.42427062988281
2026-10-25,M029,W002,34.79855728149414
2026-10-26,M029,W002,32.08600997924805
2026-10-27,M029,W002,41.63246154785156
2026-10-28,M029,W002,40.499549865722656
2026-10-29,M029,W002,40.22513198852539
2026-10-30,M029,W002,38.906044006347656
2026-10-01,M029,W003,45.98786544799805
2026-10-02,M029,W003,44.197235107421875
2026-10-03,M029,W003,45.09254837036133
2026-10-04,M029,W003,40.419898986816406
2026-10-05,M029,W003,37.554683685302734
2026-10-06,M029,W003,48.98059844970703
2026-10-07,M029,W003,47.52434158325195
2026-10-08,M029,W003,46.3028564453125
2026-10-09,M029,W003,44.960018157958984
2026-10-10,M029,W003,45.2428092956543
2026-10-11,M029,W003,40.39155578613281
2026-10-12,M029,W003,37.37739562988281
2026-10-13,M029,W003,49.11640930175781
2026-10-14,M029,W003,47.032264709472656
2026-10-15,M029,W003,46.20408630371094
2026-10-16,M029,W003,44.385982513427734
2026-10-17,M029,W003,44.84653091430664
2026-10-18,M029,W003,40.11647033691406
2026-10-19,M029,W003,37.14016342163086
2026-10-20,M029,W003,48.93194580078125
2026-10-21,M029,W003,47.841156005859375
2026-10-22,M029,W003,46.025543212890625
2026-10-23,M029,W003,44.959171295166016
2026-10-24,M029,W003,45.017513275146484
2026-10-25,M029,W003,40.628211975097656
2026-10-26,M029,W003,37.6245231628418
2026-10-27,M029,W003,49.12055206298828
2026-10-28,M029,W003,47.32762145996094
2026-10-29,M029,W003,46.20689010620117
2026-10-30,M029,W003,44.90262985229492
2026-10-01,M029,W004,51.880615234375
2026-10-02,M029,W004,49.81947708129883
2026-10-03,M029,W004,50.02962875366211
2026-10-04,M029,W004,45.15634536743164
2026-10-05,M029,W004,40.905696868896484
2026-10-06,M029,W004,55.36974334716797
2026-10-07,M029,W004,54.10504150390625
2026-10-08,M029,W004,54.052120208740234
2026-10-09,M029,W004,52.257530212402344
2026-10-10,M029,W004,52.018367767333984
2026-10-11,M029,W004,45.89983367919922
2026-10-12,M029,W004,40.50834655761719
2026-10-13,M029,W004,54.13268280029297
2026-10-14,M029,W004,52.15139389038086
2026-10-15,M029,W004,51.65550231933594
2026-10-16,M029,W004,50.484336853027344
2026-10-17,M029,W004,50.66408157348633
2026-10-18,M029,W004,45.70468521118164
2026-10-19,M029,W004,40.95516586303711
2026-10-20,M029,W004,55.615638732910156
2026-10-21,M029,W004,54.203697204589844
2026-10-22,M029,W004,52.85478591918945
2026-10-23,M029,W004,51.466644287109375
2026-10-24,M029,W004,50.95125198364258
2026-10-25,M029,W004,45.26008605957031
2026-10-26,M029,W004,40.07672119140625
2026-10-27,M029,W004,53.49600601196289
2026-10-28,M029,W004,52.907859802246094
2026-10-29,M029,W004,52.04030990600586
2026-10-30,M029,W004,51.27914810180664
2026-10-01,M029,W005,36.927764892578125
2026-10-02,M029,W005,35.427490234375
2026-10-03,M029,W005,36.039390563964844
2026-10-04,M029,W005,32.05849075317383
2026-10-05,M029,W005,28.921918869018555
2026-10-06,M029,W005,38.439762115478516
2026-10-07,M029,W005,37.07114028930664
2026-10-08,M029,W005,36.16136932373047
2026-10-09,M029,W005,35.47475051879883
2026-10-10,M029,W005,35.65938949584961
2026-10-11,M029,W005,31.80404281616211
2026-10-12,M029,W005,28.935752868652344
2026-10-13,M029,W005,38.19210433959961
2026-10-14,M029,W005,36.629661560058594
2026-10-15,M029,W005,36.05778503417969
2026-10-16,M029,W005,35.35519027709961
2026-10-17,M029,W005,36.00795364379883
2026-10-18,M029,W005,31.913898468017578
2026-10-19,M029,W005,28.850765228271484
2026-10-20,M029,W005,38.02744674682617
2026-10-21,M029,W005,37.01118469238281
2026-10-22,M029,W005,35.970367431640625
2026-10-23,M029,W005,35.54365539550781
2026-10-24,M029,W005,35.613338470458984
2026-10-25,M029,W005,31.835298538208008
2026-10-26,M029,W005,28.864347457885742
2026-10-27,M029,W005,37.921539306640625
2026-10-28,M029,W005,36.77578353881836
2026-10-29,M029,W005,36.02885055541992
2026-10-30,M029,W005,35.28561782836914
2026-10-01,M029,W006,34.94235610961914
2026-10-02,M029,W006,34.905277252197266
2026-10-03,M029,W006,34.78864669799805
2026-10-04,M029,W006,31.89012336730957
2026-10-05,M029,W006,28.800018310546875
2026-10-06,M029,W006,37.77332305908203
2026-10-07,M029,W006,36.55393600463867
2026-10-08,M029,W006,36.33104705810547
2026-10-09,M029,W006,35.975486755371094
2026-10-10,M029,W006,35.52610397338867
2026-10-11,M029,W006,31.783111572265625
2026-10-12,M029,W006,28.78969383239746
2026-10-13,M029,W006,37.715824127197266
2026-10-14,M029,W006,35.906898498535156
2026-10-15,M029,W006,35.53438949584961
2026-10-16,M029,W006,35.343353271484375
2026-10-17,M029,W006,34.92469787597656
2026-10-18,M029,W006,31.871604919433594
2026-10-19,M029,W006,28.688858032226562
2026-10-20,M029,W006,37.9666633605957
2026-10-21,M029,W006,36.13473892211914
2026-10-22,M029,W006,35.819854736328125
2026-10-23,M029,W006,35.35344314575195
2026-10-24,M029,W006,34.90211868286133
2026-10-25,M029,W006,31.752092361450195
2026-10-26,M029,W006,28.852020263671875
2026-10-27,M029,W006,37.86857223510742
2026-10-28,M029,W006,35.771183013916016
2026-10-29,M029,W006,35.64613342285156
2026-10-30,M029,W006,35.24227523803711
2026-10-01,M030,W001,33.249271392822266
2026-10-02,M030,W001,32.56824493408203
2026-10-03,M030,W001,32.48808288574219
2026-10-04,M030,W001,28.933334350585938
2026-10-05,M030,W001,25.966583251953125
2026-10-06,M030,W001,34.38252258300781
2026-10-07,M030,W001,33.89494705200195
2026-10-08,M030,W001,32.65569305419922
2026-10-09,M030,W001,32.25557327270508
2026-10-10,M030,W001,32.139739990234375
2026-10-11,M030,W001,28.733478546142578
2026-10-12,M030,W001,25.937713623046875
2026-10-13,M030,W001,34.44951629638672
2026-10-14,M030,W001,33.88326644897461
2026-10-15,M030,W001,32.808902740478516
2026-10-16,M030,W001,32.17580032348633
2026-10-17,M030,W001,32.16604232788086
2026-10-18,M030,W001,28.761045455932617
2026-10-19,M030,W001,25.523895263671875
2026-10-20,M030,W001,34.38249969482422
2026-10-21,M030,W001,33.80613327026367
2026-10-22,M030,W001,32.58629608154297
2026-10-23,M030,W001,32.155269622802734
2026-10-24,M030,W001,32.068580627441406
2026-10-25,M030,W001,28.921932220458984
2026-10-26,M030,W001,25.814043045043945
2026-10-27,M030,W001,34.291709899902344
2026-10-28,M030,W001,33.65354919433594
2026-10-29,M030,W001,32.583927154541016
2026-10-30,M030,W001,31.982929229736328
2026-10-01,M030,W002,28.436437606811523
2026-10-02,M030,W002,28.099260330200195
2026-10-03,M030,W002,27.203250885009766
2026-10-04,M030,W002,25.10919952392578
2026-10-05,M030,W002,22.766233444213867
2026-10-06,M030,W002,30.628353118896484
2026-10-07,M030,W002,29.462127685546875
2026-10-08,M030,W002,28.714733123779297
2026-10-09,M030,W002,28.132410049438477
2026-10-10,M030,W002,27.29174041748047
2026-10-11,M030,W002,25.01307487487793
2026-10-12,M030,W002,22.908679962158203
2026-10-13,M030,W002,30.595897674560547
2026-10-14,M030,W002,29.308107376098633
2026-10-15,M030,W002,28.52777671813965
2026-10-16,M030,W002,28.080045700073242
2026-10-17,M030,W002,27.296464920043945
2026-10-18,M030,W002,25.161792755126953
2026-10-19,M030,W002,22.731382369995117
2026-10-20,M030,W002,30.725847244262695
2026-10-21,M030,W002,29.436521530151367
2026-10-22,M030,W002,28.35277557373047
2026-10-23,M030,W002,27.816205978393555
2026-10-24,M030,W002,27.251924514770508
2026-10-25,M030,W002,24.98073959350586
2026-10-26,M030,W002,22.79779815673828
2026-10-27,M030,W002,30.525239944458008
2026-10-28,M030,W002,29.149131774902344
2026-10-29,M030,W002,28.33829116821289
2026-10-30,M030,W002,27.69970703125
2026-10-01,M030,W003,29.474653244018555
2026-10-02,M030,W003,28.957536697387695
2026-10-03,M030,W003,28.44516372680664
2026-10-04,M030,W003,25.975910186767578
2026-10-05,M030,W003,23.991985321044922
2026-10-06,M030,W003,31.774635314941406
2026-10-07,M030,W003,30.5443058013916
2026-10-08,M030,W003,29.259727478027344
2026-10-09,M030,W003,28.859663009643555
2026-10-10,M030,W003,28.582746505737305
2026-10-11,M030,W003,25.840410232543945
2026-10-12,M030,W003,24.026611328125
2026-10-13,M030,W003,31.558650970458984
2026-10-14,M030,W003,30.49656105041504
2026-10-15,M030,W003,29.169578552246094
2026-10-16,M030,W003,28.606014251708984
2026-10-17,M030,W003,28.616931915283203
2026-10-18,M030,W003,26.034692764282227
2026-10-19,M030,W003,24.090133666992188
2026-10-20,M030,W003,31.847591400146484
2026-10-21,M030,W003,30.502378463745117
2026-10-22,M030,W003,29.209644317626953
2026-10-23,M030,W003,28.61587142944336
2026-10-24,M030,W003,28.636693954467773
2026-10-25,M030,W003,26.007646560668945
2026-10-26,M030,W003,24.06747055053711
2026-10-27,M030,W003,31.530364990234375
2026-10-28,M030,W003,30.494258880615234
2026-10-29,M030,W003,29.32119369506836
2026-10-30,M030,W003,28.733606338500977
2026-10-01,M030,W004,36.57661056518555
2026-10-02,M030,W004,35.14021301269531
2026-10-03,M030,W004,35.05952072143555
2026-10-04,M030,W004,31.012374877929688
2026-10-05,M030,W004,28.410348892211914
2026-10-06,M030,W004,37.42599868774414
2026-10-07,M030,W004,36.21412658691406
2026-10-08,M030,W004,36.256717681884766
2026-10-09,M030,W004,35.30006790161133
2026-10-10,M030,W004,35.16193389892578
2026-10-11,M030,W004,31.416255950927734
2026-10-12,M030,W004,28.524076461791992
2026-10-13,M030,W004,37.44316101074219
2026-10-14,M030,W004,36.154605865478516
2026-10-15,M030,W004,36.128353118896484
2026-10-16,M030,W004,35.02652359008789
2026-10-17,M030,W004,35.13236999511719
2026-10-18,M030,W004,31.27933120727539
2026-10-19,M030,W004,28.38423728942871
2026-10-20,M030,W004,37.24862289428711
2026-10-21,M030,W004,36.48214340209961
2026-10-22,M030,W004,36.099063873291016
2026-10-23,M030,W004,35.11209487915039
2026-10-24,M030,W004,35.46580123901367
2026-10-25,M030,W004,31.64560317993164
2026-10-26,M030,W004,28.704687118530273
2026-10-27,M030,W004,37.394466400146484
2026-10-28,M030,W004,36.48259353637695
2026-10-29,M030,W004,36.236167907714844
2026-10-30,M030,W004,35.04020309448242
2026-10-01,M030,W005,23.930320739746094
2026-10-02,M030,W005,23.59276008605957
2026-10-03,M030,W005,23.23235511779785
2026-10-04,M030,W005,20.963171005249023
2026-10-05,M030,W005,18.672183990478516
2026-10-06,M030,W005,24.686174392700195
2026-10-07,M030,W005,23.816848754882812
2026-10-08,M030,W005,23.753799438476562
2026-10-09,M030,W005,23.5078067779541
2026-10-10,M030,W005,23.36063575744629
2026-10-11,M030,W005,21.13748550415039
2026-10-12,M030,W005,18.880163192749023
2026-10-13,M030,W005,24.930055618286133
2026-10-14,M030,W005,23.877151489257812
2026-10-15,M030,W005,23.938215255737305
2026-10-16,M030,W005,23.549699783325195
2026-10-17,M030,W005,23.355484008789062
2026-10-18,M030,W005,21.13323974609375
2026-10-19,M030,W005,18.675411224365234
2026-10-20,M030,W005,24.84840965270996
2026-10-21,M030,W005,24.09501838684082
2026-10-22,M030,W005,23.76688003540039
2026-10-23,M030,W005,23.510156631469727
2026-10-24,M030,W005,23.338808059692383
2026-10-25,M030,W005,21.161962509155273
2026-10-26,M030,W005,18.887475967407227
2026-10-27,M030,W005,24.76750373840332
2026-10-28,M030,W005,24.08004379272461
2026-10-29,M030,W005,23.949159622192383
2026-10-30,M030,W005,23.267414093017578
2026-10-01,M030,W006,25.9216251373291
2026-10-02,M030,W006,25.134872436523438
2026-10-03,M030,W006,25.168916702270508
2026-10-04,M030,W006,22.742019653320312
2026-10-05,M030,W006,20.437410354614258
2026-10-06,M030,W006,26.946674346923828
2026-10-07,M030,W006,26.079753875732422
2026-10-08,M030,W006,25.493698120117188
2026-10-09,M030,W006,25.07568359375
2026-10-10,M030,W006,24.871431350708008
2026-10-11,M030,W006,22.514009475708008
2026-10-12,M030,W006,20.232166290283203
2026-10-13,M030,W006,26.910879135131836
2026-10-14,M030,W006,25.96999168395996
2026-10-15,M030,W006,25.29196548461914
2026-10-16,M030,W006,24.890533447265625
2026-10-17,M030,W006,24.982324600219727
2026-10-18,M030,W006,22.560962677001953
2026-10-19,M030,W006,20.102218627929688
2026-10-20,M030,W006,26.88710594177246
2026-10-21,M030,W006,26.109106063842773
2026-10-22,M030,W006,25.416269302368164
2026-10-23,M030,W006,24.85984230041504
2026-10-24,M030,W006,24.9752140045166
2026-10-25,M030,W006,22.625654220581055
2026-10-26,M030,W006,20.17217254638672
2026-10-27,M030,W006,26.808345794677734
2026-10-28,M030,W006,25.98912811279297
2026-10-29,M030,W006,25.465898513793945
2026-10-30,M030,W006,24.86149787902832
